bank_id,loan_default_ratio,liquidity_ratio,withdrawal_rate,investment_risk_score,fraud_alerts_count,capital_adequacy_ratio,customer_sentiment_score,bank_failure_risk_flag
1,0.14,0.17,74.84,7,3,5.39,9,1
2,0.33,0.18,26.95,98,14,9.83,3,1
3,0.26,0.69,65.76,68,17,7.87,2,1
4,0.21,0.54,70.22,87,6,10.86,7,1
5,0.06,0.81,35.17,84,15,8.63,7,0
6,0.06,0.92,48.02,22,2,17.51,3,0
7,0.03,0.45,40.97,29,11,15.47,2,0
8,0.3,0.64,94.79,3,6,16.1,2,1
9,0.21,0.55,32.67,22,8,10.41,3,1
10,0.25,0.98,19.15,84,9,5.05,8,1
11,0.02,0.85,37.19,89,0,8.29,8,0
12,0.34,0.92,67.28,98,11,16.33,1,1
13,0.29,0.33,70.04,53,17,14.04,9,1
14,0.08,0.8,92.48,93,0,13.08,5,1
15,0.07,0.34,88.29,57,17,9.21,5,1
16,0.07,0.29,29.54,10,6,6.14,2,1
17,0.11,0.95,46.06,40,16,16.77,5,0
18,0.19,0.12,74.98,20,12,5.58,6,1
19,0.16,0.97,91.74,87,9,5.89,7,1
20,0.11,0.23,34.38,11,13,9.42,1,1
21,0.22,0.84,45.0,8,0,13.59,3,1
22,0.06,0.35,90.05,93,5,19.88,4,1
23,0.11,0.42,36.49,36,3,6.36,7,1
24,0.13,0.3,48.57,25,18,12.1,8,0
25,0.17,0.63,90.55,39,14,14.03,5,1
26,0.28,0.41,80.42,98,18,17.35,7,1
27,0.08,0.69,25.1,96,11,15.34,2,0
28,0.18,0.11,33.15,62,13,17.12,8,1
29,0.21,0.16,35.94,87,2,12.84,2,1
30,0.03,0.19,91.36,21,3,11.51,3,1
31,0.22,0.48,99.89,19,2,14.28,3,1
32,0.07,0.83,77.63,25,11,18.51,6,1
33,0.03,0.9,48.95,87,8,13.26,6,0
34,0.33,0.32,2.01,83,18,14.08,1,1
35,0.34,0.62,70.05,5,15,10.07,2,1
36,0.28,0.79,39.55,83,0,13.94,5,1
37,0.11,0.36,63.67,99,13,14.42,9,1
38,0.04,0.47,61.06,12,12,16.3,6,1
39,0.24,0.57,48.6,25,11,13.58,6,1
40,0.16,0.22,94.49,5,4,7.96,1,1
41,0.05,0.12,3.29,76,19,13.73,8,1
42,0.18,0.24,71.5,27,2,9.47,9,1
43,0.02,0.66,41.57,4,1,6.31,5,1
44,0.32,0.17,71.67,83,10,17.38,3,1
45,0.1,0.27,67.85,45,19,5.99,5,1
46,0.24,0.4,2.01,47,1,14.48,5,1
47,0.12,0.17,29.25,88,15,19.83,1,1
48,0.19,0.27,19.72,28,7,6.31,9,1
49,0.2,0.92,17.53,97,2,8.3,2,0
50,0.07,0.12,73.12,35,3,16.41,5,1
51,0.34,0.69,24.72,16,3,6.45,1,1
52,0.27,0.45,48.0,12,7,17.49,7,1
53,0.33,0.71,25.45,80,5,5.0,7,1
54,0.31,0.63,58.44,75,13,18.35,5,1
55,0.21,0.3,72.34,43,14,6.0,2,1
56,0.32,0.86,33.78,28,16,18.83,8,1
57,0.04,0.54,60.7,87,4,17.97,3,1
58,0.08,0.84,82.66,81,0,13.09,5,1
59,0.03,0.47,10.33,19,11,16.67,6,0
60,0.12,0.99,71.36,75,18,6.12,6,1
61,0.14,0.79,32.99,68,11,7.03,8,1
62,0.1,0.97,13.14,74,10,10.54,1,0
63,0.29,0.56,55.02,55,8,13.06,5,1
64,0.13,0.53,23.4,83,18,18.02,7,0
65,0.11,0.78,82.31,36,3,13.14,5,1
66,0.19,0.89,5.25,62,12,14.98,8,0
67,0.06,0.97,10.77,39,9,15.2,2,0
68,0.28,0.39,52.58,41,0,18.16,5,1
69,0.04,0.82,59.31,60,9,16.65,4,0
70,0.35,0.29,73.26,86,17,19.66,3,1
71,0.27,0.59,26.67,66,12,5.3,2,1
72,0.08,0.26,84.33,59,6,8.12,8,1
73,0.01,0.41,95.36,97,7,18.96,4,1
74,0.29,0.94,50.4,40,16,16.88,4,1
75,0.25,0.23,76.29,91,0,9.01,4,1
76,0.26,0.67,52.96,19,15,19.61,9,1
77,0.27,0.63,7.88,55,19,18.05,7,1
78,0.04,0.21,33.29,46,3,5.97,3,1
79,0.13,0.39,9.66,4,16,17.17,5,0
80,0.05,0.61,98.9,83,12,16.77,4,1
81,0.3,0.27,23.67,62,9,8.32,1,1
82,0.22,0.82,63.95,25,8,15.04,4,1
83,0.12,0.97,29.15,63,13,19.55,7,0
84,0.03,0.29,65.67,70,16,15.14,5,1
85,0.12,0.27,21.83,13,2,17.21,6,1
86,0.12,0.51,78.74,86,0,6.49,6,1
87,0.26,0.77,11.97,4,0,15.91,7,1
88,0.23,0.35,89.62,2,19,8.07,1,1
89,0.31,0.12,84.2,67,1,6.08,6,1
90,0.17,0.59,68.2,30,15,13.28,9,1
91,0.05,0.96,7.67,4,8,16.26,5,0
92,0.25,0.45,21.65,48,13,13.2,7,1
93,0.27,0.48,86.08,43,0,18.97,3,1
94,0.2,0.97,13.08,93,2,15.43,4,0
95,0.27,0.73,16.44,45,17,6.76,4,1
96,0.18,0.75,54.86,97,0,19.02,6,0
97,0.19,0.61,28.14,13,10,7.29,3,1
98,0.16,0.98,22.99,47,4,16.37,3,0
99,0.02,0.72,58.01,96,10,7.23,5,1
100,0.05,0.91,37.89,28,5,19.98,2,0
101,0.02,0.73,14.92,37,6,9.98,1,0
102,0.23,0.76,53.95,28,12,12.44,2,1
103,0.12,0.36,39.31,27,15,12.0,9,0
104,0.18,0.37,73.72,89,2,6.53,3,1
105,0.32,0.8,11.17,30,14,12.41,3,1
106,0.09,0.37,62.44,6,7,7.24,1,1
107,0.15,0.61,44.21,94,19,17.03,2,0
108,0.27,0.32,41.2,9,15,19.37,6,1
109,0.09,0.84,24.0,6,16,17.12,2,0
110,0.04,0.2,4.01,29,12,11.47,8,1
111,0.11,0.85,84.92,87,2,5.04,6,1
112,0.06,0.64,33.31,70,2,5.55,2,1
113,0.33,0.27,68.43,86,12,12.43,6,1
114,0.28,0.59,94.81,66,16,15.19,2,1
115,0.23,0.35,56.93,95,13,17.29,1,1
116,0.31,0.39,40.32,53,4,13.99,5,1
117,0.28,0.42,27.56,70,11,19.67,5,1
118,0.07,0.16,93.47,5,15,12.41,8,1
119,0.31,0.99,68.53,20,5,14.0,4,1
120,0.19,0.13,66.86,12,8,8.45,2,1
121,0.28,0.7,43.19,8,15,10.09,7,1
122,0.31,0.43,84.66,58,3,15.25,3,1
123,0.12,0.68,71.65,49,5,14.02,3,1
124,0.05,0.42,29.04,64,18,10.54,8,0
125,0.09,0.71,60.36,50,0,6.68,3,1
126,0.16,0.76,43.59,97,7,10.14,2,0
127,0.29,0.72,1.65,39,5,5.66,9,1
128,0.3,0.2,80.95,40,2,13.71,8,1
129,0.01,0.69,13.16,31,13,9.85,2,0
130,0.18,0.35,51.49,3,1,10.7,8,0
131,0.15,0.13,34.29,83,15,13.63,5,1
132,0.09,0.47,34.87,72,12,13.72,4,0
133,0.05,0.49,48.26,30,15,13.83,5,0
134,0.12,0.52,99.71,95,10,12.37,5,1
135,0.33,0.73,41.43,29,10,12.32,1,1
136,0.12,0.38,19.05,70,15,17.32,5,0
137,0.19,0.38,61.75,56,9,12.01,7,1
138,0.25,0.15,24.39,66,16,13.04,8,1
139,0.13,0.72,11.45,87,11,19.82,8,0
140,0.34,0.61,5.97,63,4,7.72,2,1
141,0.34,0.41,3.27,30,11,15.9,1,1
142,0.1,0.73,43.69,53,2,12.1,4,0
143,0.18,0.58,43.25,46,18,17.46,3,0
144,0.11,0.52,19.37,9,9,11.06,8,0
145,0.11,0.56,78.62,7,15,9.54,6,1
146,0.02,0.67,13.8,63,18,8.12,5,0
147,0.22,0.69,91.62,47,10,18.08,9,1
148,0.18,0.36,59.17,44,15,15.77,6,0
149,0.03,0.23,3.73,49,9,6.15,6,1
150,0.1,0.24,96.33,79,14,15.7,1,1
151,0.32,0.68,31.49,79,2,5.53,9,1
152,0.09,0.89,45.55,85,9,7.72,2,1
153,0.06,0.47,29.14,62,11,13.89,1,0
154,0.18,0.25,73.11,59,8,11.95,7,1
155,0.35,0.78,49.08,78,18,17.61,5,1
156,0.09,0.85,14.1,75,0,14.12,6,0
157,0.24,0.89,11.32,75,12,19.47,4,1
158,0.27,0.65,72.81,84,6,17.83,8,1
159,0.09,0.87,24.47,13,19,10.1,7,0
160,0.26,0.11,14.64,30,6,17.51,1,1
161,0.14,0.2,50.44,84,5,18.05,6,1
162,0.22,0.18,80.47,43,11,19.55,3,1
163,0.23,0.74,28.6,51,3,5.19,8,1
164,0.19,0.16,28.37,8,19,18.12,6,1
165,0.04,0.55,83.55,37,9,6.05,6,1
166,0.29,0.53,15.64,97,18,12.92,5,1
167,0.12,0.38,62.06,90,1,11.22,8,1
168,0.07,0.88,95.55,64,3,18.8,6,1
169,0.02,0.25,84.29,39,14,11.08,7,1
170,0.21,0.42,7.12,8,5,13.94,9,1
171,0.24,0.8,32.67,62,0,15.38,6,1
172,0.02,0.13,15.1,82,17,5.29,6,1
173,0.18,0.71,94.97,39,7,13.86,9,1
174,0.09,0.83,98.61,14,12,12.77,6,1
175,0.23,0.94,24.26,52,18,13.91,7,1
176,0.07,0.89,67.3,82,15,6.14,4,1
177,0.24,0.39,84.32,57,0,5.83,5,1
178,0.14,0.63,24.13,21,1,7.66,8,1
179,0.33,0.17,19.58,23,18,18.04,5,1
180,0.06,0.33,2.11,4,13,10.35,4,0
181,0.13,0.18,41.78,74,14,11.51,8,1
182,0.05,0.38,90.04,43,1,10.85,5,1
183,0.32,0.89,90.39,11,12,15.72,2,1
184,0.31,0.41,13.65,84,19,8.89,8,1
185,0.1,0.61,21.23,19,19,6.03,8,1
186,0.23,0.49,41.4,65,10,10.67,7,1
187,0.29,0.51,78.28,95,9,15.92,9,1
188,0.2,0.97,61.57,2,1,18.72,9,1
189,0.19,0.37,51.87,49,16,5.76,4,1
190,0.09,0.66,59.6,69,2,17.16,7,0
191,0.04,0.48,10.52,34,3,5.99,1,1
192,0.32,0.16,48.29,4,4,9.96,1,1
193,0.32,0.54,99.21,91,1,5.33,3,1
194,0.23,0.83,9.76,39,3,18.67,6,1
195,0.13,0.19,52.41,49,11,15.6,8,1
196,0.13,0.16,30.27,3,5,10.54,5,1
197,0.26,0.24,54.45,26,19,10.66,3,1
198,0.32,0.79,57.81,41,14,14.6,2,1
199,0.31,0.75,58.17,65,6,6.34,8,1
200,0.28,0.61,85.37,16,5,7.18,9,1
201,0.23,0.52,39.58,58,13,17.71,7,1
202,0.04,0.9,52.12,35,17,8.03,6,0
203,0.06,0.79,2.08,83,6,15.9,2,0
204,0.32,0.83,79.17,16,5,8.39,2,1
205,0.22,0.83,26.69,33,5,6.32,6,1
206,0.01,0.68,81.84,31,5,18.5,9,1
207,0.04,0.51,27.3,22,19,18.53,9,0
208,0.24,0.88,2.07,61,9,14.08,9,1
209,0.01,0.93,16.33,84,3,11.93,3,0
210,0.06,0.12,98.58,64,9,13.29,3,1
211,0.2,0.15,32.66,70,0,11.12,9,1
212,0.25,0.96,11.77,35,13,16.36,5,1
213,0.23,0.35,12.76,39,17,16.32,3,1
214,0.09,0.89,31.72,3,8,17.28,7,0
215,0.25,0.45,4.73,96,9,12.84,6,1
216,0.09,0.21,51.64,13,18,17.02,3,1
217,0.12,0.17,22.16,14,3,7.34,6,1
218,0.26,0.24,52.41,41,12,5.45,9,1
219,0.23,0.32,14.94,8,9,14.72,2,1
220,0.3,0.54,43.56,19,12,6.58,5,1
221,0.23,0.73,60.19,14,11,13.26,5,1
222,0.2,0.99,7.14,75,2,15.82,6,0
223,0.04,0.5,40.48,50,18,11.11,2,0
224,0.14,0.57,30.95,99,8,5.66,6,1
225,0.1,0.57,24.8,61,12,18.31,1,0
226,0.09,0.59,60.85,36,7,5.65,7,1
227,0.34,0.57,59.27,67,3,18.57,1,1
228,0.14,0.11,63.44,89,8,5.79,2,1
229,0.31,0.1,16.73,77,6,16.03,4,1
230,0.22,0.19,29.29,80,10,18.87,5,1
231,0.28,0.19,21.76,92,14,18.6,1,1
232,0.18,0.73,54.51,45,12,18.4,1,0
233,0.21,0.28,46.65,91,2,18.25,5,1
234,0.18,0.91,33.7,74,2,12.66,6,0
235,0.08,0.94,78.82,82,19,13.37,3,1
236,0.26,0.98,10.3,72,10,14.3,5,1
237,0.11,0.95,97.51,7,4,18.44,2,1
238,0.02,0.34,12.54,22,19,17.57,8,0
239,0.23,0.56,77.53,9,18,16.74,3,1
240,0.07,0.26,37.45,60,11,15.14,3,1
241,0.33,0.83,86.66,42,17,14.28,9,1
242,0.33,0.9,8.34,59,3,18.84,4,1
243,0.32,0.87,38.1,40,7,7.89,3,1
244,0.14,0.49,34.21,29,13,7.89,5,1
245,0.02,0.78,99.32,55,15,19.74,6,1
246,0.33,0.19,98.57,64,19,13.3,1,1
247,0.16,0.14,19.79,42,7,12.25,7,1
248,0.34,0.78,63.36,29,4,17.76,4,1
249,0.34,0.48,54.02,92,8,17.75,9,1
250,0.3,1.0,16.28,21,1,7.65,2,1
251,0.11,0.19,17.61,97,7,7.6,2,1
252,0.14,0.87,98.94,63,6,16.93,2,1
253,0.3,0.53,45.82,63,17,16.78,8,1
254,0.12,0.84,13.45,90,8,8.38,2,0
255,0.07,0.84,22.26,38,10,17.62,4,0
256,0.2,0.92,27.57,79,11,12.2,1,0
257,0.33,0.37,51.58,66,7,12.05,4,1
258,0.25,0.95,34.22,12,16,19.79,6,1
259,0.2,0.24,46.05,33,18,12.79,6,1
260,0.04,0.17,17.48,79,0,7.06,3,1
261,0.22,0.49,33.35,1,2,9.2,9,1
262,0.35,0.85,7.96,97,13,10.01,5,1
263,0.06,0.53,89.08,68,17,19.38,9,1
264,0.19,0.85,20.68,28,1,8.96,2,0
265,0.31,0.76,75.93,62,7,11.46,3,1
266,0.26,0.29,35.61,78,16,16.24,7,1
267,0.25,0.95,47.97,59,8,9.11,5,1
268,0.25,0.15,29.83,49,11,15.52,9,1
269,0.13,0.91,69.95,45,6,8.11,2,1
270,0.11,0.37,84.61,76,0,8.64,9,1
271,0.29,0.55,29.34,6,13,19.79,8,1
272,0.29,0.48,24.98,20,1,10.53,5,1
273,0.3,0.25,68.46,85,16,15.95,1,1
274,0.32,0.42,20.32,16,6,17.6,1,1
275,0.18,0.27,64.34,12,14,10.2,7,1
276,0.18,0.28,10.35,52,8,10.36,2,1
277,0.28,0.27,62.39,20,7,16.6,1,1
278,0.23,0.54,51.83,58,6,14.11,3,1
279,0.25,0.82,12.28,45,3,10.43,2,1
280,0.28,0.61,65.26,97,9,16.24,3,1
281,0.31,0.9,45.21,2,6,17.96,9,1
282,0.12,0.67,22.49,34,14,8.53,9,0
283,0.14,0.72,35.99,26,12,5.37,9,1
284,0.04,0.7,49.72,33,7,9.11,6,0
285,0.21,0.5,10.06,42,8,15.12,3,1
286,0.02,0.72,95.8,94,8,18.73,6,1
287,0.17,0.16,66.89,65,4,17.95,3,1
288,0.19,0.87,11.15,8,5,8.33,8,0
289,0.11,0.8,82.46,65,15,18.22,5,1
290,0.21,0.32,32.93,10,15,17.16,2,1
291,0.02,0.79,60.08,32,13,16.02,5,1
292,0.02,0.11,28.44,51,18,15.32,3,1
293,0.29,0.3,73.61,57,18,17.11,2,1
294,0.13,0.16,72.58,40,15,17.93,8,1
295,0.05,0.8,55.65,66,4,17.29,9,0
296,0.19,0.78,24.85,31,0,6.83,3,1
297,0.27,0.83,26.12,63,4,15.83,4,1
298,0.08,0.1,38.9,68,8,17.62,7,1
299,0.22,0.55,15.36,56,6,7.79,7,1
300,0.04,0.73,34.43,12,9,8.21,2,0
301,0.03,0.24,68.75,31,14,16.79,1,1
302,0.19,0.68,83.25,23,11,10.16,3,1
303,0.19,0.18,33.93,33,12,11.0,2,1
304,0.23,0.26,24.13,8,17,10.66,8,1
305,0.26,0.53,83.43,62,9,8.19,5,1
306,0.34,0.69,89.18,80,0,19.08,9,1
307,0.19,0.23,41.59,15,3,17.09,7,1
308,0.12,0.27,3.66,41,16,8.76,1,1
309,0.28,0.28,69.8,52,12,6.59,6,1
310,0.1,0.31,78.62,26,1,10.59,4,1
311,0.16,0.3,2.78,78,14,11.23,1,0
312,0.04,0.46,59.91,12,11,5.11,2,1
313,0.02,0.69,59.25,27,1,18.31,1,0
314,0.34,0.49,38.49,95,6,17.77,5,1
315,0.29,0.8,75.23,68,3,17.75,5,1
316,0.25,0.75,43.39,30,13,17.09,4,1
317,0.15,0.21,68.0,4,17,16.0,1,1
318,0.07,0.14,52.19,54,10,14.52,1,1
319,0.06,0.89,25.6,95,2,19.4,7,0
320,0.1,0.17,61.04,34,2,15.68,9,1
321,0.2,0.23,73.95,68,17,14.45,7,1
322,0.25,0.12,97.42,84,0,16.83,4,1
323,0.23,0.67,38.63,56,12,8.69,4,1
324,0.11,0.62,7.38,18,4,19.51,9,0
325,0.33,0.99,98.81,47,3,5.29,6,1
326,0.26,0.9,62.76,72,2,14.73,2,1
327,0.2,0.47,94.7,60,18,6.16,1,1
328,0.22,0.43,11.28,59,12,17.8,6,1
329,0.15,0.37,34.86,2,15,19.51,1,0
330,0.09,0.24,14.26,73,18,11.13,3,1
331,0.13,0.22,83.72,16,0,17.86,6,1
332,0.27,0.22,88.15,86,17,10.04,5,1
333,0.01,0.2,50.63,58,6,7.39,9,1
334,0.05,0.32,19.47,12,2,9.15,6,0
335,0.03,0.38,13.58,5,19,9.53,3,0
336,0.02,0.97,59.23,39,9,14.46,4,0
337,0.3,0.62,51.13,15,7,16.94,5,1
338,0.25,0.99,69.78,72,1,8.08,4,1
339,0.17,0.44,31.22,88,9,6.32,3,1
340,0.04,0.51,40.83,19,17,8.32,9,0
341,0.18,0.39,3.11,82,11,9.45,9,0
342,0.17,0.26,61.4,85,13,9.2,5,1
343,0.07,0.23,42.89,49,1,8.3,1,1
344,0.16,0.95,92.06,39,16,11.99,1,1
345,0.15,0.99,64.54,78,19,17.84,7,1
346,0.22,0.14,40.47,15,11,6.51,3,1
347,0.23,0.24,27.1,55,6,17.93,8,1
348,0.03,0.48,90.62,67,14,12.46,6,1
349,0.14,0.27,2.61,56,1,14.91,6,1
350,0.22,0.43,33.36,45,11,17.23,6,1
351,0.18,0.22,94.41,75,16,9.56,6,1
352,0.3,0.51,65.75,57,0,19.31,3,1
353,0.23,0.34,53.74,67,7,6.26,6,1
354,0.07,0.42,21.15,94,4,12.91,3,0
355,0.03,0.18,83.5,6,7,8.82,5,1
356,0.23,0.49,21.22,70,19,11.12,1,1
357,0.02,0.98,25.58,31,13,11.73,2,0
358,0.21,0.4,19.99,22,5,18.72,2,1
359,0.33,0.89,16.66,85,17,11.62,9,1
360,0.21,0.86,95.38,38,4,15.47,5,1
361,0.14,0.96,60.6,58,9,19.28,1,1
362,0.23,0.81,64.15,70,14,12.42,2,1
363,0.17,0.69,95.48,29,2,11.12,6,1
364,0.2,0.87,23.83,56,2,19.59,6,0
365,0.33,0.17,1.59,11,16,17.42,2,1
366,0.14,0.52,60.29,48,13,19.1,3,1
367,0.34,0.99,51.28,86,9,10.96,4,1
368,0.32,0.79,48.29,60,18,15.44,1,1
369,0.08,0.97,7.13,51,15,8.74,2,0
370,0.03,0.8,45.99,39,16,17.99,7,0
371,0.04,0.89,29.47,6,19,19.0,6,0
372,0.02,0.74,28.18,30,12,9.02,5,0
373,0.04,0.78,23.02,89,0,6.57,8,1
374,0.24,0.57,33.92,1,0,8.01,3,1
375,0.03,0.93,35.96,86,16,14.49,8,0
376,0.12,0.84,31.57,9,17,9.08,5,0
377,0.3,0.86,97.9,45,16,14.58,9,1
378,0.02,0.71,93.34,8,11,10.25,9,1
379,0.29,0.37,57.88,34,5,18.75,7,1
380,0.11,0.13,98.12,80,6,11.79,3,1
381,0.05,0.94,99.13,83,16,12.46,4,1
382,0.25,0.63,36.24,8,15,10.22,6,1
383,0.22,0.37,45.07,12,0,6.1,1,1
384,0.31,0.23,95.95,43,10,12.4,2,1
385,0.26,0.85,61.25,56,9,16.62,6,1
386,0.28,0.85,22.08,31,0,19.3,9,1
387,0.11,0.83,69.25,42,10,6.15,4,1
388,0.07,0.68,21.37,33,2,16.96,3,0
389,0.27,0.43,34.6,19,15,9.01,8,1
390,0.28,0.37,23.53,91,0,17.34,7,1
391,0.35,0.11,25.25,88,6,10.13,2,1
392,0.15,0.85,1.46,92,10,6.72,4,1
393,0.14,0.18,88.19,55,16,14.18,6,1
394,0.27,0.67,30.3,4,18,18.41,2,1
395,0.13,0.55,9.55,12,13,7.72,6,1
396,0.33,0.57,9.61,87,15,5.33,9,1
397,0.3,0.93,56.05,84,16,18.26,4,1
398,0.16,0.13,99.3,28,13,15.47,7,1
399,0.27,0.8,15.36,58,8,17.13,9,1
400,0.27,0.15,10.86,48,12,5.9,8,1
401,0.05,0.13,44.39,1,1,18.36,2,1
402,0.32,0.49,56.77,75,19,11.29,9,1
403,0.18,0.16,30.14,44,7,18.46,8,1
404,0.29,0.81,30.95,63,3,5.97,5,1
405,0.12,0.58,43.02,95,4,18.27,9,0
406,0.31,0.13,32.1,38,14,15.1,6,1
407,0.14,0.14,91.62,9,1,13.31,9,1
408,0.01,0.65,5.15,6,8,5.93,9,1
409,0.32,0.83,24.22,70,7,15.33,3,1
410,0.04,0.49,81.05,52,10,13.97,7,1
411,0.12,0.6,83.56,67,12,15.89,4,1
412,0.33,0.82,12.04,96,6,15.75,4,1
413,0.33,0.65,97.4,99,18,11.66,7,1
414,0.2,0.3,69.64,16,14,8.07,6,1
415,0.22,0.65,27.99,2,11,18.78,4,1
416,0.16,0.67,46.15,36,12,18.88,5,0
417,0.11,0.76,30.42,71,0,8.18,6,0
418,0.12,0.66,15.85,35,7,14.46,4,0
419,0.24,0.97,29.83,30,14,8.04,8,1
420,0.27,0.28,58.43,45,13,17.92,4,1
421,0.28,0.96,82.77,46,7,6.47,4,1
422,0.28,0.58,36.99,93,2,19.85,1,1
423,0.04,0.7,35.44,65,11,14.16,6,0
424,0.18,0.19,47.33,1,14,5.34,1,1
425,0.03,0.44,64.81,57,15,18.23,9,1
426,0.2,0.79,75.41,71,6,15.27,5,1
427,0.16,0.74,33.35,67,17,15.46,2,0
428,0.31,0.14,59.05,31,12,9.13,9,1
429,0.13,0.59,39.55,25,5,10.05,8,0
430,0.05,0.18,71.92,47,1,18.72,4,1
431,0.06,1.0,17.3,56,1,14.52,3,0
432,0.27,0.91,26.44,88,18,5.25,4,1
433,0.22,0.12,43.18,1,5,9.91,4,1
434,0.04,0.87,89.05,95,9,13.98,9,1
435,0.04,0.93,57.76,37,16,7.22,6,1
436,0.25,0.42,96.57,75,18,6.47,4,1
437,0.03,0.75,11.22,67,15,5.89,2,1
438,0.29,0.5,46.56,12,17,14.46,9,1
439,0.25,0.69,42.49,20,18,9.81,7,1
440,0.04,0.41,60.42,30,1,10.61,5,1
441,0.04,0.39,81.38,74,2,5.9,2,1
442,0.35,0.48,84.3,64,14,16.07,1,1
443,0.14,0.23,67.35,79,14,16.5,7,1
444,0.14,0.85,64.51,85,11,17.44,3,1
445,0.29,0.41,94.95,64,19,14.77,8,1
446,0.33,0.46,38.99,18,12,16.6,4,1
447,0.35,0.9,83.45,32,1,13.66,5,1
448,0.27,0.55,92.23,19,17,12.37,3,1
449,0.14,0.59,49.66,94,14,8.9,7,0
450,0.04,0.96,73.18,33,17,5.8,4,1
451,0.27,0.9,38.32,62,12,9.38,1,1
452,0.2,0.25,16.73,22,5,15.25,5,1
453,0.15,0.53,59.06,29,7,18.9,2,0
454,0.32,0.97,20.45,88,15,8.84,7,1
455,0.05,0.44,46.3,4,19,15.05,2,0
456,0.18,0.43,87.42,50,2,12.17,4,1
457,0.01,0.28,9.52,76,16,14.41,2,1
458,0.17,0.2,4.01,4,17,5.02,7,1
459,0.03,0.77,61.04,5,11,6.84,3,1
460,0.05,0.79,33.78,83,6,8.26,2,0
461,0.05,0.97,42.38,39,11,18.4,2,0
462,0.23,0.8,41.17,57,2,5.61,2,1
463,0.26,0.32,9.58,31,11,13.54,6,1
464,0.21,0.14,1.35,7,14,18.93,8,1
465,0.34,0.99,89.94,12,16,14.78,7,1
466,0.14,0.41,22.56,10,11,12.27,1,0
467,0.11,0.38,43.18,29,8,10.79,3,0
468,0.31,0.92,97.22,85,0,14.36,8,1
469,0.09,0.63,82.85,13,15,12.21,8,1
470,0.34,0.29,11.69,87,14,15.58,9,1
471,0.01,0.9,51.34,70,10,14.27,7,0
472,0.34,0.99,73.28,31,4,13.51,5,1
473,0.02,0.18,70.14,9,6,19.35,3,1
474,0.31,0.88,76.32,51,2,17.54,8,1
475,0.19,0.45,46.29,88,12,14.13,5,0
476,0.35,0.57,18.42,16,12,13.08,5,1
477,0.04,0.92,47.02,59,18,15.86,8,0
478,0.2,0.98,65.14,58,9,17.06,8,1
479,0.34,0.34,61.25,11,6,9.43,8,1
480,0.19,0.29,7.98,36,19,15.0,4,1
481,0.22,0.17,7.43,1,14,7.03,3,1
482,0.25,0.61,96.56,21,17,11.46,6,1
483,0.16,0.11,16.03,44,19,19.08,5,1
484,0.22,0.47,30.15,37,6,9.89,5,1
485,0.21,0.17,77.0,6,2,7.31,5,1
486,0.32,0.46,41.56,14,19,7.19,3,1
487,0.03,0.14,18.97,93,9,10.91,7,1
488,0.11,0.85,47.26,1,14,8.38,5,0
489,0.33,0.29,57.33,8,11,11.4,4,1
490,0.31,0.4,45.82,44,15,15.78,4,1
491,0.16,0.88,91.98,83,18,18.32,7,1
492,0.22,0.77,29.19,87,11,6.65,1,1
493,0.1,0.3,66.47,75,1,16.53,8,1
494,0.07,0.16,12.12,27,7,6.55,1,1
495,0.17,0.74,39.84,36,12,10.69,6,0
496,0.13,0.45,74.36,42,0,19.95,4,1
497,0.21,0.79,23.26,20,1,6.03,7,1
498,0.04,0.5,59.39,8,13,5.34,6,1
499,0.34,0.41,16.19,46,3,10.0,5,1
500,0.35,0.51,11.17,52,5,19.27,5,1
501,0.25,0.77,52.8,26,12,5.3,6,1
502,0.19,0.91,67.83,35,8,8.34,7,1
503,0.12,0.14,12.22,60,15,14.05,3,1
504,0.29,0.57,91.86,3,0,8.51,3,1
505,0.24,0.13,23.35,4,8,5.81,7,1
506,0.07,0.52,12.88,93,6,5.79,3,1
507,0.32,0.9,21.07,62,17,13.39,7,1
508,0.29,0.43,17.79,64,15,13.43,2,1
509,0.33,0.94,9.98,50,6,15.6,8,1
510,0.26,0.67,79.99,92,17,6.98,9,1
511,0.22,0.94,50.06,19,8,12.5,6,1
512,0.15,0.78,39.46,43,19,14.01,2,0
513,0.33,0.19,95.11,92,1,8.34,9,1
514,0.3,0.31,37.73,82,4,13.21,5,1
515,0.03,0.45,17.53,14,8,15.62,4,0
516,0.02,0.25,28.13,14,3,19.86,7,1
517,0.14,0.55,24.66,54,15,13.95,6,0
518,0.29,0.52,50.38,29,2,17.92,4,1
519,0.35,0.96,29.86,3,5,17.51,2,1
520,0.06,0.49,52.09,98,16,19.1,4,0
521,0.21,0.81,67.26,73,18,15.85,1,1
522,0.14,0.95,77.95,5,7,8.2,8,1
523,0.34,0.89,71.31,93,9,9.47,4,1
524,0.3,0.29,21.35,5,9,16.77,2,1
525,0.3,0.55,12.47,45,15,12.81,5,1
526,0.17,0.41,54.7,64,5,8.77,1,0
527,0.15,0.46,20.69,64,19,14.85,2,0
528,0.1,0.42,9.41,43,7,18.6,8,0
529,0.03,0.84,53.18,43,2,10.37,4,0
530,0.3,0.51,33.35,51,1,13.94,9,1
531,0.29,0.57,75.86,13,9,13.72,4,1
532,0.35,0.98,32.1,90,7,6.9,2,1
533,0.35,0.15,97.89,73,11,6.35,8,1
534,0.2,0.54,76.09,68,19,18.34,4,1
535,0.27,0.8,6.71,95,11,19.0,8,1
536,0.33,0.24,51.38,69,8,18.56,2,1
537,0.3,0.65,56.7,7,18,10.95,4,1
538,0.09,0.32,69.83,92,14,9.31,1,1
539,0.16,0.88,50.28,78,13,19.13,8,0
540,0.05,0.39,48.86,88,4,18.24,6,0
541,0.33,0.4,37.43,42,17,17.3,2,1
542,0.22,0.64,27.87,5,11,10.01,3,1
543,0.09,0.27,94.67,47,5,14.58,6,1
544,0.24,0.36,32.44,48,19,16.26,9,1
545,0.22,0.47,7.28,98,10,13.64,7,1
546,0.13,0.42,17.56,92,14,14.03,9,0
547,0.05,0.57,85.87,47,3,16.35,4,1
548,0.24,0.64,59.08,8,13,16.5,8,1
549,0.19,0.61,78.1,21,4,8.6,2,1
550,0.27,0.69,81.07,88,10,10.86,2,1
551,0.19,0.38,82.5,24,19,16.72,4,1
552,0.3,0.21,55.51,13,6,8.92,3,1
553,0.2,0.78,18.53,15,12,18.73,8,0
554,0.2,0.87,15.68,89,18,17.58,2,0
555,0.31,0.33,57.82,53,3,18.43,4,1
556,0.15,0.47,37.28,92,19,9.46,9,0
557,0.06,0.55,56.25,72,11,6.58,9,1
558,0.02,0.58,50.35,31,13,6.51,4,1
559,0.27,0.69,60.62,71,0,13.34,3,1
560,0.22,0.14,4.18,51,7,9.58,1,1
561,0.25,0.75,4.25,47,15,8.95,1,1
562,0.08,0.16,72.44,39,18,8.34,8,1
563,0.06,0.52,20.12,81,4,13.43,9,0
564,0.01,0.84,65.57,57,13,13.22,9,1
565,0.13,0.51,55.11,50,11,11.33,5,0
566,0.21,0.23,98.2,57,11,7.08,2,1
567,0.14,0.99,83.71,35,19,18.93,7,1
568,0.16,0.9,41.9,86,11,11.42,4,0
569,0.32,0.79,62.02,7,10,6.85,4,1
570,0.13,0.47,12.61,53,14,5.56,4,1
571,0.18,0.27,39.25,10,6,7.29,3,1
572,0.28,0.95,73.65,92,9,9.46,4,1
573,0.14,0.58,62.64,39,4,14.45,2,1
574,0.22,0.87,48.96,58,14,19.56,9,1
575,0.3,0.41,18.48,93,1,9.08,7,1
576,0.33,0.4,80.51,35,12,16.85,1,1
577,0.06,0.99,28.04,59,13,18.67,5,0
578,0.33,0.57,82.23,22,19,10.87,2,1
579,0.18,0.23,61.55,9,5,8.8,3,1
580,0.1,0.3,37.9,8,0,12.37,3,0
581,0.17,0.53,5.02,94,14,18.45,7,0
582,0.34,0.14,24.01,94,10,5.16,3,1
583,0.18,0.52,89.02,58,12,12.3,7,1
584,0.12,0.48,81.98,95,16,16.36,8,1
585,0.23,0.8,57.91,22,3,14.02,2,1
586,0.09,0.42,47.17,95,10,12.46,1,0
587,0.04,0.98,65.07,40,0,13.3,6,1
588,0.05,0.26,47.16,28,13,14.29,9,1
589,0.05,0.63,64.79,46,4,15.23,6,1
590,0.06,0.18,31.43,69,4,10.34,8,1
591,0.06,0.76,84.01,81,2,12.76,5,1
592,0.23,1.0,70.49,52,8,9.1,8,1
593,0.07,0.84,33.67,11,12,19.76,4,0
594,0.13,0.6,83.24,22,10,7.81,6,1
595,0.31,0.54,49.25,47,17,7.26,8,1
596,0.17,0.85,18.29,89,9,9.03,1,0
597,0.24,0.94,8.69,13,5,18.8,6,1
598,0.07,0.99,70.26,45,8,14.88,8,1
599,0.08,0.46,86.65,75,12,11.84,5,1
600,0.02,0.99,80.94,69,17,18.88,3,1
601,0.07,0.24,65.91,78,9,18.5,5,1
602,0.1,0.33,15.0,22,14,11.02,3,0
603,0.07,0.18,10.31,67,11,13.45,6,1
604,0.04,0.34,35.16,35,19,18.58,6,0
605,0.05,0.79,85.64,32,14,9.79,5,1
606,0.17,0.87,96.21,38,13,11.11,7,1
607,0.08,0.8,24.89,58,18,16.9,7,0
608,0.13,0.67,76.45,40,18,15.48,6,1
609,0.18,0.56,57.81,88,9,5.73,6,1
610,0.24,0.74,4.15,92,0,6.76,4,1
611,0.02,0.45,54.75,21,19,17.69,4,0
612,0.28,0.86,80.79,49,6,5.45,3,1
613,0.22,0.71,28.34,97,10,18.8,7,1
614,0.04,0.73,89.84,92,3,9.08,3,1
615,0.31,0.58,24.39,39,3,13.98,9,1
616,0.32,0.9,8.57,61,9,13.47,9,1
617,0.03,0.33,16.83,10,4,10.94,6,0
618,0.1,0.44,83.86,40,15,5.47,7,1
619,0.28,0.8,42.31,58,11,7.89,3,1
620,0.26,0.54,79.9,89,0,14.22,3,1
621,0.07,0.9,53.59,45,4,11.7,1,0
622,0.08,0.41,48.58,17,17,11.21,6,0
623,0.14,0.43,80.88,68,3,6.47,3,1
624,0.17,0.9,42.93,10,14,10.21,1,0
625,0.22,0.52,80.4,62,5,12.9,8,1
626,0.14,0.56,10.97,89,6,6.17,8,1
627,0.17,0.4,63.99,32,18,6.0,8,1
628,0.26,0.35,70.56,72,13,12.37,8,1
629,0.02,0.69,90.01,42,14,13.42,5,1
630,0.1,0.21,23.21,45,15,8.86,7,1
631,0.25,0.89,60.82,76,14,9.89,3,1
632,0.31,0.8,43.89,21,5,16.95,2,1
633,0.18,0.27,38.89,27,5,18.04,6,1
634,0.19,0.72,11.56,30,5,9.88,1,0
635,0.05,0.64,14.29,74,11,10.34,2,0
636,0.16,0.27,83.86,85,1,17.45,7,1
637,0.19,0.35,75.23,1,3,19.61,9,1
638,0.09,0.47,38.85,9,5,9.81,7,0
639,0.1,0.73,83.02,3,9,16.83,8,1
640,0.14,0.67,9.0,53,18,12.2,8,0
641,0.02,0.58,62.85,42,4,8.96,3,1
642,0.12,0.79,86.95,19,5,15.23,6,1
643,0.08,0.78,84.05,6,13,11.94,2,1
644,0.12,0.66,37.91,7,14,9.02,9,0
645,0.05,0.81,74.78,43,18,6.61,7,1
646,0.31,0.4,43.32,80,18,18.0,3,1
647,0.21,0.89,84.17,36,6,18.18,6,1
648,0.24,0.65,53.55,68,17,6.12,1,1
649,0.28,0.84,76.72,82,11,14.95,7,1
650,0.18,0.59,8.78,96,7,7.44,9,1
651,0.04,0.3,59.41,96,2,14.69,5,0
652,0.19,0.59,55.48,82,14,18.61,9,0
653,0.21,0.43,61.39,39,9,8.9,8,1
654,0.26,0.73,69.87,43,18,10.22,8,1
655,0.16,0.53,91.89,37,11,16.93,6,1
656,0.05,0.85,78.78,28,2,16.03,3,1
657,0.11,0.71,22.74,50,13,11.13,4,0
658,0.13,0.72,82.76,39,16,17.73,1,1
659,0.23,0.3,13.09,2,2,18.81,6,1
660,0.2,0.99,62.6,37,6,11.79,7,1
661,0.13,0.86,88.39,66,16,5.59,9,1
662,0.35,0.81,11.01,19,14,12.64,5,1
663,0.22,0.4,85.12,69,19,16.1,2,1
664,0.09,0.58,80.06,44,9,8.3,7,1
665,0.04,0.22,50.87,13,6,6.49,7,1
666,0.06,0.58,31.58,22,19,9.28,5,0
667,0.09,0.23,41.14,7,2,5.17,2,1
668,0.06,0.6,96.9,2,14,15.73,7,1
669,0.07,0.68,20.97,62,19,7.19,1,1
670,0.11,0.45,58.38,78,4,15.85,6,0
671,0.07,0.55,9.24,89,1,8.52,6,0
672,0.31,0.89,22.57,90,8,19.88,6,1
673,0.04,0.2,76.57,5,17,12.98,3,1
674,0.19,0.81,30.96,20,12,5.62,3,1
675,0.15,0.25,98.59,54,19,16.59,1,1
676,0.34,0.13,50.58,76,6,11.15,4,1
677,0.05,0.27,52.14,63,3,14.11,7,1
678,0.15,0.79,4.6,36,7,19.27,1,0
679,0.34,0.46,95.7,95,5,12.76,2,1
680,0.3,0.89,18.25,81,3,17.07,2,1
681,0.29,0.57,54.3,16,4,9.54,5,1
682,0.1,0.12,40.17,57,19,15.72,8,1
683,0.07,0.75,42.14,64,19,6.49,5,1
684,0.24,0.2,64.69,10,8,18.4,1,1
685,0.33,0.81,66.55,99,7,8.0,1,1
686,0.2,0.25,16.27,97,1,9.53,5,1
687,0.2,0.41,50.46,99,6,19.37,2,0
688,0.11,0.79,79.26,51,17,7.33,3,1
689,0.27,0.96,44.89,27,9,8.82,2,1
690,0.07,0.43,17.41,7,2,13.7,9,0
691,0.12,0.85,32.01,91,16,19.71,5,0
692,0.15,0.27,22.03,41,1,15.37,1,1
693,0.18,0.83,13.46,76,2,6.71,3,1
694,0.09,0.69,38.38,97,4,16.22,8,0
695,0.05,0.27,54.55,13,12,11.39,4,1
696,0.22,0.37,8.2,66,12,19.88,8,1
697,0.11,0.22,60.78,3,5,14.43,1,1
698,0.21,0.44,99.31,11,13,12.98,8,1
699,0.06,0.28,96.45,5,4,13.36,9,1
700,0.17,0.68,83.09,60,0,14.62,7,1
701,0.19,1.0,27.37,2,8,15.98,3,0
702,0.03,0.11,3.22,92,2,6.17,2,1
703,0.12,0.59,83.52,77,5,6.96,1,1
704,0.06,0.62,6.52,99,3,9.51,7,0
705,0.03,0.92,21.36,64,1,12.17,1,0
706,0.35,0.56,54.9,13,15,9.67,6,1
707,0.12,0.59,18.66,54,5,8.21,1,0
708,0.29,0.52,83.55,12,13,18.88,4,1
709,0.1,0.34,77.94,18,9,5.49,5,1
710,0.24,0.15,75.82,18,3,19.08,1,1
711,0.27,0.47,81.8,17,6,18.61,8,1
712,0.21,0.15,22.75,39,16,15.26,7,1
713,0.17,0.6,73.16,86,4,5.49,1,1
714,0.15,0.38,36.17,13,13,8.38,5,0
715,0.13,0.58,67.02,45,15,19.69,4,1
716,0.33,0.22,13.08,19,7,18.59,1,1
717,0.29,0.94,70.85,88,15,19.47,4,1
718,0.34,0.91,97.24,19,5,19.94,4,1
719,0.05,0.27,5.32,21,10,5.96,6,1
720,0.26,0.41,10.29,24,1,13.56,4,1
721,0.33,0.65,13.24,30,0,17.51,5,1
722,0.07,0.19,43.63,92,8,9.8,3,1
723,0.03,0.42,29.79,48,4,11.53,7,0
724,0.26,0.33,80.89,35,1,9.26,3,1
725,0.21,0.92,47.9,59,13,5.57,5,1
726,0.3,0.87,48.97,17,19,6.09,2,1
727,0.06,0.62,71.99,48,12,5.32,8,1
728,0.28,0.57,36.83,98,11,12.91,4,1
729,0.08,0.94,35.97,55,8,14.28,1,0
730,0.07,0.94,75.94,9,5,9.62,2,1
731,0.07,0.97,78.22,77,3,17.39,7,1
732,0.29,0.21,2.43,14,9,18.32,7,1
733,0.24,0.24,15.24,26,4,7.1,2,1
734,0.19,0.71,22.1,52,3,5.78,8,1
735,0.13,0.59,35.81,85,19,9.79,1,0
736,0.31,0.12,29.85,44,3,15.69,4,1
737,0.14,0.16,67.18,84,12,12.61,8,1
738,0.29,0.9,82.99,11,15,12.32,5,1
739,0.16,0.88,20.02,51,10,7.29,8,1
740,0.14,0.42,56.74,42,18,10.27,8,0
741,0.17,0.9,37.41,62,17,19.38,9,0
742,0.11,0.63,51.07,35,0,10.11,1,0
743,0.26,0.83,62.46,64,3,13.87,1,1
744,0.18,0.48,89.47,95,8,5.88,9,1
745,0.09,0.2,20.04,18,8,5.96,7,1
746,0.32,0.49,9.61,14,10,11.36,9,1
747,0.14,0.51,63.09,49,4,14.06,2,1
748,0.19,0.6,40.02,69,5,10.59,8,0
749,0.32,0.2,17.13,17,19,7.69,1,1
750,0.22,0.99,12.59,21,5,16.04,4,1
751,0.05,0.32,56.33,14,7,7.1,8,1
752,0.33,0.28,30.75,3,18,15.02,4,1
753,0.22,0.57,99.75,31,0,19.35,3,1
754,0.12,0.58,41.18,89,4,12.06,7,0
755,0.06,0.5,22.02,47,18,8.01,5,0
756,0.28,0.79,63.26,44,1,17.63,1,1
757,0.22,0.56,25.18,17,15,12.58,4,1
758,0.19,0.65,49.91,90,1,18.85,4,0
759,0.31,0.75,48.78,81,8,15.81,1,1
760,0.28,0.12,45.9,56,17,11.46,5,1
761,0.06,0.61,79.81,83,15,14.26,2,1
762,0.12,0.9,22.44,27,6,7.55,8,1
763,0.09,0.12,90.53,71,8,10.81,9,1
764,0.26,0.46,79.34,90,11,13.91,2,1
765,0.02,0.93,33.98,69,18,13.85,4,0
766,0.2,0.42,18.88,2,0,13.81,2,0
767,0.27,0.51,28.67,80,5,16.15,5,1
768,0.31,0.98,33.93,62,1,6.58,7,1
769,0.13,0.28,56.14,75,16,6.1,5,1
770,0.29,0.16,5.59,87,13,7.22,5,1
771,0.05,0.87,91.52,99,12,16.89,2,1
772,0.3,0.88,10.77,6,10,5.97,3,1
773,0.05,0.52,28.65,65,15,8.38,6,0
774,0.15,0.56,11.82,97,17,8.82,6,0
775,0.28,0.85,26.41,18,19,14.71,1,1
776,0.06,0.76,83.93,55,2,11.02,1,1
777,0.09,0.34,61.9,67,0,7.98,9,1
778,0.26,0.12,23.5,57,13,11.74,2,1
779,0.25,0.53,87.3,19,16,15.28,2,1
780,0.23,0.87,80.27,74,2,16.79,9,1
781,0.25,0.91,75.61,84,11,6.86,5,1
782,0.19,0.96,84.92,11,1,15.72,6,1
783,0.1,0.89,62.35,96,1,5.07,3,1
784,0.13,0.62,50.64,84,11,15.86,7,0
785,0.07,0.5,38.02,55,4,14.92,2,0
786,0.32,0.8,23.15,96,15,12.03,5,1
787,0.21,0.77,56.18,37,4,7.05,4,1
788,0.15,0.58,89.06,86,2,16.47,8,1
789,0.17,0.18,59.8,4,5,6.08,2,1
790,0.33,0.93,92.04,13,18,18.43,1,1
791,0.06,0.51,36.33,70,11,16.6,2,0
792,0.21,0.43,69.82,93,7,16.11,2,1
793,0.18,0.67,65.22,58,5,16.32,8,1
794,0.22,0.71,67.37,2,13,6.01,1,1
795,0.02,0.29,64.86,60,2,19.85,1,1
796,0.31,0.85,22.94,89,10,17.88,1,1
797,0.33,0.36,15.22,32,6,12.62,3,1
798,0.2,0.27,97.88,63,8,15.79,5,1
799,0.25,0.47,5.48,60,10,16.09,8,1
800,0.32,0.76,47.31,26,12,17.45,8,1
801,0.25,0.97,43.08,90,17,8.83,5,1
802,0.06,0.83,36.64,22,9,10.58,5,0
803,0.21,0.95,78.42,74,1,17.0,7,1
804,0.22,0.23,74.79,87,6,16.53,1,1
805,0.15,0.16,90.62,4,14,12.84,1,1
806,0.26,0.6,40.15,16,9,10.94,1,1
807,0.33,0.36,56.85,63,11,19.53,8,1
808,0.32,0.85,89.34,42,19,11.23,8,1
809,0.16,0.7,99.39,33,8,16.46,4,1
810,0.05,0.97,96.96,13,18,11.19,5,1
811,0.34,0.33,72.07,46,5,9.65,7,1
812,0.3,0.54,15.18,13,18,14.61,6,1
813,0.05,0.55,3.3,33,0,17.11,2,0
814,0.32,0.32,82.7,14,1,19.72,7,1
815,0.31,0.63,84.25,8,14,7.23,2,1
816,0.19,0.5,74.89,90,10,18.14,4,1
817,0.21,0.5,28.71,86,17,12.86,4,1
818,0.15,0.43,64.34,46,0,6.62,5,1
819,0.03,0.12,32.31,1,3,16.92,1,1
820,0.12,0.57,45.61,59,3,9.97,3,0
821,0.28,0.4,38.86,60,3,18.02,8,1
822,0.01,0.1,91.45,49,17,7.37,6,1
823,0.12,0.38,24.18,80,0,15.67,3,0
824,0.15,0.35,58.18,93,6,9.51,2,0
825,0.19,0.45,36.74,61,13,8.86,6,0
826,0.32,0.22,66.64,23,15,5.75,3,1
827,0.13,0.56,56.89,5,14,12.23,7,0
828,0.13,0.72,92.47,85,4,10.87,7,1
829,0.26,0.67,11.06,50,12,5.93,2,1
830,0.16,0.82,22.84,36,4,8.4,4,0
831,0.09,0.51,76.87,20,17,12.31,3,1
832,0.16,0.57,37.51,43,4,17.12,8,0
833,0.06,0.83,17.41,8,4,18.94,8,0
834,0.07,0.48,50.83,90,5,12.73,4,0
835,0.18,0.73,65.56,41,13,11.05,4,1
836,0.15,0.49,5.44,25,1,19.32,6,0
837,0.32,0.48,29.87,7,14,19.44,6,1
838,0.13,0.78,81.13,86,15,7.86,6,1
839,0.21,0.26,52.5,61,4,12.97,2,1
840,0.22,0.4,4.5,33,15,17.31,8,1
841,0.01,0.3,28.91,69,0,17.33,7,0
842,0.24,0.42,64.27,38,7,15.27,2,1
843,0.07,0.31,20.74,12,0,12.07,8,0
844,0.34,0.62,82.91,44,6,11.05,1,1
845,0.06,0.82,67.98,53,5,17.1,7,1
846,0.15,0.81,47.67,14,7,8.39,6,0
847,0.04,0.43,91.65,71,4,11.43,9,1
848,0.35,0.99,39.79,92,14,13.5,3,1
849,0.18,0.63,24.27,52,19,17.48,9,0
850,0.21,0.46,66.48,52,15,10.61,5,1
851,0.03,0.85,57.76,46,16,13.23,5,0
852,0.26,0.76,34.19,80,10,9.19,6,1
853,0.08,0.77,35.02,41,1,17.55,3,0
854,0.32,0.28,40.42,2,0,16.78,4,1
855,0.08,0.52,29.82,49,16,17.3,6,0
856,0.07,0.88,71.31,95,0,5.86,5,1
857,0.02,0.55,65.48,78,1,12.3,8,1
858,0.17,0.72,44.64,28,16,7.04,7,1
859,0.2,0.63,40.39,32,3,15.11,1,0
860,0.03,0.86,37.14,92,11,9.67,6,0
861,0.27,0.36,29.06,76,9,16.62,5,1
862,0.16,0.62,9.48,77,9,5.98,9,1
863,0.19,0.21,27.55,22,14,12.7,3,1
864,0.16,0.72,32.8,42,10,6.85,4,1
865,0.15,0.76,55.22,29,6,13.37,4,0
866,0.2,0.14,77.61,94,9,14.11,4,1
867,0.06,0.71,40.17,79,18,11.93,9,0
868,0.07,0.47,94.53,68,17,9.19,8,1
869,0.3,0.21,82.91,33,1,5.48,9,1
870,0.33,0.48,98.5,46,6,14.93,4,1
871,0.14,0.27,87.74,9,13,18.06,3,1
872,0.1,0.47,62.06,38,10,16.0,5,1
873,0.23,0.45,60.25,80,0,18.4,2,1
874,0.15,0.76,13.82,26,19,18.94,5,0
875,0.02,0.8,72.52,43,4,11.74,2,1
876,0.06,0.65,60.42,53,3,15.47,2,1
877,0.25,0.12,51.19,27,13,10.96,7,1
878,0.23,0.94,69.64,11,2,18.79,4,1
879,0.02,0.72,44.96,26,17,13.44,6,0
880,0.09,0.13,52.86,78,17,16.29,9,1
881,0.09,0.84,40.44,57,3,5.22,3,1
882,0.24,0.28,72.02,1,2,13.63,1,1
883,0.02,0.62,87.78,11,9,16.13,3,1
884,0.05,0.52,84.24,30,15,8.86,3,1
885,0.28,0.48,78.82,88,2,5.22,3,1
886,0.07,0.9,2.36,4,18,16.15,4,0
887,0.23,0.49,91.28,86,19,10.07,3,1
888,0.09,0.17,28.21,72,14,11.43,5,1
889,0.04,0.95,88.91,80,4,13.43,8,1
890,0.09,0.93,20.5,33,10,6.65,3,1
891,0.26,0.72,44.52,33,8,6.55,6,1
892,0.3,0.52,75.19,74,12,19.41,1,1
893,0.29,0.18,64.39,66,10,10.08,4,1
894,0.15,0.81,42.18,4,13,8.83,1,0
895,0.24,0.17,68.18,87,0,5.72,2,1
896,0.08,0.16,55.35,51,8,7.61,3,1
897,0.11,0.58,28.3,27,12,11.46,5,0
898,0.31,0.24,64.99,33,1,10.13,9,1
899,0.01,0.11,21.22,97,3,11.37,9,1
900,0.04,0.48,69.7,84,15,15.56,3,1
901,0.08,0.22,1.31,77,9,14.63,8,1
902,0.02,0.24,55.33,75,5,12.4,2,1
903,0.07,0.17,40.71,83,8,17.22,9,1
904,0.21,0.28,31.01,32,1,17.86,4,1
905,0.15,0.74,52.06,67,0,13.86,2,0
906,0.31,0.83,64.89,77,11,6.76,5,1
907,0.29,0.51,96.57,28,15,11.09,7,1
908,0.13,0.56,83.47,86,1,14.52,6,1
909,0.1,0.13,72.0,57,12,5.94,9,1
910,0.14,0.16,48.42,19,7,5.3,7,1
911,0.21,0.33,39.82,31,0,19.23,6,1
912,0.1,0.59,4.22,84,4,15.95,8,0
913,0.22,0.77,36.55,53,9,7.3,7,1
914,0.15,0.64,84.99,88,2,11.68,7,1
915,0.2,0.45,39.02,32,10,7.9,8,1
916,0.16,0.21,46.7,9,4,5.15,6,1
917,0.11,0.8,27.91,51,11,10.88,5,0
918,0.33,0.43,28.14,83,11,14.73,4,1
919,0.27,0.76,7.13,23,12,19.31,8,1
920,0.06,0.56,61.77,25,13,16.55,9,1
921,0.31,0.76,45.36,97,3,8.45,9,1
922,0.18,0.92,60.99,46,2,10.04,4,1
923,0.31,0.93,55.14,44,16,12.81,9,1
924,0.28,0.58,80.09,66,7,7.87,2,1
925,0.15,0.56,75.35,67,15,17.49,7,1
926,0.02,0.34,77.37,28,10,7.52,4,1
927,0.1,0.94,50.42,99,4,9.35,4,0
928,0.19,0.51,36.03,78,15,13.66,8,0
929,0.23,0.21,93.41,24,8,6.85,3,1
930,0.1,0.49,6.37,56,12,14.37,5,0
931,0.06,0.21,16.11,50,7,19.16,5,1
932,0.29,0.55,42.54,3,4,15.37,3,1
933,0.34,0.61,61.78,23,8,17.19,4,1
934,0.19,0.4,1.81,34,5,11.58,9,0
935,0.07,0.16,72.21,9,1,10.48,3,1
936,0.1,0.95,56.31,82,6,9.93,9,0
937,0.02,0.8,48.99,59,16,14.91,1,0
938,0.32,0.85,42.93,66,11,12.78,5,1
939,0.05,0.43,52.43,22,0,12.08,5,0
940,0.21,0.78,17.02,35,14,6.51,9,1
941,0.1,0.54,11.76,31,10,15.1,8,0
942,0.2,0.28,29.67,90,9,15.88,7,1
943,0.23,0.21,71.24,78,15,7.94,1,1
944,0.29,0.41,59.24,48,8,16.4,7,1
945,0.08,0.22,48.53,53,11,18.19,2,1
946,0.01,1.0,57.58,92,14,7.62,9,1
947,0.06,0.14,56.37,75,15,11.78,3,1
948,0.32,0.5,31.4,32,0,18.14,9,1
949,0.31,0.51,10.65,85,5,12.31,5,1
950,0.21,0.37,89.78,87,12,17.23,4,1
951,0.21,0.61,60.39,88,0,8.24,5,1
952,0.24,0.23,70.08,12,12,5.96,2,1
953,0.07,0.81,46.94,62,4,5.89,8,1
954,0.32,0.4,75.89,3,2,19.59,8,1
955,0.15,0.63,58.87,6,11,7.47,8,1
956,0.14,0.74,6.33,12,9,17.97,8,0
957,0.19,0.9,89.12,53,8,9.74,7,1
958,0.03,0.85,31.25,20,16,5.6,2,1
959,0.07,0.65,14.65,6,5,8.61,8,0
960,0.26,0.45,9.72,84,13,12.58,6,1
961,0.04,0.55,72.32,14,2,6.6,5,1
962,0.22,0.79,70.69,56,17,18.83,2,1
963,0.09,0.89,70.32,41,6,18.5,3,1
964,0.14,0.19,91.66,49,8,7.24,4,1
965,0.11,0.45,35.55,65,14,16.06,4,0
966,0.13,0.8,56.55,84,18,11.91,5,0
967,0.25,0.49,62.33,86,15,19.73,2,1
968,0.11,0.4,97.97,95,18,5.83,9,1
969,0.2,0.47,31.92,31,18,12.07,9,0
970,0.17,0.64,95.68,28,16,9.28,9,1
971,0.24,1.0,15.72,12,5,15.9,5,1
972,0.33,0.54,76.64,16,0,6.67,4,1
973,0.26,0.29,63.66,97,18,14.42,9,1
974,0.08,0.25,81.87,35,14,19.22,8,1
975,0.02,0.14,3.84,44,2,11.81,7,1
976,0.1,0.6,8.73,68,16,11.81,5,0
977,0.21,0.59,7.9,10,5,12.44,8,1
978,0.03,0.28,59.7,98,3,11.24,5,1
979,0.18,0.73,60.69,3,7,11.71,2,1
980,0.21,0.77,90.7,31,3,11.95,6,1
981,0.12,0.33,47.29,52,1,19.97,2,0
982,0.27,0.41,7.74,95,9,6.75,9,1
983,0.05,0.99,21.74,65,11,9.28,7,0
984,0.04,0.44,1.8,5,0,8.16,3,0
985,0.26,0.78,77.89,5,11,13.16,8,1
986,0.18,0.51,81.74,66,9,5.04,1,1
987,0.24,0.81,99.8,15,11,18.82,9,1
988,0.16,0.79,41.81,65,18,12.97,7,0
989,0.09,0.7,2.91,21,2,18.44,2,0
990,0.29,0.87,24.24,71,18,10.17,8,1
991,0.28,0.95,59.19,11,6,7.25,6,1
992,0.25,0.62,96.23,90,0,7.88,6,1
993,0.1,0.31,11.25,42,12,12.06,4,0
994,0.21,0.46,13.04,66,8,5.6,5,1
995,0.13,0.78,70.47,94,15,16.73,9,1
996,0.04,0.69,67.05,61,17,16.86,7,1
997,0.32,0.26,25.8,60,14,15.53,1,1
998,0.06,0.15,81.5,14,19,18.45,2,1
999,0.33,0.71,13.75,5,14,13.24,1,1
1000,0.16,0.33,92.65,31,14,12.19,9,1
1001,0.07,0.55,20.9,48,9,12.94,1,0
1002,0.19,0.77,9.05,32,17,7.73,3,1
1003,0.31,0.61,34.61,57,14,12.68,6,1
1004,0.26,0.17,19.6,34,11,13.13,6,1
1005,0.28,0.27,53.17,74,0,16.47,9,1
1006,0.23,0.3,69.0,95,12,10.22,9,1
1007,0.25,0.33,49.6,27,16,6.38,4,1
1008,0.3,0.61,66.4,82,16,13.96,1,1
1009,0.09,0.55,37.13,5,6,16.82,9,0
1010,0.18,0.28,3.76,17,10,19.54,2,1
1011,0.09,0.16,97.43,75,11,6.35,4,1
1012,0.35,0.25,82.12,69,8,16.2,7,1
1013,0.33,0.99,8.27,56,14,13.94,2,1
1014,0.02,0.52,45.47,38,0,5.23,9,1
1015,0.25,0.88,63.87,54,10,15.77,5,1
1016,0.32,0.86,19.87,48,4,5.39,9,1
1017,0.07,0.56,58.22,85,18,16.78,9,0
1018,0.2,0.74,53.83,88,17,15.82,8,0
1019,0.32,0.27,21.62,94,17,15.32,3,1
1020,0.02,0.72,14.98,80,17,6.8,9,1
1021,0.25,0.35,76.14,49,19,18.79,3,1
1022,0.11,0.85,32.94,41,6,18.48,9,0
1023,0.32,0.18,25.16,22,13,18.5,2,1
1024,0.34,0.8,74.05,57,0,10.41,7,1
1025,0.33,0.19,73.87,66,19,12.38,2,1
1026,0.17,0.89,28.36,19,8,6.72,5,1
1027,0.3,0.37,87.38,2,15,5.77,2,1
1028,0.3,0.69,69.14,75,5,5.88,8,1
1029,0.12,0.54,35.23,33,6,13.53,2,0
1030,0.29,0.43,43.32,73,17,9.82,9,1
1031,0.02,0.68,72.94,59,0,13.69,2,1
1032,0.21,0.95,21.95,89,15,13.89,4,1
1033,0.09,0.14,47.41,6,17,18.61,7,1
1034,0.05,0.93,65.7,11,17,18.23,9,1
1035,0.04,0.65,54.41,27,18,15.78,3,0
1036,0.25,0.83,61.22,72,12,17.28,2,1
1037,0.13,0.45,55.08,45,18,5.05,6,1
1038,0.26,0.52,20.72,31,2,5.23,1,1
1039,0.03,0.88,41.61,91,19,11.88,5,0
1040,0.12,0.47,53.67,63,16,14.81,8,0
1041,0.19,0.58,78.23,44,10,16.91,3,1
1042,0.28,0.12,65.74,41,16,11.71,5,1
1043,0.12,0.24,43.23,47,11,19.1,9,1
1044,0.22,0.68,97.47,69,11,17.22,1,1
1045,0.31,0.75,11.67,79,19,6.54,9,1
1046,0.22,0.62,21.47,2,15,11.6,1,1
1047,0.09,0.23,34.79,15,0,19.92,4,1
1048,0.02,0.5,23.63,95,19,11.15,1,0
1049,0.31,0.42,62.92,20,12,10.79,8,1
1050,0.02,0.55,4.92,3,1,9.41,7,0
1051,0.31,0.88,18.57,39,15,12.3,3,1
1052,0.19,0.8,30.04,74,6,15.95,5,0
1053,0.33,0.18,68.65,90,1,5.71,2,1
1054,0.28,0.9,87.71,10,17,17.54,5,1
1055,0.35,0.52,80.05,40,16,18.76,5,1
1056,0.13,0.77,19.03,13,15,16.72,9,0
1057,0.27,0.23,56.98,85,19,18.73,5,1
1058,0.15,0.7,3.97,98,17,6.42,2,1
1059,0.17,0.31,31.74,44,19,11.75,3,0
1060,0.22,0.49,80.79,32,15,6.07,6,1
1061,0.31,0.12,46.21,73,0,17.55,1,1
1062,0.34,0.24,15.84,30,4,19.29,6,1
1063,0.27,0.18,44.42,1,14,9.47,5,1
1064,0.15,0.32,20.61,53,12,13.03,2,0
1065,0.15,0.19,39.93,76,4,9.47,2,1
1066,0.26,0.72,49.3,44,17,10.68,2,1
1067,0.09,0.13,35.61,35,19,12.15,3,1
1068,0.05,0.66,93.76,88,4,16.86,2,1
1069,0.13,0.23,56.69,40,15,7.2,3,1
1070,0.11,0.95,84.45,45,10,7.36,9,1
1071,0.11,0.94,76.31,60,10,8.03,3,1
1072,0.09,0.3,66.46,63,2,5.8,7,1
1073,0.02,0.65,50.19,10,18,14.65,3,0
1074,0.02,0.13,1.22,47,9,7.85,6,1
1075,0.35,0.94,61.73,24,1,11.56,9,1
1076,0.16,0.57,36.24,57,16,15.28,6,0
1077,0.14,0.14,12.66,18,2,11.73,4,1
1078,0.24,0.41,45.02,57,2,18.59,5,1
1079,0.08,0.17,73.82,72,7,16.54,8,1
1080,0.33,0.45,96.21,46,15,9.1,8,1
1081,0.28,0.7,38.04,43,11,6.96,7,1
1082,0.04,0.52,54.73,77,18,18.42,5,0
1083,0.15,0.45,85.27,16,0,10.95,9,1
1084,0.31,0.21,34.07,14,18,10.74,1,1
1085,0.33,0.32,15.08,9,3,17.15,4,1
1086,0.17,0.19,28.91,73,16,5.14,7,1
1087,0.22,0.83,90.01,69,18,11.77,5,1
1088,0.07,0.22,16.78,61,3,15.71,4,1
1089,0.35,0.64,33.59,11,14,17.73,5,1
1090,0.09,0.41,47.0,19,6,18.28,1,0
1091,0.33,0.3,84.86,64,19,11.99,4,1
1092,0.23,0.68,93.83,38,16,17.72,1,1
1093,0.22,0.51,43.16,10,8,5.54,2,1
1094,0.18,0.46,93.26,16,6,9.58,9,1
1095,0.09,0.63,16.98,93,3,5.16,5,1
1096,0.07,0.54,16.53,69,16,7.48,9,1
1097,0.08,0.37,94.98,82,14,15.87,9,1
1098,0.07,0.6,51.46,42,8,5.07,5,1
1099,0.28,0.7,19.4,44,15,12.85,3,1
1100,0.13,0.12,49.31,53,5,11.21,4,1
1101,0.03,0.52,78.54,35,16,6.84,5,1
1102,0.34,0.15,82.87,36,6,15.28,6,1
1103,0.31,0.27,86.53,22,16,15.4,6,1
1104,0.33,0.6,57.39,24,13,15.9,8,1
1105,0.35,0.88,86.83,76,14,16.48,8,1
1106,0.07,0.89,51.49,12,19,9.72,8,0
1107,0.14,0.16,61.1,35,17,19.91,3,1
1108,0.27,0.48,76.11,50,18,6.09,4,1
1109,0.25,0.62,43.12,83,17,14.72,4,1
1110,0.06,0.23,8.28,78,13,19.56,7,1
1111,0.29,0.79,35.67,87,19,8.36,5,1
1112,0.09,0.77,62.77,40,4,9.17,4,1
1113,0.09,0.91,20.04,22,6,13.64,5,0
1114,0.19,0.11,15.69,47,11,16.72,1,1
1115,0.21,0.3,30.01,75,16,9.93,4,1
1116,0.21,0.84,4.18,66,18,17.55,7,1
1117,0.04,0.7,74.6,10,15,8.62,3,1
1118,0.31,0.9,26.61,43,1,18.12,7,1
1119,0.1,0.15,13.3,69,11,8.79,5,1
1120,0.05,0.64,70.21,94,16,14.26,1,1
1121,0.31,0.61,84.45,85,2,10.37,4,1
1122,0.33,0.13,2.97,97,7,9.83,3,1
1123,0.3,0.56,24.13,25,4,10.31,4,1
1124,0.29,0.65,94.58,47,16,12.49,6,1
1125,0.23,0.27,39.14,7,13,17.68,4,1
1126,0.2,0.35,93.92,28,13,16.39,7,1
1127,0.04,0.68,28.15,80,3,11.74,8,0
1128,0.15,0.52,22.59,45,14,9.23,3,0
1129,0.14,0.87,22.2,67,1,17.81,3,0
1130,0.1,0.41,9.44,83,3,18.05,2,0
1131,0.26,0.34,89.75,12,16,11.81,6,1
1132,0.18,0.99,98.0,83,2,15.44,6,1
1133,0.04,0.92,95.5,11,15,10.54,1,1
1134,0.08,0.13,85.35,3,11,7.24,9,1
1135,0.24,0.79,84.84,61,19,9.82,2,1
1136,0.04,0.2,66.45,66,2,15.23,4,1
1137,0.3,0.12,82.8,56,4,16.54,9,1
1138,0.18,0.35,21.63,26,15,17.77,7,0
1139,0.17,0.34,39.4,86,6,5.27,3,1
1140,0.21,0.84,64.44,81,19,12.3,2,1
1141,0.29,0.74,87.6,34,15,9.11,9,1
1142,0.13,0.98,66.39,55,16,15.26,2,1
1143,0.24,0.74,84.06,79,1,8.68,4,1
1144,0.2,0.48,47.92,76,11,13.49,2,0
1145,0.1,0.73,72.01,16,12,15.68,7,1
1146,0.31,1.0,98.02,80,4,16.55,6,1
1147,0.28,0.74,16.2,39,15,9.04,8,1
1148,0.23,0.79,92.77,6,7,6.32,3,1
1149,0.3,0.94,52.71,72,13,8.28,7,1
1150,0.3,0.2,64.68,52,7,13.99,8,1
1151,0.25,0.73,87.91,25,17,5.61,1,1
1152,0.29,0.87,41.56,56,19,7.38,8,1
1153,0.25,0.96,42.45,83,11,19.93,1,1
1154,0.24,0.29,53.19,19,10,10.73,6,1
1155,0.22,0.55,2.89,76,15,12.45,2,1
1156,0.27,0.71,50.17,73,14,5.17,9,1
1157,0.06,0.32,29.82,93,12,13.88,3,0
1158,0.31,0.64,92.87,27,17,9.88,4,1
1159,0.31,0.33,9.69,5,0,12.95,5,1
1160,0.02,0.4,46.47,26,0,12.89,3,0
1161,0.29,0.5,94.8,30,0,19.51,7,1
1162,0.05,0.58,90.2,78,8,9.02,2,1
1163,0.12,0.5,70.43,97,13,13.56,7,1
1164,0.26,0.54,59.35,35,17,10.72,5,1
1165,0.06,0.37,28.79,75,0,11.33,9,0
1166,0.29,0.24,37.33,53,19,5.83,2,1
1167,0.29,0.14,9.92,68,10,15.33,9,1
1168,0.18,0.28,78.82,33,1,7.93,9,1
1169,0.01,0.62,33.06,70,18,12.03,8,0
1170,0.11,0.81,67.11,28,1,11.51,5,1
1171,0.22,0.25,36.4,74,18,12.02,3,1
1172,0.34,0.2,46.97,36,1,10.63,1,1
1173,0.22,0.77,55.95,49,5,8.64,3,1
1174,0.1,0.37,80.38,90,14,11.73,6,1
1175,0.23,0.96,21.9,94,10,5.69,4,1
1176,0.19,0.74,40.48,86,15,8.63,6,0
1177,0.28,0.39,13.88,53,19,16.77,4,1
1178,0.05,0.36,8.5,69,2,17.64,9,0
1179,0.27,0.57,60.86,2,2,15.73,8,1
1180,0.19,0.17,19.72,97,18,14.49,6,1
1181,0.34,0.21,6.92,80,10,17.17,8,1
1182,0.13,0.26,89.81,71,5,6.92,7,1
1183,0.23,0.8,53.9,64,8,12.88,5,1
1184,0.33,0.56,14.33,21,4,6.74,9,1
1185,0.04,0.11,6.29,35,6,16.67,4,1
1186,0.33,0.71,12.87,46,19,12.81,4,1
1187,0.24,0.48,47.66,86,0,17.15,9,1
1188,0.03,0.56,67.18,48,2,16.99,4,1
1189,0.11,0.29,64.49,22,10,11.99,4,1
1190,0.25,0.6,15.3,6,9,12.45,8,1
1191,0.03,0.98,63.72,33,12,5.42,6,1
1192,0.21,0.17,41.08,39,2,12.85,7,1
1193,0.13,0.36,47.01,43,10,15.16,4,0
1194,0.22,0.32,80.34,25,19,8.5,1,1
1195,0.03,0.32,33.92,18,8,19.8,4,0
1196,0.31,0.44,15.55,41,10,19.62,4,1
1197,0.34,0.84,87.47,35,8,9.24,2,1
1198,0.34,0.92,22.0,24,12,15.69,8,1
1199,0.26,0.28,30.11,55,8,5.45,5,1
1200,0.05,0.59,70.95,40,13,14.99,9,1
1201,0.27,0.67,68.67,87,15,14.36,5,1
1202,0.02,0.57,80.24,97,16,17.33,4,1
1203,0.02,0.49,19.2,29,14,9.57,3,0
1204,0.12,0.27,35.88,10,10,18.17,1,1
1205,0.18,0.54,13.46,79,11,17.87,7,0
1206,0.27,0.46,54.56,10,10,15.04,9,1
1207,0.24,0.82,29.96,90,17,12.09,2,1
1208,0.16,0.79,69.2,64,11,14.28,4,1
1209,0.1,0.22,1.03,29,7,15.95,8,1
1210,0.35,0.18,6.91,98,9,19.63,9,1
1211,0.15,0.92,43.82,18,2,6.83,9,1
1212,0.16,0.58,95.86,2,19,9.7,6,1
1213,0.07,0.87,89.19,25,3,16.71,2,1
1214,0.28,0.15,99.41,85,12,11.14,1,1
1215,0.25,0.57,42.27,51,19,15.09,4,1
1216,0.09,0.59,5.61,95,7,7.0,6,1
1217,0.04,0.87,31.29,22,1,15.64,2,0
1218,0.24,0.19,67.9,9,1,15.11,6,1
1219,0.23,0.32,14.38,91,5,13.79,1,1
1220,0.1,0.47,30.7,89,19,16.48,6,0
1221,0.33,0.88,6.56,89,6,18.2,5,1
1222,0.06,0.94,48.02,91,3,17.44,2,0
1223,0.16,0.99,21.68,74,7,6.91,4,1
1224,0.33,0.96,10.03,94,17,16.17,9,1
1225,0.15,0.11,41.71,4,9,11.75,2,1
1226,0.23,0.14,35.77,21,19,10.01,5,1
1227,0.15,0.23,54.21,30,10,18.19,3,1
1228,0.1,0.41,75.15,33,6,13.39,2,1
1229,0.34,0.85,12.14,43,4,12.52,8,1
1230,0.15,0.9,79.32,90,10,16.77,9,1
1231,0.31,0.27,3.6,2,17,13.3,6,1
1232,0.09,0.66,44.87,87,15,17.87,5,0
1233,0.08,0.93,59.16,31,18,6.54,7,1
1234,0.02,0.52,95.74,4,19,16.64,3,1
1235,0.23,0.19,57.82,47,4,7.46,6,1
1236,0.14,0.51,16.72,84,6,8.38,7,0
1237,0.3,0.44,52.24,89,2,7.69,1,1
1238,0.17,0.62,40.18,45,9,8.58,4,0
1239,0.34,0.49,48.46,65,18,15.98,7,1
1240,0.07,0.12,20.51,66,4,14.83,6,1
1241,0.31,0.99,50.58,6,4,8.45,2,1
1242,0.27,0.59,15.85,7,10,9.05,8,1
1243,0.27,0.53,74.66,51,18,6.49,7,1
1244,0.3,0.96,59.8,68,11,11.22,2,1
1245,0.27,0.24,8.77,18,16,10.68,9,1
1246,0.22,0.27,89.07,41,19,7.19,6,1
1247,0.05,0.83,62.02,69,14,17.52,2,1
1248,0.02,0.33,32.29,25,17,17.79,5,0
1249,0.32,0.82,5.52,56,8,6.64,1,1
1250,0.22,0.34,63.59,1,16,9.0,2,1
1251,0.28,0.13,37.97,98,10,16.04,9,1
1252,0.17,0.57,90.85,55,5,18.05,1,1
1253,0.05,0.28,4.45,3,11,6.08,4,1
1254,0.05,0.78,4.87,54,10,18.54,9,0
1255,0.24,0.68,94.98,81,16,5.92,4,1
1256,0.16,0.93,96.52,32,9,14.51,1,1
1257,0.08,0.8,3.75,88,12,5.33,5,1
1258,0.18,0.26,71.89,2,4,18.92,6,1
1259,0.03,0.82,22.93,65,3,10.31,1,0
1260,0.21,0.68,70.44,98,6,14.73,8,1
1261,0.1,0.7,87.0,8,14,7.77,1,1
1262,0.28,0.85,10.98,58,1,9.82,6,1
1263,0.12,0.62,24.64,53,16,16.21,9,0
1264,0.16,0.52,3.38,44,7,19.59,3,0
1265,0.01,0.67,5.34,73,15,19.88,5,0
1266,0.03,0.37,3.93,28,19,17.15,1,0
1267,0.14,0.26,80.27,19,2,17.71,1,1
1268,0.17,0.65,30.53,56,16,19.54,2,0
1269,0.21,0.31,49.83,20,4,5.6,6,1
1270,0.11,0.17,79.0,71,13,7.55,7,1
1271,0.25,0.1,50.0,56,13,5.79,5,1
1272,0.3,0.65,43.49,35,13,12.52,1,1
1273,0.28,0.43,2.15,19,10,19.38,1,1
1274,0.02,0.78,57.24,81,19,13.74,1,0
1275,0.17,0.44,13.35,63,12,13.33,3,0
1276,0.05,0.54,76.7,82,8,17.4,4,1
1277,0.09,0.47,26.52,7,19,18.93,8,0
1278,0.35,0.69,67.74,27,1,15.48,9,1
1279,0.06,0.42,64.98,39,11,18.43,5,1
1280,0.18,0.97,62.05,30,7,7.63,4,1
1281,0.22,0.94,27.43,23,15,12.55,9,1
1282,0.25,0.86,27.44,84,0,10.47,6,1
1283,0.2,0.93,86.44,23,15,9.99,3,1
1284,0.01,0.5,2.27,90,5,8.21,7,0
1285,0.12,0.58,18.97,47,19,18.41,9,0
1286,0.19,0.77,61.41,78,5,11.76,2,1
1287,0.04,0.73,81.89,48,2,12.95,9,1
1288,0.13,0.9,36.48,95,8,9.14,2,0
1289,0.02,0.74,65.69,91,18,19.44,5,1
1290,0.04,1.0,56.16,63,2,14.17,1,0
1291,0.14,0.41,7.39,9,6,5.01,2,1
1292,0.06,0.85,62.55,23,13,9.02,7,1
1293,0.2,0.73,81.58,63,13,19.99,4,1
1294,0.24,0.72,99.25,74,2,19.62,7,1
1295,0.28,0.39,3.93,47,4,13.17,4,1
1296,0.08,0.81,66.35,87,4,13.46,1,1
1297,0.07,0.91,42.04,74,18,18.52,6,0
1298,0.05,0.3,1.97,66,9,15.63,9,0
1299,0.23,0.66,61.82,37,8,18.98,6,1
1300,0.25,0.45,13.12,38,15,12.19,7,1
1301,0.02,0.99,38.48,1,8,19.64,7,0
1302,0.33,0.53,26.88,48,5,13.09,1,1
1303,0.03,0.31,36.76,82,4,14.67,2,0
1304,0.19,0.44,49.78,35,3,6.24,1,1
1305,0.25,0.69,36.56,71,19,14.17,1,1
1306,0.31,0.17,55.72,86,17,16.52,8,1
1307,0.25,0.64,24.63,53,15,11.59,4,1
1308,0.28,0.94,63.9,25,6,12.54,8,1
1309,0.13,0.87,85.52,42,13,10.9,5,1
1310,0.29,0.16,23.18,23,16,19.54,1,1
1311,0.04,0.99,51.28,9,7,12.15,9,0
1312,0.31,0.73,65.22,27,10,6.89,3,1
1313,0.2,0.25,56.9,75,16,5.43,7,1
1314,0.29,0.11,37.2,51,13,16.59,7,1
1315,0.16,0.25,64.58,91,8,13.22,4,1
1316,0.23,0.85,3.8,92,5,5.04,8,1
1317,0.19,0.12,37.62,57,7,10.74,8,1
1318,0.26,0.31,53.73,82,16,18.71,2,1
1319,0.04,0.78,3.04,36,12,19.22,8,0
1320,0.03,0.63,51.26,34,12,5.8,5,1
1321,0.09,0.8,65.77,13,16,6.85,2,1
1322,0.06,0.77,76.16,55,18,5.07,6,1
1323,0.31,0.15,12.22,46,1,18.03,8,1
1324,0.08,0.9,99.07,52,17,6.06,4,1
1325,0.34,0.3,61.01,94,3,6.62,9,1
1326,0.12,0.6,36.96,28,6,8.41,8,0
1327,0.07,0.68,25.66,86,15,18.76,7,0
1328,0.28,0.25,57.72,88,18,15.32,7,1
1329,0.23,0.98,88.29,30,14,14.25,8,1
1330,0.18,0.54,52.54,45,13,16.77,7,0
1331,0.2,0.15,66.49,38,12,15.4,1,1
1332,0.25,0.94,36.41,20,19,16.19,5,1
1333,0.09,0.63,39.43,70,6,6.1,2,1
1334,0.35,0.73,29.33,97,14,13.85,5,1
1335,0.34,0.57,70.86,47,0,16.3,5,1
1336,0.23,0.85,36.56,59,1,13.48,6,1
1337,0.08,0.13,19.88,79,2,5.18,6,1
1338,0.24,0.34,37.57,79,4,8.17,6,1
1339,0.03,0.52,85.53,96,15,19.44,7,1
1340,0.02,0.17,74.09,14,16,15.57,2,1
1341,0.1,0.74,34.13,42,17,15.33,4,0
1342,0.17,0.45,90.77,61,15,14.9,5,1
1343,0.31,0.35,8.41,59,10,6.92,7,1
1344,0.26,0.1,5.93,8,2,5.06,2,1
1345,0.26,0.75,13.62,57,9,11.61,8,1
1346,0.15,0.85,12.53,22,17,11.66,2,0
1347,0.13,0.46,9.7,84,15,17.18,5,0
1348,0.14,0.61,66.47,88,8,7.72,9,1
1349,0.35,0.3,60.48,21,0,9.13,2,1
1350,0.02,0.66,65.11,28,10,6.17,2,1
1351,0.3,0.11,69.15,49,10,11.0,2,1
1352,0.21,0.54,75.93,23,12,8.84,7,1
1353,0.16,0.68,21.51,88,7,8.94,5,0
1354,0.26,0.93,62.61,54,18,8.81,9,1
1355,0.18,0.44,58.42,23,8,8.47,4,0
1356,0.31,0.79,94.42,68,5,9.8,1,1
1357,0.32,0.64,24.0,46,3,13.05,8,1
1358,0.15,0.93,6.81,68,8,11.57,6,0
1359,0.1,0.46,65.7,94,14,5.95,9,1
1360,0.21,0.39,74.28,28,17,11.39,3,1
1361,0.32,0.9,29.04,95,3,17.69,7,1
1362,0.08,0.14,57.51,97,18,6.51,1,1
1363,0.22,0.22,6.89,50,15,19.17,2,1
1364,0.22,0.17,96.04,83,5,9.63,5,1
1365,0.26,0.86,11.88,63,11,5.22,2,1
1366,0.05,0.11,7.69,10,14,8.8,8,1
1367,0.25,0.88,5.37,89,14,6.04,5,1
1368,0.32,0.51,43.3,37,14,13.5,9,1
1369,0.07,0.1,10.62,13,15,9.74,3,1
1370,0.09,0.46,74.72,70,13,17.1,6,1
1371,0.34,0.27,89.99,30,7,15.99,4,1
1372,0.07,0.66,26.76,87,1,12.03,7,0
1373,0.3,0.71,63.25,80,14,13.41,7,1
1374,0.18,0.54,5.19,72,7,14.13,5,0
1375,0.09,0.14,39.27,80,10,9.06,5,1
1376,0.31,0.69,30.0,11,15,7.09,4,1
1377,0.16,0.86,23.63,1,7,10.65,9,0
1378,0.19,0.75,64.83,86,4,6.42,7,1
1379,0.13,0.85,13.89,18,19,9.72,6,0
1380,0.21,0.28,86.21,11,3,13.29,3,1
1381,0.07,0.9,66.82,84,11,13.1,5,1
1382,0.14,0.39,71.36,10,9,6.81,4,1
1383,0.34,0.11,93.6,48,3,5.13,5,1
1384,0.1,0.86,94.29,61,18,6.33,2,1
1385,0.23,0.95,55.61,10,9,5.54,5,1
1386,0.12,0.69,50.04,60,18,11.01,7,0
1387,0.27,0.31,34.2,22,18,10.85,3,1
1388,0.05,0.33,71.84,75,10,8.62,4,1
1389,0.34,0.52,54.28,99,12,8.23,1,1
1390,0.16,0.91,93.35,9,1,10.95,9,1
1391,0.09,0.23,24.62,15,13,6.3,3,1
1392,0.03,0.84,31.72,83,19,8.21,6,0
1393,0.07,0.36,32.29,37,17,11.09,1,0
1394,0.19,0.83,80.79,70,15,6.42,5,1
1395,0.12,0.93,10.8,44,3,17.61,5,0
1396,0.29,0.48,46.11,69,0,15.14,5,1
1397,0.16,0.43,43.33,3,2,10.75,1,0
1398,0.09,0.82,8.24,10,11,7.26,7,1
1399,0.22,0.58,41.67,77,2,7.91,5,1
1400,0.25,0.72,51.82,4,17,6.8,1,1
1401,0.07,0.66,7.45,56,3,7.4,8,1
1402,0.07,0.24,51.48,40,16,11.34,6,1
1403,0.02,0.86,95.96,33,11,8.68,7,1
1404,0.26,0.28,97.91,98,19,18.27,4,1
1405,0.24,0.94,53.64,33,7,19.41,1,1
1406,0.17,0.33,51.99,60,16,15.37,8,0
1407,0.3,0.76,29.27,21,13,17.13,1,1
1408,0.28,0.36,99.71,69,19,8.83,9,1
1409,0.21,0.39,28.15,45,10,14.98,6,1
1410,0.31,0.38,45.84,57,7,5.87,5,1
1411,0.08,0.77,1.29,77,0,19.4,2,0
1412,0.05,0.6,35.57,40,16,15.05,8,0
1413,0.1,0.89,8.07,81,19,9.75,9,0
1414,0.03,0.38,74.64,64,17,16.6,3,1
1415,0.19,0.72,56.54,10,9,5.24,8,1
1416,0.33,0.78,57.65,74,8,10.64,5,1
1417,0.02,0.24,29.36,66,1,18.43,4,1
1418,0.05,0.46,81.67,85,19,8.95,9,1
1419,0.16,0.53,1.32,65,2,15.02,7,0
1420,0.33,0.42,34.03,30,0,10.4,4,1
1421,0.12,0.39,66.29,82,0,10.89,5,1
1422,0.18,0.72,90.88,35,17,16.19,5,1
1423,0.02,0.29,24.23,53,7,18.65,2,1
1424,0.06,0.74,54.57,39,17,7.5,5,1
1425,0.35,0.94,54.26,22,0,9.15,3,1
1426,0.34,0.61,87.54,67,16,12.32,5,1
1427,0.01,0.65,6.0,70,9,14.21,1,0
1428,0.33,0.16,43.02,80,8,12.02,8,1
1429,0.23,0.88,19.06,67,9,17.08,9,1
1430,0.31,0.36,3.13,75,0,16.52,9,1
1431,0.16,0.65,15.56,17,15,11.08,8,0
1432,0.19,0.98,97.67,19,6,5.61,2,1
1433,0.18,0.64,22.27,60,2,7.92,2,1
1434,0.24,0.75,93.57,72,16,12.3,5,1
1435,0.06,0.5,21.32,78,8,18.91,6,0
1436,0.02,0.15,93.2,90,14,13.51,5,1
1437,0.11,0.82,65.81,89,7,12.96,1,1
1438,0.25,0.13,12.21,51,3,15.86,1,1
1439,0.08,0.73,58.61,48,18,7.28,8,1
1440,0.24,0.12,32.53,57,1,7.2,5,1
1441,0.34,0.88,38.93,10,1,10.18,8,1
1442,0.04,0.24,44.58,32,12,19.92,3,1
1443,0.24,0.56,42.85,79,18,18.14,5,1
1444,0.16,0.64,66.75,68,0,15.2,2,1
1445,0.31,0.51,77.07,28,14,10.87,8,1
1446,0.07,0.41,33.59,4,1,13.32,1,0
1447,0.25,0.52,92.51,61,15,9.55,5,1
1448,0.29,0.38,93.91,77,13,15.11,7,1
1449,0.33,0.49,5.03,12,5,11.28,5,1
1450,0.24,0.42,2.48,15,10,6.8,3,1
1451,0.18,0.61,43.08,29,13,8.23,4,0
1452,0.22,0.31,59.47,87,19,14.13,9,1
1453,0.31,0.99,28.51,13,3,15.42,5,1
1454,0.2,0.55,26.68,38,16,6.44,3,1
1455,0.02,0.27,68.16,58,15,17.13,7,1
1456,0.33,0.53,60.57,35,5,17.37,6,1
1457,0.24,0.88,17.55,40,7,15.85,3,1
1458,0.24,0.12,88.57,76,12,15.25,3,1
1459,0.08,0.71,68.32,94,3,8.48,4,1
1460,0.23,0.59,36.9,5,15,18.79,3,1
1461,0.14,0.25,68.68,2,16,9.03,6,1
1462,0.23,0.84,12.15,30,3,7.74,1,1
1463,0.05,0.43,47.36,99,15,14.58,1,0
1464,0.23,0.36,17.73,10,1,10.46,7,1
1465,0.35,0.85,5.1,73,19,19.0,8,1
1466,0.03,0.67,34.49,81,12,11.9,4,0
1467,0.34,0.91,15.92,38,2,7.46,7,1
1468,0.15,0.67,63.72,59,9,19.36,2,1
1469,0.31,0.77,67.73,94,17,12.73,9,1
1470,0.28,0.85,15.72,35,2,12.78,9,1
1471,0.2,0.15,3.44,71,0,10.79,7,1
1472,0.26,0.8,79.49,12,10,17.54,5,1
1473,0.31,0.65,1.2,42,4,9.31,7,1
1474,0.15,0.16,35.05,98,2,5.21,7,1
1475,0.12,0.56,49.96,49,10,12.46,3,0
1476,0.24,0.17,82.05,67,0,18.89,7,1
1477,0.28,0.76,84.02,33,14,9.1,3,1
1478,0.27,0.59,72.77,13,6,8.99,3,1
1479,0.28,0.96,25.47,75,1,16.07,7,1
1480,0.16,0.26,72.3,20,14,16.63,7,1
1481,0.29,0.65,25.41,95,17,11.53,6,1
1482,0.05,0.29,22.25,33,3,17.5,7,1
1483,0.2,0.65,55.17,34,0,7.58,5,1
1484,0.01,0.75,68.21,50,8,10.51,9,1
1485,0.12,0.75,6.25,50,8,11.06,1,0
1486,0.13,0.83,6.94,9,5,9.69,5,0
1487,0.14,0.87,78.63,7,13,8.27,3,1
1488,0.25,0.17,86.09,9,8,10.07,8,1
1489,0.14,0.41,60.84,26,1,5.27,7,1
1490,0.16,0.72,43.45,2,8,15.55,1,0
1491,0.09,0.55,84.69,5,12,15.26,9,1
1492,0.14,0.27,73.15,66,19,11.75,5,1
1493,0.09,0.6,58.38,10,19,9.84,1,0
1494,0.03,0.47,32.66,31,11,11.51,1,0
1495,0.22,0.45,20.6,33,9,19.05,8,1
1496,0.24,0.83,42.45,6,4,14.05,3,1
1497,0.22,0.47,29.4,14,11,15.97,9,1
1498,0.17,0.12,34.59,78,0,8.44,8,1
1499,0.14,0.15,52.05,15,3,6.42,6,1
1500,0.3,0.87,17.74,97,12,6.25,6,1
1501,0.19,0.96,80.81,95,17,12.08,5,1
1502,0.17,0.72,15.41,81,1,15.75,2,0
1503,0.02,0.43,48.62,43,10,16.61,6,0
1504,0.13,0.94,74.85,79,3,15.81,8,1
1505,0.14,0.7,49.02,20,17,18.69,6,0
1506,0.15,0.86,36.74,21,6,5.78,7,1
1507,0.21,0.79,48.01,64,8,17.83,2,1
1508,0.19,0.44,85.02,29,1,14.91,2,1
1509,0.22,0.53,99.05,59,3,7.63,3,1
1510,0.27,0.27,63.48,73,13,15.24,7,1
1511,0.29,0.36,79.55,64,16,12.68,8,1
1512,0.25,0.8,2.43,93,0,10.39,4,1
1513,0.33,0.9,88.16,44,2,8.72,6,1
1514,0.02,0.75,95.45,34,0,11.96,9,1
1515,0.08,0.52,57.94,47,19,8.59,7,0
1516,0.01,0.18,75.63,9,12,6.24,4,1
1517,0.23,0.15,51.76,60,13,17.69,8,1
1518,0.32,0.44,29.33,30,11,13.89,8,1
1519,0.09,0.52,85.37,17,10,10.46,7,1
1520,0.33,0.65,60.09,52,17,11.7,5,1
1521,0.03,0.11,58.36,59,1,17.97,6,1
1522,0.33,0.99,66.25,4,2,9.8,3,1
1523,0.13,0.43,85.74,40,3,10.7,3,1
1524,0.04,0.86,73.46,96,8,16.49,4,1
1525,0.18,0.58,21.9,96,10,8.01,2,0
1526,0.1,0.22,47.22,7,8,14.89,6,1
1527,0.11,0.82,98.05,38,16,11.51,3,1
1528,0.11,0.74,55.9,32,14,12.5,2,0
1529,0.28,0.57,93.89,69,8,16.8,9,1
1530,0.19,0.56,81.52,67,6,19.9,1,1
1531,0.12,0.18,66.94,56,7,17.47,4,1
1532,0.22,0.69,35.59,20,2,7.41,9,1
1533,0.25,0.92,31.13,64,0,8.37,5,1
1534,0.1,0.18,64.7,17,3,11.15,6,1
1535,0.15,0.34,43.82,16,16,15.79,4,0
1536,0.05,0.91,80.08,11,0,12.64,6,1
1537,0.07,0.36,76.29,13,3,18.53,7,1
1538,0.24,0.69,31.9,18,7,5.73,6,1
1539,0.07,0.58,70.57,14,16,8.88,6,1
1540,0.19,0.64,49.96,34,11,8.29,3,0
1541,0.25,0.47,33.01,76,15,16.16,8,1
1542,0.05,0.37,41.88,86,4,11.97,8,0
1543,0.2,0.14,89.64,85,12,5.23,4,1
1544,0.1,0.77,36.59,26,12,16.6,8,0
1545,0.34,0.77,29.45,42,11,10.43,9,1
1546,0.17,0.7,35.83,61,2,8.91,5,0
1547,0.28,0.68,22.25,39,11,7.74,3,1
1548,0.2,0.32,54.92,2,19,19.19,7,0
1549,0.02,0.12,15.6,57,19,19.13,4,1
1550,0.23,0.83,81.93,50,19,6.15,8,1
1551,0.33,0.54,23.33,16,10,8.49,3,1
1552,0.21,0.38,60.21,62,9,14.69,1,1
1553,0.29,0.19,13.38,98,15,15.06,5,1
1554,0.31,0.16,97.87,11,5,11.27,6,1
1555,0.09,0.41,46.0,83,16,13.53,9,0
1556,0.08,0.82,82.39,63,12,15.54,3,1
1557,0.22,0.93,77.1,30,17,19.26,6,1
1558,0.15,0.91,71.66,54,11,15.88,8,1
1559,0.3,0.93,82.91,71,4,6.65,4,1
1560,0.32,0.92,10.95,27,19,15.77,6,1
1561,0.13,0.57,68.17,86,15,6.02,3,1
1562,0.09,0.3,27.32,64,2,12.54,9,0
1563,0.28,0.82,78.8,81,15,12.9,6,1
1564,0.1,0.29,95.73,79,10,16.67,2,1
1565,0.29,0.34,90.25,9,13,5.17,7,1
1566,0.15,0.31,12.38,76,12,18.12,7,0
1567,0.24,0.56,37.59,72,10,14.96,1,1
1568,0.04,0.39,37.07,2,13,5.47,4,1
1569,0.22,0.24,13.11,49,9,7.4,1,1
1570,0.16,0.51,10.71,48,17,5.59,6,1
1571,0.21,0.89,39.1,55,6,16.49,5,1
1572,0.07,0.61,99.22,80,17,7.56,3,1
1573,0.26,0.89,57.33,67,1,5.68,9,1
1574,0.3,0.28,62.56,31,7,7.07,9,1
1575,0.08,0.25,47.63,26,14,13.39,6,1
1576,0.04,0.62,66.57,66,5,12.43,6,1
1577,0.02,0.52,95.71,30,12,8.69,9,1
1578,0.23,0.69,59.28,77,4,19.14,2,1
1579,0.22,0.82,7.44,78,2,17.82,1,1
1580,0.2,0.78,49.8,1,14,9.72,3,0
1581,0.09,0.95,99.28,96,8,12.12,8,1
1582,0.14,0.46,39.35,70,16,12.75,2,0
1583,0.21,0.29,59.79,22,16,16.34,8,1
1584,0.18,0.6,11.56,75,12,11.42,6,0
1585,0.35,0.2,14.98,87,17,13.2,4,1
1586,0.06,0.36,87.59,54,19,11.19,4,1
1587,0.25,0.29,30.73,14,4,16.44,7,1
1588,0.15,0.46,31.24,14,12,13.34,7,0
1589,0.16,0.2,39.33,84,6,17.42,9,1
1590,0.25,0.13,96.68,71,3,5.81,4,1
1591,0.25,0.69,9.35,19,12,18.56,9,1
1592,0.35,0.65,82.06,26,16,17.29,4,1
1593,0.05,0.74,34.81,59,7,17.28,2,0
1594,0.05,0.69,85.1,22,2,7.1,7,1
1595,0.26,0.2,99.18,6,15,8.95,9,1
1596,0.21,0.36,35.52,63,1,19.7,2,1
1597,0.1,0.22,13.81,77,0,19.25,6,1
1598,0.04,0.86,15.29,74,7,8.4,6,0
1599,0.04,0.77,76.12,54,2,11.49,3,1
1600,0.31,0.28,15.35,19,16,7.34,8,1
1601,0.08,0.41,26.78,95,18,8.94,5,0
1602,0.12,0.97,21.24,10,15,7.77,4,1
1603,0.09,0.63,36.21,37,19,6.21,4,1
1604,0.13,0.82,8.36,77,9,13.69,5,0
1605,0.03,0.34,85.82,17,14,8.61,4,1
1606,0.19,0.29,86.15,55,6,19.88,6,1
1607,0.03,0.81,41.88,5,15,12.73,8,0
1608,0.28,0.72,61.6,21,16,10.39,2,1
1609,0.09,0.71,64.55,39,19,18.7,7,1
1610,0.19,0.6,75.18,20,12,14.31,6,1
1611,0.31,0.61,52.55,71,9,6.91,4,1
1612,0.23,0.76,51.52,15,8,12.47,2,1
1613,0.19,0.34,63.5,79,6,11.62,1,1
1614,0.12,0.42,70.6,53,11,16.48,8,1
1615,0.12,0.88,35.32,87,0,15.41,8,0
1616,0.24,0.38,33.71,33,15,10.56,9,1
1617,0.35,0.59,27.7,44,3,12.04,5,1
1618,0.24,0.73,55.34,66,13,12.78,9,1
1619,0.2,1.0,36.66,50,16,11.34,4,0
1620,0.26,0.49,54.49,32,11,6.62,4,1
1621,0.17,0.49,41.19,79,14,18.58,5,0
1622,0.03,0.86,83.84,71,11,15.09,3,1
1623,0.2,0.82,8.24,73,2,12.05,5,0
1624,0.34,0.76,57.65,55,9,13.54,5,1
1625,0.07,0.52,57.99,28,19,8.2,4,0
1626,0.24,0.39,38.99,86,16,12.96,5,1
1627,0.08,0.65,42.68,3,13,16.19,5,0
1628,0.19,0.89,80.21,53,12,13.01,9,1
1629,0.04,0.9,28.79,42,12,12.21,1,0
1630,0.16,0.2,87.27,2,7,11.94,7,1
1631,0.27,0.49,89.74,22,13,16.42,1,1
1632,0.13,0.52,65.41,25,1,16.3,1,1
1633,0.24,0.98,77.51,89,18,16.25,3,1
1634,0.28,0.71,61.68,32,1,8.69,5,1
1635,0.33,0.47,53.0,7,11,14.27,9,1
1636,0.09,0.12,96.7,62,19,16.68,9,1
1637,0.15,0.61,28.98,31,11,13.43,1,0
1638,0.06,0.19,16.26,63,18,16.68,3,1
1639,0.35,0.85,29.46,37,15,17.82,1,1
1640,0.33,0.78,61.85,68,1,7.61,1,1
1641,0.19,0.51,19.33,97,7,9.6,9,0
1642,0.3,0.49,90.97,79,1,14.02,2,1
1643,0.19,0.91,41.69,9,9,9.35,1,0
1644,0.22,0.36,85.15,70,15,19.12,6,1
1645,0.04,0.32,25.67,46,6,7.91,2,1
1646,0.27,0.95,32.0,95,18,10.35,5,1
1647,0.05,0.83,6.86,34,19,19.91,3,0
1648,0.29,0.84,26.52,60,2,7.84,5,1
1649,0.28,0.28,49.54,13,16,11.73,8,1
1650,0.25,0.23,94.67,36,7,9.71,6,1
1651,0.02,0.12,39.5,96,3,17.15,8,1
1652,0.11,0.31,64.33,86,0,9.56,6,1
1653,0.1,0.8,43.34,48,17,7.42,4,1
1654,0.13,0.32,5.63,93,0,19.0,4,0
1655,0.04,0.76,50.85,75,8,9.76,3,0
1656,0.33,0.33,7.53,6,13,16.13,8,1
1657,0.2,0.46,88.49,5,6,9.36,9,1
1658,0.11,0.98,75.55,65,7,7.68,8,1
1659,0.14,0.32,38.49,50,7,17.04,9,0
1660,0.16,0.44,64.38,74,0,5.83,9,1
1661,0.21,0.37,12.09,74,2,9.98,3,1
1662,0.19,0.2,70.55,24,8,16.7,4,1
1663,0.32,0.54,82.45,7,7,12.68,3,1
1664,0.18,0.44,82.35,86,4,15.34,5,1
1665,0.35,0.73,29.14,58,0,6.0,9,1
1666,0.3,0.84,27.11,21,1,16.25,3,1
1667,0.08,0.59,52.62,86,9,7.58,6,1
1668,0.33,0.13,96.81,33,13,17.13,4,1
1669,0.05,0.66,92.13,44,14,13.46,1,1
1670,0.29,0.15,36.6,25,9,16.09,8,1
1671,0.14,0.65,78.2,95,8,8.19,3,1
1672,0.31,0.72,92.21,80,11,10.93,8,1
1673,0.31,0.28,26.83,15,9,17.03,5,1
1674,0.28,0.84,83.2,29,8,18.66,8,1
1675,0.28,0.92,27.52,83,17,8.4,1,1
1676,0.11,0.83,34.98,52,18,16.9,6,0
1677,0.04,0.37,20.68,17,18,6.63,3,1
1678,0.15,0.63,51.2,90,16,11.39,5,0
1679,0.07,0.92,84.49,36,1,19.08,4,1
1680,0.25,0.39,53.28,35,9,19.18,9,1
1681,0.13,0.84,13.22,40,4,9.45,3,0
1682,0.34,0.11,25.93,23,6,7.89,7,1
1683,0.23,0.1,56.72,73,5,7.24,4,1
1684,0.29,0.78,58.74,34,1,12.21,3,1
1685,0.06,0.79,58.11,58,7,6.38,3,1
1686,0.3,0.81,8.62,82,3,10.35,4,1
1687,0.32,0.94,75.62,80,17,5.26,7,1
1688,0.18,0.21,91.03,61,3,8.89,9,1
1689,0.22,0.31,51.54,96,7,18.5,6,1
1690,0.27,0.91,72.16,28,16,11.7,1,1
1691,0.07,0.26,91.49,60,13,6.11,8,1
1692,0.18,0.71,64.62,32,7,14.7,2,1
1693,0.15,0.58,67.76,58,13,19.33,9,1
1694,0.06,0.17,72.42,82,7,11.95,3,1
1695,0.13,0.36,26.79,44,13,14.36,7,0
1696,0.03,0.57,58.69,34,10,18.79,6,0
1697,0.02,0.87,84.38,93,8,11.29,9,1
1698,0.06,0.74,30.32,21,16,14.97,3,0
1699,0.34,0.66,89.82,1,16,11.61,2,1
1700,0.2,0.55,62.42,55,11,19.43,3,1
1701,0.34,0.37,42.89,80,19,12.56,4,1
1702,0.16,0.21,62.7,49,1,18.28,5,1
1703,0.12,0.47,40.78,97,16,12.61,6,0
1704,0.18,0.13,83.97,21,19,15.03,7,1
1705,0.16,0.29,48.75,99,10,10.79,3,1
1706,0.05,0.49,90.22,55,8,18.76,9,1
1707,0.23,0.48,51.47,27,17,14.7,3,1
1708,0.08,0.14,66.38,20,5,5.3,3,1
1709,0.22,0.63,99.78,95,3,5.23,8,1
1710,0.23,0.59,15.55,16,13,15.14,3,1
1711,0.06,0.17,73.94,78,19,6.71,7,1
1712,0.03,0.95,14.75,48,9,15.74,1,0
1713,0.28,0.19,84.05,32,3,9.83,1,1
1714,0.17,0.87,60.05,32,14,13.08,5,1
1715,0.03,0.1,93.88,53,8,7.62,9,1
1716,0.35,0.89,86.73,53,11,8.69,8,1
1717,0.03,0.12,8.41,2,7,11.55,2,1
1718,0.25,0.78,14.59,57,4,14.98,8,1
1719,0.34,0.43,60.52,22,15,7.34,9,1
1720,0.09,0.76,52.31,52,14,9.22,4,0
1721,0.06,0.46,17.69,81,16,8.1,9,0
1722,0.05,0.16,13.81,96,0,17.94,4,1
1723,0.11,0.79,56.84,81,11,14.72,8,0
1724,0.04,0.16,5.84,58,19,12.03,7,1
1725,0.25,0.93,87.5,34,18,19.2,7,1
1726,0.03,0.15,80.9,71,4,16.04,9,1
1727,0.18,0.53,78.75,93,14,18.98,8,1
1728,0.35,0.75,2.58,17,8,13.96,6,1
1729,0.29,0.45,5.72,88,2,7.07,4,1
1730,0.22,0.3,55.43,72,11,15.13,5,1
1731,0.11,0.78,99.45,23,18,8.02,4,1
1732,0.22,0.81,34.89,33,14,10.19,1,1
1733,0.19,0.93,35.09,29,2,12.64,6,0
1734,0.15,0.44,14.29,19,19,7.36,9,1
1735,0.05,0.56,67.76,69,17,5.31,7,1
1736,0.31,0.43,65.02,37,15,9.91,4,1
1737,0.16,0.33,11.03,87,14,17.36,1,0
1738,0.08,0.78,47.27,26,4,5.23,8,1
1739,0.14,0.41,67.04,24,9,6.64,2,1
1740,0.15,0.49,49.86,54,9,17.1,2,0
1741,0.29,0.46,67.76,21,12,9.59,7,1
1742,0.26,0.74,81.81,97,17,19.07,8,1
1743,0.27,0.93,68.9,90,9,10.7,2,1
1744,0.01,0.7,62.0,10,15,16.95,2,1
1745,0.15,0.52,85.51,42,1,8.88,4,1
1746,0.17,0.8,90.16,29,17,5.93,9,1
1747,0.02,0.68,39.5,57,3,18.22,9,0
1748,0.1,0.15,18.15,35,18,18.91,8,1
1749,0.27,0.19,81.97,28,4,15.62,7,1
1750,0.06,0.13,22.16,12,16,16.55,8,1
1751,0.19,0.51,92.97,58,1,5.11,7,1
1752,0.08,0.84,3.26,44,14,16.31,3,0
1753,0.01,0.38,92.21,7,5,12.08,4,1
1754,0.09,0.45,59.33,16,17,11.79,2,0
1755,0.34,0.92,77.7,84,13,13.1,8,1
1756,0.28,0.85,40.45,93,11,9.07,8,1
1757,0.34,0.7,99.18,35,5,15.44,7,1
1758,0.18,0.34,23.53,92,19,9.43,9,0
1759,0.05,0.21,27.17,7,19,13.38,7,1
1760,0.2,0.11,6.09,86,17,7.05,3,1
1761,0.16,0.2,94.11,14,2,15.13,8,1
1762,0.3,0.36,46.15,59,5,7.84,3,1
1763,0.04,0.6,67.81,62,3,7.56,1,1
1764,0.18,0.16,69.06,74,18,5.36,1,1
1765,0.06,0.22,87.58,66,16,6.83,4,1
1766,0.12,0.26,66.83,22,10,8.49,2,1
1767,0.26,0.67,56.64,16,13,8.33,8,1
1768,0.17,0.65,71.32,99,10,9.92,1,1
1769,0.14,0.6,75.35,75,18,5.82,6,1
1770,0.14,0.33,19.41,43,16,19.03,4,0
1771,0.17,0.43,11.86,97,3,6.79,8,1
1772,0.28,0.19,8.41,98,11,15.53,3,1
1773,0.31,0.3,38.03,97,3,13.03,5,1
1774,0.33,0.91,50.3,83,11,13.29,7,1
1775,0.28,0.98,61.95,20,16,6.58,1,1
1776,0.12,0.68,95.85,10,14,8.65,4,1
1777,0.24,0.93,33.75,19,6,16.7,2,1
1778,0.16,0.68,76.33,12,0,11.96,4,1
1779,0.1,0.13,53.6,10,4,11.86,2,1
1780,0.3,1.0,22.79,71,11,13.19,2,1
1781,0.02,0.19,61.92,56,6,11.51,7,1
1782,0.32,0.71,96.75,11,14,17.09,8,1
1783,0.17,0.33,13.31,80,4,16.23,7,0
1784,0.23,0.45,51.22,97,8,9.76,9,1
1785,0.23,0.68,6.11,61,0,17.18,8,1
1786,0.31,0.49,32.8,38,5,12.78,8,1
1787,0.23,0.33,62.44,17,15,14.42,6,1
1788,0.22,0.4,84.26,54,14,17.99,5,1
1789,0.03,0.41,73.3,45,1,12.14,1,1
1790,0.19,0.96,46.82,25,12,16.34,2,0
1791,0.06,0.82,91.01,31,4,14.42,1,1
1792,0.26,0.51,30.97,65,15,11.4,9,1
1793,0.18,0.28,75.64,39,0,16.84,4,1
1794,0.24,0.83,47.93,20,9,6.58,3,1
1795,0.02,0.24,89.96,73,15,13.72,2,1
1796,0.04,0.29,79.95,43,12,5.7,7,1
1797,0.25,0.43,90.25,66,1,7.34,6,1
1798,0.03,0.89,22.21,1,3,13.98,7,0
1799,0.03,0.22,67.15,55,0,9.61,1,1
1800,0.01,0.21,74.11,51,10,8.94,1,1
1801,0.34,0.54,74.5,5,8,19.34,4,1
1802,0.26,0.35,50.9,12,5,10.49,5,1
1803,0.13,0.61,2.11,14,0,13.47,2,0
1804,0.11,0.51,26.88,60,7,13.01,6,0
1805,0.13,0.49,33.01,96,7,5.93,2,1
1806,0.27,0.2,85.35,40,3,15.11,7,1
1807,0.23,0.23,84.25,9,3,12.69,2,1
1808,0.07,0.84,11.36,42,0,10.72,1,0
1809,0.07,0.9,95.03,42,7,5.99,9,1
1810,0.04,0.31,19.06,33,17,9.4,4,0
1811,0.23,0.2,42.02,25,19,18.26,1,1
1812,0.27,0.15,22.3,78,18,7.61,8,1
1813,0.1,0.65,86.17,9,10,8.29,9,1
1814,0.02,0.74,75.19,91,19,8.08,6,1
1815,0.04,0.44,36.0,44,9,18.36,4,0
1816,0.34,0.71,68.51,83,5,15.5,2,1
1817,0.11,0.74,19.25,58,6,18.23,8,0
1818,0.27,0.94,38.85,25,1,18.71,3,1
1819,0.22,0.16,38.33,32,17,18.92,6,1
1820,0.14,0.27,24.56,22,17,12.29,6,1
1821,0.08,0.16,87.75,93,16,12.14,1,1
1822,0.05,0.88,68.21,55,12,17.43,7,1
1823,0.22,0.81,28.71,92,14,9.98,7,1
1824,0.27,0.62,24.97,61,10,5.33,5,1
1825,0.23,0.18,2.78,57,6,9.97,2,1
1826,0.19,0.35,35.31,77,16,15.75,4,0
1827,0.02,0.37,53.15,61,18,6.85,7,1
1828,0.34,0.6,28.49,92,7,16.77,6,1
1829,0.28,0.33,70.35,67,16,17.23,9,1
1830,0.11,0.17,41.76,94,15,6.51,8,1
1831,0.34,0.76,32.32,75,13,6.47,5,1
1832,0.21,0.37,93.97,2,17,7.98,7,1
1833,0.21,0.51,27.02,57,8,10.35,3,1
1834,0.26,0.21,40.43,73,17,12.99,4,1
1835,0.29,0.82,38.85,33,19,12.28,7,1
1836,0.23,0.61,24.88,90,15,17.8,1,1
1837,0.05,0.91,22.53,63,16,7.13,9,1
1838,0.13,0.55,30.94,16,16,15.46,7,0
1839,0.33,0.95,86.56,89,15,13.23,9,1
1840,0.09,0.9,76.94,1,18,16.05,7,1
1841,0.14,0.62,68.42,85,10,10.13,5,1
1842,0.16,0.94,46.25,64,5,12.07,1,0
1843,0.16,0.39,51.27,84,18,5.43,7,1
1844,0.22,0.43,27.45,69,6,6.74,9,1
1845,0.33,0.14,8.36,17,8,10.62,3,1
1846,0.09,0.63,33.77,40,11,12.22,5,0
1847,0.05,0.75,50.06,1,1,6.29,3,1
1848,0.08,0.8,6.67,13,3,17.37,1,0
1849,0.31,0.23,9.74,18,2,19.19,8,1
1850,0.23,0.5,27.04,68,11,13.95,7,1
1851,0.11,0.26,37.34,14,2,5.8,8,1
1852,0.29,0.7,39.94,5,8,16.08,3,1
1853,0.3,0.24,12.67,62,11,8.26,5,1
1854,0.3,0.91,23.36,33,7,16.0,7,1
1855,0.32,0.31,26.9,26,18,11.52,9,1
1856,0.1,0.36,7.7,61,4,5.8,6,1
1857,0.27,0.87,33.28,68,4,9.18,3,1
1858,0.17,0.51,8.15,30,7,11.41,7,0
1859,0.3,0.12,70.64,62,2,16.04,7,1
1860,0.26,0.55,39.22,62,18,7.0,3,1
1861,0.27,0.18,33.35,81,8,9.31,5,1
1862,0.23,0.99,13.53,92,13,6.25,6,1
1863,0.07,0.63,23.42,70,19,14.24,1,0
1864,0.2,0.33,24.04,57,1,12.11,1,0
1865,0.34,0.61,98.54,91,14,18.94,4,1
1866,0.33,0.17,83.7,36,3,16.11,7,1
1867,0.02,0.82,2.51,7,1,16.67,7,0
1868,0.07,0.93,62.07,65,8,7.47,8,1
1869,0.05,0.89,26.34,74,3,9.0,6,0
1870,0.26,0.41,11.33,77,4,12.7,7,1
1871,0.29,0.39,70.85,41,10,5.2,6,1
1872,0.08,0.13,14.03,32,3,18.05,5,1
1873,0.18,0.69,44.93,14,3,16.67,6,0
1874,0.3,0.58,63.58,33,14,5.87,4,1
1875,0.26,0.51,55.89,30,4,17.74,7,1
1876,0.19,0.92,97.79,73,2,5.07,8,1
1877,0.21,0.25,78.79,6,15,6.71,8,1
1878,0.18,0.11,77.65,10,0,5.83,4,1
1879,0.11,0.17,36.2,75,0,12.19,3,1
1880,0.2,0.3,1.83,20,0,16.76,7,0
1881,0.24,0.13,73.71,89,2,7.68,7,1
1882,0.31,0.55,99.97,12,8,16.57,3,1
1883,0.23,0.38,41.18,22,12,7.77,1,1
1884,0.27,0.26,98.57,76,12,19.86,3,1
1885,0.06,0.78,15.03,14,12,17.8,3,0
1886,0.17,0.28,30.35,48,7,16.06,6,1
1887,0.01,0.72,17.9,54,7,13.88,2,0
1888,0.09,0.41,48.04,36,18,8.64,4,0
1889,0.26,0.56,79.9,61,4,6.79,5,1
1890,0.35,0.94,34.73,55,9,11.9,6,1
1891,0.04,0.13,90.72,14,18,11.04,9,1
1892,0.15,0.55,54.94,2,2,15.12,5,0
1893,0.28,0.87,47.08,2,6,7.55,2,1
1894,0.08,0.63,78.92,61,5,13.43,7,1
1895,0.2,0.35,11.04,6,6,15.4,1,0
1896,0.26,0.46,77.6,25,6,9.48,8,1
1897,0.22,0.71,25.05,67,19,16.7,7,1
1898,0.07,0.9,28.8,23,7,11.48,8,0
1899,0.13,0.14,60.35,73,1,7.44,1,1
1900,0.28,0.16,90.29,95,14,7.92,6,1
1901,0.2,0.39,58.26,28,9,9.18,5,0
1902,0.01,0.31,65.25,25,14,7.37,2,1
1903,0.27,0.34,77.88,99,1,13.44,8,1
1904,0.02,0.3,26.67,65,2,19.24,2,0
1905,0.26,0.28,82.9,66,18,18.44,2,1
1906,0.08,0.22,42.38,79,4,9.86,9,1
1907,0.34,0.94,18.39,43,18,17.97,6,1
1908,0.14,0.23,35.66,40,6,19.31,3,1
1909,0.12,0.28,25.37,80,13,9.41,9,1
1910,0.06,0.32,23.64,23,11,18.58,2,0
1911,0.11,0.94,28.97,49,9,19.96,8,0
1912,0.31,0.78,18.91,99,9,16.97,4,1
1913,0.35,0.81,67.1,8,3,10.85,2,1
1914,0.14,0.19,58.42,7,17,14.13,5,1
1915,0.16,0.85,65.2,21,5,10.46,3,1
1916,0.26,0.47,35.03,35,19,19.94,9,1
1917,0.31,0.34,77.2,97,3,6.02,8,1
1918,0.21,0.62,13.83,99,4,18.4,6,1
1919,0.14,0.84,57.54,82,13,6.12,6,1
1920,0.15,0.8,28.27,61,8,5.63,9,1
1921,0.25,0.9,53.23,83,14,19.1,2,1
1922,0.01,0.94,33.04,74,0,18.01,7,0
1923,0.22,0.31,79.26,68,12,10.42,3,1
1924,0.13,0.48,89.24,30,1,19.36,3,1
1925,0.28,0.11,74.52,97,14,17.93,4,1
1926,0.04,0.89,18.38,68,14,18.53,5,0
1927,0.21,0.24,28.21,9,15,13.93,5,1
1928,0.17,0.88,92.02,17,2,19.37,1,1
1929,0.23,0.4,44.28,43,12,17.14,6,1
1930,0.03,0.43,94.18,88,19,19.1,2,1
1931,0.21,0.14,39.85,57,0,9.22,2,1
1932,0.2,0.39,95.23,13,13,12.98,9,1
1933,0.2,0.9,92.65,57,2,18.01,1,1
1934,0.22,0.12,66.39,26,16,13.7,2,1
1935,0.24,0.47,1.87,61,16,17.02,9,1
1936,0.28,0.13,40.63,62,8,19.6,4,1
1937,0.1,0.43,91.21,19,19,17.07,4,1
1938,0.29,0.26,88.63,81,19,9.73,9,1
1939,0.18,0.33,19.55,30,3,6.78,5,1
1940,0.04,0.89,40.52,90,10,9.09,4,0
1941,0.03,0.49,83.72,13,14,14.94,9,1
1942,0.12,0.35,58.21,49,12,5.16,4,1
1943,0.28,0.63,84.88,82,19,7.85,4,1
1944,0.25,0.23,82.83,85,11,9.9,7,1
1945,0.28,0.33,90.84,98,14,18.13,1,1
1946,0.19,0.59,12.6,51,5,5.77,3,1
1947,0.16,0.31,15.38,9,17,5.75,4,1
1948,0.06,0.71,9.2,94,16,13.28,8,0
1949,0.12,0.54,93.59,29,16,7.67,9,1
1950,0.16,0.79,48.04,93,10,8.63,1,0
1951,0.04,0.95,7.37,83,17,7.76,3,1
1952,0.09,0.2,32.83,8,2,13.72,3,1
1953,0.21,0.4,35.79,81,3,5.83,8,1
1954,0.26,0.39,81.15,76,12,19.1,5,1
1955,0.35,0.24,73.81,15,0,6.85,5,1
1956,0.33,0.83,69.25,69,18,19.27,8,1
1957,0.23,0.78,3.16,34,19,16.67,6,1
1958,0.15,0.54,91.16,52,4,17.42,6,1
1959,0.23,0.58,22.34,50,12,7.59,7,1
1960,0.28,0.15,63.28,67,15,15.04,1,1
1961,0.05,0.6,7.12,5,15,17.26,9,0
1962,0.15,0.81,9.07,98,10,13.37,5,0
1963,0.3,0.62,1.95,9,8,13.27,8,1
1964,0.14,0.34,57.03,88,17,7.39,6,1
1965,0.2,0.7,63.31,5,14,11.21,6,1
1966,0.21,0.43,6.0,27,12,7.26,4,1
1967,0.07,0.59,29.76,84,6,19.59,3,0
1968,0.13,0.54,85.29,47,2,15.27,2,1
1969,0.12,0.44,11.03,62,11,5.73,4,1
1970,0.02,0.75,22.44,45,17,12.15,1,0
1971,0.02,0.9,43.01,66,8,14.57,6,0
1972,0.29,0.1,84.39,23,2,6.43,7,1
1973,0.1,0.94,26.23,98,0,14.97,5,0
1974,0.19,0.56,99.72,61,6,7.66,1,1
1975,0.11,0.73,36.17,93,18,11.12,3,0
1976,0.33,0.87,39.26,43,11,14.38,6,1
1977,0.1,0.52,13.09,35,13,10.48,7,0
1978,0.16,0.85,68.34,30,12,10.71,9,1
1979,0.31,0.26,25.1,67,4,17.65,2,1
1980,0.3,0.24,63.26,10,11,9.64,3,1
1981,0.07,0.69,23.09,56,7,14.83,4,0
1982,0.28,0.88,39.4,34,5,17.74,5,1
1983,0.17,0.9,85.81,65,17,7.29,7,1
1984,0.17,0.68,74.15,6,6,5.69,6,1
1985,0.06,0.57,16.3,70,18,17.38,5,0
1986,0.04,0.4,61.16,43,14,13.27,6,1
1987,0.26,0.98,63.24,16,9,17.42,1,1
1988,0.18,0.39,9.97,63,8,8.2,8,0
1989,0.16,0.77,47.11,65,19,17.49,7,0
1990,0.26,0.58,26.81,5,15,6.43,3,1
1991,0.27,0.65,47.25,25,19,18.25,2,1
1992,0.06,0.45,77.93,27,3,17.34,9,1
1993,0.22,0.97,16.67,42,9,13.51,5,1
1994,0.06,0.61,13.21,55,9,14.13,9,0
1995,0.27,0.94,27.66,26,7,10.19,9,1
1996,0.23,0.11,95.28,16,0,8.02,3,1
1997,0.34,0.62,75.03,90,2,11.83,3,1
1998,0.03,0.75,2.93,28,11,14.86,9,0
1999,0.03,0.77,40.7,92,6,19.98,3,0
2000,0.11,0.91,26.48,30,0,17.26,7,0
2001,0.1,0.1,64.18,77,19,11.51,3,1
2002,0.09,0.1,46.47,89,0,16.15,1,1
2003,0.32,0.53,96.49,45,3,6.62,3,1
2004,0.09,0.13,22.68,19,17,11.23,5,1
2005,0.1,0.98,59.2,13,4,11.37,8,0
2006,0.27,0.3,70.32,75,0,19.98,7,1
2007,0.16,0.53,82.73,23,0,10.87,1,1
2008,0.27,0.16,41.29,14,4,6.25,2,1
2009,0.03,0.57,69.01,74,17,6.01,9,1
2010,0.18,0.44,31.02,98,8,15.48,8,0
2011,0.02,0.14,44.11,23,9,9.34,2,1
2012,0.03,0.4,89.67,40,6,18.03,3,1
2013,0.32,0.45,95.04,64,14,12.24,8,1
2014,0.06,0.99,72.16,85,13,9.96,4,1
2015,0.19,0.29,38.06,59,3,16.39,2,1
2016,0.15,0.59,82.19,20,13,11.26,4,1
2017,0.13,0.99,3.56,32,6,16.06,6,0
2018,0.32,0.81,11.17,78,7,15.71,8,1
2019,0.02,0.99,66.48,24,7,15.85,3,1
2020,0.24,0.97,29.83,46,4,17.86,5,1
2021,0.34,0.54,95.19,18,10,17.73,3,1
2022,0.2,0.73,44.17,94,1,14.97,8,0
2023,0.33,0.2,43.51,92,14,19.35,8,1
2024,0.03,0.5,68.13,48,18,5.31,6,1
2025,0.15,0.83,76.99,14,17,18.96,1,1
2026,0.1,0.55,48.08,54,14,7.22,3,1
2027,0.26,0.73,22.19,21,18,8.17,7,1
2028,0.34,0.77,77.56,98,6,17.26,8,1
2029,0.1,0.33,32.71,5,3,11.01,3,0
2030,0.23,0.89,18.34,31,13,11.38,6,1
2031,0.08,0.51,63.53,67,7,8.92,2,1
2032,0.2,0.29,9.95,87,9,8.37,1,1
2033,0.17,0.88,97.16,59,12,6.59,9,1
2034,0.34,0.48,63.61,44,5,7.95,9,1
2035,0.22,0.78,98.6,64,3,13.5,5,1
2036,0.13,0.59,34.55,94,4,15.6,1,0
2037,0.05,0.44,97.15,42,9,16.08,2,1
2038,0.06,0.83,15.41,94,12,10.55,1,0
2039,0.09,0.63,5.03,38,18,18.83,6,0
2040,0.1,0.45,4.27,7,10,9.93,2,0
2041,0.3,0.2,47.02,59,18,6.67,1,1
2042,0.2,0.91,9.22,69,4,19.18,6,0
2043,0.19,0.13,51.7,70,4,13.11,2,1
2044,0.05,0.88,33.42,49,0,19.57,9,0
2045,0.3,0.42,34.23,78,8,10.9,3,1
2046,0.26,0.68,63.93,11,6,16.36,8,1
2047,0.03,0.93,17.15,2,8,6.65,9,1
2048,0.25,0.24,76.89,95,9,17.81,5,1
2049,0.19,0.61,58.62,27,2,7.56,6,1
2050,0.04,0.79,91.58,16,17,6.03,5,1
2051,0.17,0.78,37.12,64,8,6.47,6,1
2052,0.17,0.57,98.29,66,4,13.36,2,1
2053,0.07,0.66,58.01,49,10,9.38,9,0
2054,0.33,0.78,97.37,90,0,19.41,7,1
2055,0.3,0.86,3.68,16,1,17.79,6,1
2056,0.24,0.79,73.07,73,17,17.05,4,1
2057,0.17,0.42,81.85,52,19,17.14,9,1
2058,0.15,1.0,6.26,73,13,18.36,7,0
2059,0.23,0.49,58.32,5,7,17.98,4,1
2060,0.2,0.12,80.39,36,18,18.92,3,1
2061,0.03,0.43,56.54,7,13,19.02,8,0
2062,0.18,0.22,7.32,61,13,9.47,6,1
2063,0.28,0.21,69.65,96,19,8.29,2,1
2064,0.17,0.35,7.0,29,7,14.65,7,0
2065,0.03,0.15,81.93,67,8,6.85,8,1
2066,0.28,0.72,5.26,30,13,8.17,5,1
2067,0.08,0.17,14.6,40,11,16.59,3,1
2068,0.1,0.28,28.24,31,12,14.74,8,1
2069,0.07,0.18,63.7,48,5,14.76,2,1
2070,0.12,0.16,97.66,91,13,19.26,6,1
2071,0.27,0.34,12.66,6,14,15.01,7,1
2072,0.19,0.61,15.13,62,1,11.46,9,0
2073,0.08,0.97,37.52,29,17,9.2,5,0
2074,0.31,0.89,83.79,9,9,10.08,1,1
2075,0.31,0.89,47.26,54,6,9.17,2,1
2076,0.31,0.26,32.84,84,4,5.52,8,1
2077,0.09,0.34,56.56,11,7,8.92,1,0
2078,0.16,0.17,26.79,19,19,17.53,2,1
2079,0.34,0.8,40.71,74,12,15.92,5,1
2080,0.27,0.16,33.93,5,6,14.33,3,1
2081,0.02,0.6,80.61,87,17,18.53,4,1
2082,0.03,0.32,92.5,70,8,8.96,5,1
2083,0.17,0.32,76.2,95,11,13.67,3,1
2084,0.32,0.99,44.47,18,16,5.47,5,1
2085,0.19,0.78,50.93,21,9,18.38,3,0
2086,0.18,0.85,13.38,15,6,11.72,1,0
2087,0.05,0.61,74.94,59,4,7.67,7,1
2088,0.23,0.88,60.05,95,14,8.59,4,1
2089,0.29,0.68,90.34,74,15,17.72,8,1
2090,0.14,0.95,20.86,6,15,6.63,4,1
2091,0.27,0.35,76.21,24,9,18.88,7,1
2092,0.34,0.64,68.78,97,13,10.6,3,1
2093,0.08,0.72,27.32,60,19,8.77,2,0
2094,0.19,0.45,67.07,28,16,9.98,3,1
2095,0.11,0.89,92.51,92,5,11.13,7,1
2096,0.28,0.98,91.93,74,0,13.22,3,1
2097,0.21,0.54,72.24,23,10,13.8,8,1
2098,0.23,0.45,5.76,79,0,11.72,8,1
2099,0.28,0.52,87.35,46,11,11.7,1,1
2100,0.14,0.87,66.12,37,19,9.28,7,1
2101,0.32,0.68,31.73,14,14,10.76,8,1
2102,0.19,0.14,19.54,48,4,12.01,9,1
2103,0.06,0.59,12.5,78,9,13.96,8,0
2104,0.25,0.12,5.97,71,16,6.96,6,1
2105,0.28,0.8,75.66,36,9,16.46,8,1
2106,0.12,0.4,24.35,82,6,15.21,3,0
2107,0.3,0.52,3.4,60,17,9.48,2,1
2108,0.32,0.82,40.33,54,5,11.89,1,1
2109,0.1,0.14,48.78,79,8,19.2,8,1
2110,0.34,0.24,17.75,63,1,5.31,7,1
2111,0.06,0.46,5.36,97,11,17.17,6,0
2112,0.08,0.31,19.72,48,4,12.68,3,0
2113,0.07,0.4,68.23,22,14,14.28,6,1
2114,0.31,1.0,9.14,43,12,15.27,5,1
2115,0.23,0.84,55.95,41,1,11.84,5,1
2116,0.06,0.9,15.49,17,14,7.88,4,1
2117,0.16,0.94,20.37,63,13,18.64,5,0
2118,0.22,0.41,39.91,90,8,16.1,5,1
2119,0.04,0.37,10.98,79,15,13.39,5,0
2120,0.31,0.31,18.15,18,1,11.73,8,1
2121,0.28,0.85,35.55,72,0,12.49,2,1
2122,0.18,0.71,33.64,3,8,17.35,2,0
2123,0.34,0.31,75.18,54,19,5.19,6,1
2124,0.15,0.44,8.4,14,13,17.98,3,0
2125,0.34,0.56,86.18,34,1,5.7,4,1
2126,0.24,0.58,81.81,97,0,14.24,3,1
2127,0.23,0.9,76.83,1,9,10.0,4,1
2128,0.07,0.44,31.63,48,18,15.17,2,0
2129,0.31,0.92,82.47,99,17,6.28,9,1
2130,0.16,0.5,19.1,10,19,13.34,3,0
2131,0.07,0.77,13.32,83,19,17.83,7,0
2132,0.01,0.94,5.45,11,10,12.42,9,0
2133,0.2,0.92,93.99,99,8,6.27,9,1
2134,0.19,0.15,31.49,66,14,5.56,6,1
2135,0.25,0.29,91.84,3,15,14.32,1,1
2136,0.31,0.53,27.99,15,12,6.04,2,1
2137,0.04,0.49,90.85,59,5,6.07,9,1
2138,0.26,0.68,90.49,64,14,11.38,5,1
2139,0.07,0.95,92.44,47,14,8.14,2,1
2140,0.3,0.2,50.12,92,17,8.06,6,1
2141,0.29,0.51,86.73,2,10,12.21,7,1
2142,0.19,0.27,95.13,30,0,9.21,6,1
2143,0.25,0.9,33.14,38,13,8.29,1,1
2144,0.12,0.97,42.47,5,1,12.72,1,0
2145,0.17,0.53,72.2,6,1,9.36,2,1
2146,0.29,0.19,30.74,5,19,6.2,9,1
2147,0.17,0.81,75.63,12,9,15.24,1,1
2148,0.13,0.73,8.32,4,15,13.78,9,0
2149,0.18,0.42,52.83,24,2,8.18,6,0
2150,0.29,0.9,13.11,25,13,13.73,2,1
2151,0.12,0.98,30.04,26,6,19.33,3,0
2152,0.07,0.6,26.6,55,18,19.35,9,0
2153,0.25,0.61,84.05,46,18,12.98,2,1
2154,0.29,0.37,20.16,46,18,6.47,5,1
2155,0.04,0.63,81.04,43,2,11.87,8,1
2156,0.09,0.5,79.6,60,12,5.4,6,1
2157,0.06,0.37,50.39,33,18,11.23,8,0
2158,0.13,0.16,24.15,21,13,18.64,6,1
2159,0.16,0.33,23.46,87,7,12.01,4,0
2160,0.26,0.28,47.03,37,7,13.26,8,1
2161,0.23,0.59,1.87,12,16,7.37,9,1
2162,0.22,0.64,53.6,21,4,5.23,5,1
2163,0.13,0.65,95.33,13,4,19.9,3,1
2164,0.3,0.45,16.32,33,1,10.07,1,1
2165,0.17,0.48,57.76,70,10,9.19,2,0
2166,0.34,0.85,96.22,76,14,13.57,1,1
2167,0.23,0.53,86.19,61,6,16.18,9,1
2168,0.05,0.99,85.19,30,10,8.77,7,1
2169,0.24,0.5,82.36,37,1,12.86,2,1
2170,0.12,0.68,31.59,82,5,9.99,3,0
2171,0.24,0.15,89.17,16,8,12.21,3,1
2172,0.03,0.69,94.19,45,16,7.42,1,1
2173,0.07,0.87,50.08,71,18,12.65,3,0
2174,0.3,0.95,36.1,1,11,5.71,1,1
2175,0.09,1.0,42.01,53,5,17.6,3,0
2176,0.29,0.35,34.09,28,15,14.41,3,1
2177,0.1,0.62,22.03,53,1,19.12,5,0
2178,0.23,0.51,62.23,44,10,14.0,3,1
2179,0.25,0.61,56.7,67,14,7.73,3,1
2180,0.18,0.24,46.8,39,5,12.26,1,1
2181,0.11,0.87,10.49,10,8,14.97,9,0
2182,0.08,0.92,79.89,51,8,10.61,1,1
2183,0.02,0.5,18.32,14,17,13.29,7,0
2184,0.11,0.35,12.34,79,12,7.44,7,1
2185,0.23,0.23,62.68,6,4,16.66,8,1
2186,0.33,0.72,40.47,39,16,18.64,7,1
2187,0.31,0.38,6.92,80,10,9.72,6,1
2188,0.27,0.92,36.2,82,8,16.9,8,1
2189,0.28,0.7,77.41,99,19,6.38,4,1
2190,0.24,0.68,61.91,48,8,8.7,4,1
2191,0.1,0.6,36.92,25,8,11.93,3,0
2192,0.32,0.14,19.99,97,9,10.8,8,1
2193,0.24,0.94,63.55,33,19,14.29,6,1
2194,0.2,0.67,88.87,83,5,13.44,8,1
2195,0.05,0.99,64.98,75,3,6.31,8,1
2196,0.16,0.58,81.48,67,0,6.98,7,1
2197,0.17,0.74,52.63,65,5,5.78,3,1
2198,0.3,0.15,72.08,40,5,19.29,5,1
2199,0.2,0.67,89.73,25,11,14.68,2,1
2200,0.14,0.79,77.54,57,2,17.83,1,1
2201,0.34,0.8,91.08,32,12,13.12,3,1
2202,0.05,0.79,43.68,46,9,7.91,4,1
2203,0.15,0.3,90.52,4,8,14.4,4,1
2204,0.02,0.98,62.54,23,16,12.58,2,1
2205,0.26,1.0,87.13,80,10,11.12,3,1
2206,0.32,0.17,4.9,75,5,10.58,8,1
2207,0.11,0.94,66.13,22,9,14.75,9,1
2208,0.3,0.36,84.95,33,17,14.27,2,1
2209,0.11,0.72,18.25,41,13,7.27,6,1
2210,0.32,0.4,66.52,62,3,17.24,1,1
2211,0.27,0.97,82.67,38,12,14.54,4,1
2212,0.28,0.19,29.51,56,0,13.04,9,1
2213,0.02,0.55,41.12,63,19,16.23,1,0
2214,0.34,0.49,57.38,77,1,7.3,3,1
2215,0.26,0.39,52.4,85,2,18.8,7,1
2216,0.11,0.68,4.88,76,19,9.06,8,0
2217,0.29,0.22,10.77,55,2,8.94,7,1
2218,0.11,0.74,10.95,51,5,17.22,7,0
2219,0.31,0.98,26.96,90,6,10.01,6,1
2220,0.05,0.82,25.34,65,10,17.46,7,0
2221,0.25,0.87,74.48,57,6,9.92,7,1
2222,0.19,0.42,57.7,86,16,13.26,9,0
2223,0.04,0.39,76.63,27,18,8.46,9,1
2224,0.09,0.57,7.92,57,11,15.97,8,0
2225,0.01,0.14,49.04,55,0,7.5,9,1
2226,0.17,0.95,33.05,96,0,18.49,6,0
2227,0.11,0.23,85.14,72,17,10.57,4,1
2228,0.21,0.91,71.07,98,9,12.07,9,1
2229,0.11,0.18,87.06,82,19,5.36,2,1
2230,0.11,0.84,5.6,4,2,19.64,8,0
2231,0.26,0.24,72.36,65,13,17.2,2,1
2232,0.03,0.13,54.46,56,7,11.71,7,1
2233,0.32,0.75,82.68,53,15,18.8,9,1
2234,0.3,0.35,51.21,44,17,18.97,4,1
2235,0.24,0.74,54.48,16,8,13.0,8,1
2236,0.21,0.6,6.12,94,3,8.51,7,1
2237,0.31,0.2,67.18,23,0,12.31,3,1
2238,0.07,0.94,28.04,31,13,9.87,1,0
2239,0.04,0.51,2.95,28,10,11.72,8,0
2240,0.09,0.76,7.58,50,3,18.67,9,0
2241,0.28,0.55,95.77,16,15,9.23,5,1
2242,0.02,0.64,35.26,41,8,17.58,4,0
2243,0.21,0.37,86.94,9,13,19.03,2,1
2244,0.35,0.28,96.01,2,5,17.08,1,1
2245,0.3,0.59,94.38,43,1,12.91,4,1
2246,0.19,0.5,88.29,66,0,13.46,8,1
2247,0.03,0.45,89.59,96,19,17.29,9,1
2248,0.29,0.71,29.61,80,18,5.67,1,1
2249,0.21,0.72,16.0,77,6,16.04,4,1
2250,0.05,0.14,64.29,49,14,12.93,5,1
2251,0.04,0.4,49.32,91,4,10.96,2,0
2252,0.32,0.47,10.78,95,2,16.5,2,1
2253,0.24,0.19,68.08,97,14,8.99,3,1
2254,0.29,0.31,56.72,21,3,18.43,1,1
2255,0.31,0.15,86.44,19,4,15.33,8,1
2256,0.2,1.0,61.31,57,3,14.15,1,1
2257,0.19,0.76,57.82,77,2,12.85,4,0
2258,0.16,0.18,44.63,60,1,8.19,7,1
2259,0.12,0.12,46.82,19,4,14.25,3,1
2260,0.16,0.75,95.48,99,17,15.87,9,1
2261,0.27,0.5,14.71,64,1,5.18,3,1
2262,0.21,0.81,45.18,35,14,10.5,5,1
2263,0.31,0.93,65.93,33,17,17.49,2,1
2264,0.16,0.64,43.87,67,17,14.48,5,0
2265,0.22,0.27,29.04,85,7,14.23,2,1
2266,0.22,0.8,29.45,87,11,8.43,8,1
2267,0.21,0.96,24.13,48,8,14.48,9,1
2268,0.25,0.62,35.05,60,18,16.79,5,1
2269,0.09,0.71,87.3,45,0,11.03,6,1
2270,0.18,0.4,51.02,75,16,7.73,4,1
2271,0.05,0.44,24.78,68,0,6.16,7,1
2272,0.14,0.76,39.07,68,19,12.59,5,0
2273,0.18,0.93,11.48,15,16,15.26,5,0
2274,0.23,0.67,90.5,92,5,7.44,1,1
2275,0.33,0.81,41.41,72,4,11.32,2,1
2276,0.21,0.25,98.06,88,4,13.53,2,1
2277,0.26,0.29,35.41,98,10,7.34,4,1
2278,0.18,0.58,83.8,15,10,9.05,5,1
2279,0.23,0.26,26.38,23,10,14.13,4,1
2280,0.03,0.67,8.54,60,11,15.88,3,0
2281,0.1,0.36,4.14,91,11,14.54,4,0
2282,0.13,0.81,61.01,14,1,15.7,5,1
2283,0.17,0.83,31.85,2,2,13.72,3,0
2284,0.03,0.52,44.91,99,6,17.54,6,0
2285,0.06,0.26,82.05,43,19,17.4,4,1
2286,0.1,0.68,25.56,71,13,16.94,2,0
2287,0.34,0.99,31.56,16,15,13.63,3,1
2288,0.12,0.66,84.69,86,13,19.91,1,1
2289,0.17,0.13,49.78,28,16,5.59,7,1
2290,0.08,0.12,82.94,32,14,7.93,5,1
2291,0.22,0.39,38.07,71,10,17.13,7,1
2292,0.11,0.28,40.44,86,12,17.39,5,1
2293,0.08,0.83,17.55,2,5,17.28,1,0
2294,0.19,0.86,91.72,72,16,18.09,3,1
2295,0.01,0.33,89.78,7,11,11.34,9,1
2296,0.01,0.39,98.44,38,3,18.98,7,1
2297,0.08,0.31,40.84,48,9,8.14,7,0
2298,0.02,0.92,82.04,85,17,19.05,5,1
2299,0.05,0.55,42.08,86,18,13.35,3,0
2300,0.13,0.69,45.98,99,6,7.46,4,1
2301,0.28,0.47,83.17,82,11,16.04,4,1
2302,0.2,0.67,18.56,73,10,9.44,6,0
2303,0.18,0.45,22.81,2,2,8.31,6,0
2304,0.11,0.41,32.16,42,1,7.58,7,1
2305,0.33,0.67,79.03,42,1,5.44,8,1
2306,0.14,0.63,37.89,81,1,16.47,9,0
2307,0.04,0.36,36.46,20,14,12.3,8,0
2308,0.22,0.23,99.88,6,3,19.68,9,1
2309,0.05,0.43,39.0,11,2,11.59,9,0
2310,0.13,0.47,25.53,69,16,17.65,3,0
2311,0.18,0.67,62.7,74,1,19.52,7,1
2312,0.31,0.92,80.39,87,9,5.34,3,1
2313,0.18,0.13,7.89,97,6,6.58,5,1
2314,0.25,0.32,62.27,40,8,10.22,9,1
2315,0.35,0.27,4.54,36,19,18.05,8,1
2316,0.05,0.55,53.11,51,14,17.57,3,0
2317,0.1,0.49,26.44,47,7,10.5,6,0
2318,0.14,0.76,31.36,98,16,8.0,5,0
2319,0.15,0.32,47.24,17,10,17.03,4,0
2320,0.15,0.64,92.78,26,15,13.95,6,1
2321,0.32,0.9,71.36,53,17,5.47,8,1
2322,0.25,0.92,93.75,48,3,17.06,8,1
2323,0.22,0.96,66.34,27,17,19.35,3,1
2324,0.12,0.8,1.7,46,19,5.63,6,1
2325,0.29,0.92,27.29,67,7,9.29,1,1
2326,0.33,0.31,90.67,19,14,17.29,1,1
2327,0.29,0.28,64.7,72,12,13.77,1,1
2328,0.01,0.11,98.18,81,3,19.84,9,1
2329,0.23,0.74,16.44,65,13,18.73,9,1
2330,0.03,0.94,30.38,71,14,7.67,5,1
2331,0.1,0.27,36.87,36,14,15.11,7,1
2332,0.03,0.67,33.33,67,4,14.8,4,0
2333,0.22,0.77,25.95,83,14,6.66,2,1
2334,0.24,0.93,44.9,42,17,6.34,6,1
2335,0.05,0.68,64.59,91,2,13.54,2,1
2336,0.14,0.97,31.81,67,19,11.04,7,0
2337,0.17,0.41,8.89,98,9,13.18,4,0
2338,0.14,0.41,71.14,69,4,8.58,4,1
2339,0.05,0.59,46.44,49,4,13.35,2,0
2340,0.15,0.45,56.09,37,14,10.75,9,0
2341,0.27,0.1,46.08,46,0,18.31,3,1
2342,0.03,0.76,89.15,80,0,9.59,6,1
2343,0.04,0.78,56.32,56,15,18.06,9,0
2344,0.13,0.77,92.4,63,16,10.85,8,1
2345,0.33,0.41,51.55,78,13,13.67,9,1
2346,0.24,0.57,29.97,30,14,9.3,7,1
2347,0.24,0.42,36.19,96,13,17.14,9,1
2348,0.13,0.11,52.69,63,1,17.65,9,1
2349,0.21,0.61,53.47,76,2,17.14,5,1
2350,0.01,0.21,69.05,91,11,14.6,7,1
2351,0.23,0.17,23.22,26,1,9.57,5,1
2352,0.32,0.78,66.23,93,7,14.55,1,1
2353,0.22,0.11,78.08,23,11,19.39,7,1
2354,0.31,0.96,67.98,86,8,14.73,9,1
2355,0.26,0.56,48.7,20,13,19.35,5,1
2356,0.05,0.98,99.18,46,5,9.57,4,1
2357,0.32,0.15,41.08,80,16,17.69,5,1
2358,0.03,0.63,11.55,31,10,15.78,4,0
2359,0.19,0.41,82.33,67,18,17.29,9,1
2360,0.06,0.86,22.01,21,12,15.66,8,0
2361,0.01,0.43,71.62,51,2,12.21,5,1
2362,0.15,0.33,18.72,39,2,15.3,5,0
2363,0.11,0.87,2.67,63,13,18.98,5,0
2364,0.18,0.44,16.82,69,7,11.26,7,0
2365,0.21,0.12,38.32,20,6,19.28,7,1
2366,0.02,0.45,11.56,23,3,5.74,3,1
2367,0.05,0.69,20.57,96,2,5.21,1,1
2368,0.2,0.33,76.7,42,18,12.41,8,1
2369,0.13,0.49,77.22,73,1,17.73,4,1
2370,0.26,0.15,81.93,3,4,8.72,4,1
2371,0.23,0.63,84.27,27,11,15.4,9,1
2372,0.3,0.78,42.62,91,1,13.2,7,1
2373,0.25,0.47,86.89,74,17,9.36,7,1
2374,0.16,0.48,53.07,80,14,9.29,8,0
2375,0.24,0.18,47.59,24,15,6.1,1,1
2376,0.1,0.28,72.14,87,11,13.04,9,1
2377,0.11,0.24,22.17,9,11,11.75,1,1
2378,0.28,0.53,79.16,2,3,9.34,5,1
2379,0.16,0.58,43.52,6,7,19.56,9,0
2380,0.28,0.95,13.6,99,10,17.28,3,1
2381,0.29,0.17,12.81,71,3,12.87,2,1
2382,0.3,0.64,17.33,79,11,12.83,2,1
2383,0.32,0.57,89.17,21,9,7.9,7,1
2384,0.16,0.56,99.1,87,8,14.74,5,1
2385,0.12,0.89,36.34,29,15,19.3,8,0
2386,0.21,0.28,29.92,13,3,18.47,5,1
2387,0.14,0.14,22.66,69,16,6.27,2,1
2388,0.21,0.71,82.56,42,17,5.8,7,1
2389,0.25,0.41,21.71,1,6,19.42,7,1
2390,0.24,0.12,92.48,20,8,8.0,2,1
2391,0.14,0.33,67.07,43,5,13.26,6,1
2392,0.07,0.38,89.82,1,19,6.12,5,1
2393,0.16,0.66,55.85,99,2,17.65,4,0
2394,0.06,0.26,69.38,40,14,6.77,8,1
2395,0.31,0.47,62.33,7,0,14.66,8,1
2396,0.13,0.53,83.29,35,16,5.85,5,1
2397,0.06,0.51,83.75,52,8,7.35,4,1
2398,0.02,0.98,59.39,34,1,12.68,9,0
2399,0.23,0.14,63.62,50,5,5.69,5,1
2400,0.23,0.96,92.27,69,15,7.93,4,1
2401,0.13,0.62,93.06,29,12,7.04,2,1
2402,0.03,0.82,66.76,91,5,5.61,6,1
2403,0.15,0.49,1.77,71,14,19.56,5,0
2404,0.12,0.51,11.34,1,4,11.75,6,0
2405,0.24,0.89,85.94,73,16,17.88,1,1
2406,0.22,0.91,9.39,58,8,10.37,6,1
2407,0.13,0.31,22.14,65,12,5.64,5,1
2408,0.08,0.28,23.82,91,6,15.43,7,1
2409,0.35,0.55,60.42,17,15,5.58,1,1
2410,0.16,0.91,58.09,62,7,13.29,3,0
2411,0.24,0.39,29.65,96,17,7.09,2,1
2412,0.06,0.69,21.55,94,4,15.06,6,0
2413,0.18,0.74,76.69,79,12,18.39,1,1
2414,0.02,0.8,93.61,42,6,19.34,3,1
2415,0.18,0.61,6.23,28,19,12.92,4,0
2416,0.34,0.46,14.18,3,12,12.99,6,1
2417,0.14,0.97,64.57,92,1,5.57,5,1
2418,0.02,0.65,80.64,5,18,16.55,5,1
2419,0.02,0.76,79.33,66,13,19.34,5,1
2420,0.14,0.41,72.25,54,13,11.57,1,1
2421,0.06,0.7,88.86,38,8,16.91,8,1
2422,0.02,0.33,22.52,80,3,16.96,2,0
2423,0.27,0.32,11.62,44,16,16.79,6,1
2424,0.17,0.74,61.92,81,19,16.38,7,1
2425,0.11,0.57,82.41,76,15,8.23,4,1
2426,0.32,0.71,58.62,90,7,16.27,8,1
2427,0.05,0.34,96.34,57,14,7.17,1,1
2428,0.34,0.64,79.76,71,17,15.69,9,1
2429,0.12,0.5,70.38,24,9,5.05,4,1
2430,0.31,0.64,6.97,80,3,18.78,9,1
2431,0.22,0.36,11.67,82,6,17.41,2,1
2432,0.29,0.74,78.7,59,16,15.24,8,1
2433,0.34,0.83,20.63,8,7,6.42,5,1
2434,0.11,0.33,3.85,91,0,17.37,7,0
2435,0.34,0.37,91.17,90,9,18.13,5,1
2436,0.14,0.7,89.19,95,14,15.32,6,1
2437,0.14,0.73,22.63,82,5,19.64,7,0
2438,0.13,0.73,78.24,2,9,6.39,9,1
2439,0.19,0.71,5.75,41,0,15.63,6,0
2440,0.06,0.45,29.22,87,5,12.87,1,0
2441,0.2,0.46,62.74,56,12,7.18,1,1
2442,0.19,0.33,76.55,48,2,14.88,1,1
2443,0.27,0.24,2.03,22,11,16.99,5,1
2444,0.29,0.72,33.29,97,14,7.47,6,1
2445,0.16,0.18,22.22,18,6,16.9,6,1
2446,0.11,0.94,99.88,79,5,6.39,9,1
2447,0.1,0.84,67.43,41,8,13.87,1,1
2448,0.08,0.87,41.16,67,15,16.98,3,0
2449,0.03,0.92,8.49,48,11,7.19,4,1
2450,0.13,0.47,60.27,23,8,13.57,9,1
2451,0.1,0.86,64.53,2,7,11.37,1,1
2452,0.34,0.24,81.82,4,4,14.11,8,1
2453,0.2,0.12,29.57,26,2,11.36,3,1
2454,0.13,0.81,98.16,19,3,8.76,8,1
2455,0.21,0.17,44.51,49,10,8.81,2,1
2456,0.06,0.99,30.3,74,9,17.97,6,0
2457,0.16,0.71,35.5,86,7,7.35,2,1
2458,0.22,0.78,52.44,53,8,6.85,7,1
2459,0.18,0.32,93.73,6,12,6.46,6,1
2460,0.15,0.71,73.78,62,18,6.11,7,1
2461,0.35,0.14,58.13,1,10,5.22,9,1
2462,0.31,0.85,17.12,16,2,7.41,9,1
2463,0.22,0.25,15.79,52,0,7.89,6,1
2464,0.2,0.73,50.72,7,13,9.05,8,0
2465,0.22,0.3,73.14,88,18,6.86,6,1
2466,0.08,0.16,75.35,35,0,6.41,2,1
2467,0.14,0.53,23.37,78,11,13.12,5,0
2468,0.02,0.25,10.91,68,13,15.78,5,1
2469,0.17,0.76,39.06,15,14,14.45,4,0
2470,0.19,0.31,91.9,57,6,13.35,9,1
2471,0.09,0.41,54.99,23,3,11.61,2,0
2472,0.34,0.61,32.69,83,13,14.51,7,1
2473,0.32,0.36,33.04,78,17,18.53,6,1
2474,0.26,0.44,14.08,91,15,14.41,3,1
2475,0.19,0.83,47.85,86,13,5.91,7,1
2476,0.31,0.26,79.34,11,10,13.56,8,1
2477,0.05,0.17,96.89,4,5,12.86,4,1
2478,0.28,0.4,50.66,58,14,11.78,8,1
2479,0.05,0.48,17.55,96,9,13.53,6,0
2480,0.28,0.59,68.61,40,11,15.09,5,1
2481,0.1,0.44,75.92,58,8,5.56,8,1
2482,0.31,0.81,8.1,88,16,12.2,6,1
2483,0.33,0.14,85.16,98,17,17.26,8,1
2484,0.06,0.49,83.1,67,10,12.96,6,1
2485,0.17,0.44,47.78,38,5,6.02,4,1
2486,0.34,0.68,56.48,2,18,16.63,2,1
2487,0.17,0.97,71.63,87,1,19.12,3,1
2488,0.3,0.56,68.0,40,19,17.78,7,1
2489,0.21,0.99,2.64,84,12,10.44,6,1
2490,0.14,0.37,13.12,56,8,13.02,6,0
2491,0.11,0.13,17.1,72,11,13.87,9,1
2492,0.08,0.25,75.81,35,15,15.74,5,1
2493,0.27,0.46,44.57,49,18,14.99,9,1
2494,0.14,0.38,55.0,67,1,7.99,1,1
2495,0.18,0.19,77.5,96,15,17.65,3,1
2496,0.18,0.49,34.76,95,4,17.74,5,0
2497,0.21,0.4,75.14,44,16,11.07,7,1
2498,0.3,0.21,44.79,31,5,6.96,5,1
2499,0.34,0.37,38.34,65,6,14.13,4,1
2500,0.15,0.9,33.97,76,5,10.36,5,0
2501,0.29,0.37,96.53,18,2,16.12,1,1
2502,0.27,0.74,77.43,88,14,9.73,5,1
2503,0.2,0.65,3.0,36,15,8.94,9,0
2504,0.34,0.48,95.78,62,16,18.02,3,1
2505,0.08,0.32,77.77,29,8,14.24,6,1
2506,0.05,0.43,15.77,89,8,6.29,9,1
2507,0.3,0.63,8.56,23,16,15.34,6,1
2508,0.16,0.42,31.51,3,6,16.29,6,0
2509,0.3,0.29,62.79,30,1,8.53,6,1
2510,0.31,0.2,62.04,81,5,19.51,7,1
2511,0.03,0.89,28.31,45,9,10.59,6,0
2512,0.31,0.5,45.12,49,16,19.11,8,1
2513,0.16,0.66,21.98,94,13,9.4,2,0
2514,0.18,0.54,6.01,19,2,14.14,8,0
2515,0.22,0.89,52.18,64,15,12.76,4,1
2516,0.32,0.59,35.35,5,15,19.88,2,1
2517,0.02,0.53,54.75,56,4,11.13,9,0
2518,0.17,0.93,94.7,34,15,7.69,5,1
2519,0.24,0.75,15.19,73,4,17.5,3,1
2520,0.26,0.2,1.19,48,4,5.63,3,1
2521,0.25,0.26,8.61,26,5,18.27,9,1
2522,0.06,0.81,46.81,5,17,6.66,5,1
2523,0.11,0.85,70.99,88,11,13.58,7,1
2524,0.13,0.59,58.5,31,6,15.7,2,0
2525,0.28,0.6,49.99,24,16,10.04,6,1
2526,0.1,0.67,36.04,85,9,17.67,1,0
2527,0.08,0.5,31.69,22,8,13.91,8,0
2528,0.34,0.71,38.25,22,8,10.93,1,1
2529,0.01,0.2,61.55,85,10,9.88,3,1
2530,0.35,0.97,17.61,57,13,6.68,6,1
2531,0.24,0.78,77.36,30,4,14.61,8,1
2532,0.29,0.67,57.95,47,6,10.46,1,1
2533,0.11,0.38,27.65,74,16,9.81,4,0
2534,0.01,0.24,50.61,67,8,19.25,3,1
2535,0.26,0.47,96.32,39,18,9.09,1,1
2536,0.29,0.7,3.03,93,12,18.15,5,1
2537,0.26,0.67,20.75,89,8,19.62,8,1
2538,0.06,0.44,45.39,66,12,17.34,7,0
2539,0.27,0.65,64.21,77,13,5.29,3,1
2540,0.27,0.83,22.01,91,7,18.03,5,1
2541,0.23,0.12,93.21,29,13,8.2,5,1
2542,0.27,0.51,64.61,14,12,10.3,8,1
2543,0.3,0.78,87.87,4,9,19.87,6,1
2544,0.22,0.59,33.6,72,1,11.07,3,1
2545,0.04,0.69,83.07,5,11,14.82,7,1
2546,0.18,0.57,38.44,44,15,9.66,1,0
2547,0.04,0.99,26.02,91,6,10.54,2,0
2548,0.15,0.15,91.25,24,1,13.96,7,1
2549,0.15,0.54,10.13,98,15,19.22,2,0
2550,0.03,0.18,94.35,28,5,9.24,2,1
2551,0.13,0.24,46.39,24,15,8.71,7,1
2552,0.05,0.44,99.27,5,12,5.39,4,1
2553,0.28,0.24,54.42,13,9,8.03,9,1
2554,0.33,0.97,75.99,82,19,8.94,7,1
2555,0.03,0.95,1.7,55,8,5.94,6,1
2556,0.33,0.4,50.17,81,1,13.45,4,1
2557,0.19,0.68,74.01,30,15,6.9,8,1
2558,0.11,0.58,78.5,83,2,12.67,5,1
2559,0.04,0.83,16.65,86,1,7.83,8,1
2560,0.18,0.66,42.48,49,9,19.04,8,0
2561,0.28,0.1,42.49,82,19,9.61,9,1
2562,0.25,0.79,11.26,90,4,6.39,9,1
2563,0.03,0.77,44.86,15,7,17.54,7,0
2564,0.03,0.56,80.9,92,11,11.03,7,1
2565,0.15,0.91,30.72,30,3,17.3,6,0
2566,0.11,0.92,43.82,28,13,9.69,9,0
2567,0.09,0.57,96.13,84,14,12.5,8,1
2568,0.11,0.65,4.14,4,2,11.68,1,0
2569,0.28,1.0,59.56,68,14,13.37,8,1
2570,0.33,0.37,74.6,15,3,11.02,2,1
2571,0.15,0.39,76.33,34,14,12.45,9,1
2572,0.32,0.26,71.88,75,8,15.19,6,1
2573,0.12,0.91,72.92,87,17,11.22,5,1
2574,0.17,0.77,6.84,99,12,15.27,7,0
2575,0.09,0.2,53.88,43,8,15.71,4,1
2576,0.23,0.98,78.51,99,3,16.23,9,1
2577,0.34,0.76,10.31,75,12,12.06,8,1
2578,0.22,0.87,2.19,61,9,5.06,1,1
2579,0.13,0.14,81.64,63,7,16.3,1,1
2580,0.23,0.55,71.52,2,13,18.64,3,1
2581,0.05,0.73,41.81,52,15,14.79,8,0
2582,0.31,0.59,94.1,52,18,12.87,8,1
2583,0.18,0.7,76.89,15,6,13.39,2,1
2584,0.16,0.84,96.82,40,11,14.61,1,1
2585,0.21,0.44,93.0,28,12,19.98,4,1
2586,0.22,0.86,48.65,95,14,5.93,2,1
2587,0.03,0.25,75.72,96,14,5.32,5,1
2588,0.24,0.34,67.25,98,17,19.46,7,1
2589,0.09,0.14,81.33,55,1,11.61,5,1
2590,0.25,0.43,78.98,50,13,14.19,1,1
2591,0.29,0.44,16.17,22,19,16.3,5,1
2592,0.28,0.82,24.14,29,6,16.13,6,1
2593,0.2,0.69,27.31,72,19,14.71,9,0
2594,0.19,0.49,82.03,86,1,12.08,1,1
2595,0.06,0.69,81.26,12,1,13.64,3,1
2596,0.27,0.15,50.04,87,4,15.94,5,1
2597,0.1,0.26,58.5,38,2,17.76,1,1
2598,0.18,0.66,82.87,2,2,6.91,7,1
2599,0.11,0.68,31.95,12,0,9.17,1,0
2600,0.06,0.8,5.97,55,18,10.96,3,0
2601,0.22,0.46,48.78,85,19,14.98,1,1
2602,0.03,0.75,91.46,12,11,10.94,9,1
2603,0.26,0.72,79.26,95,5,8.58,7,1
2604,0.12,0.97,37.3,9,19,5.5,9,1
2605,0.01,0.29,7.41,79,5,17.64,9,1
2606,0.18,0.6,64.06,32,12,11.28,9,1
2607,0.03,0.64,83.61,73,9,9.94,5,1
2608,0.1,1.0,66.83,88,0,12.96,7,1
2609,0.25,0.28,43.08,8,15,6.84,6,1
2610,0.03,0.57,13.21,28,13,10.96,6,0
2611,0.3,0.41,91.17,56,17,16.28,3,1
2612,0.01,0.57,28.32,82,13,16.04,6,0
2613,0.09,0.31,23.2,36,9,16.58,6,0
2614,0.26,0.14,81.78,37,19,12.01,5,1
2615,0.12,0.62,98.14,32,4,10.53,4,1
2616,0.04,0.4,66.36,85,1,17.47,5,1
2617,0.13,0.26,62.86,39,16,7.6,7,1
2618,0.1,0.39,32.62,49,0,15.88,4,0
2619,0.3,0.14,3.02,93,0,18.32,9,1
2620,0.12,0.96,19.99,18,5,9.29,4,0
2621,0.28,0.62,58.86,23,6,7.97,9,1
2622,0.31,0.83,15.98,33,6,12.69,9,1
2623,0.16,0.48,88.5,73,15,8.25,7,1
2624,0.32,0.91,19.63,51,18,18.06,7,1
2625,0.14,0.53,52.69,43,8,8.67,1,0
2626,0.34,0.62,51.69,4,0,9.71,2,1
2627,0.04,0.54,60.79,80,17,18.33,3,1
2628,0.24,0.76,33.42,67,6,8.08,3,1
2629,0.18,0.61,87.48,72,17,18.27,3,1
2630,0.14,0.34,44.99,80,9,8.15,9,0
2631,0.23,0.23,70.32,2,19,18.68,2,1
2632,0.25,0.65,63.96,45,1,9.76,1,1
2633,0.01,0.54,12.6,83,10,8.69,1,0
2634,0.07,0.19,62.64,88,17,12.16,6,1
2635,0.25,0.46,55.52,80,10,10.54,7,1
2636,0.24,0.56,89.96,40,13,8.03,2,1
2637,0.34,0.84,88.21,2,12,10.08,2,1
2638,0.27,0.17,15.94,32,0,15.7,8,1
2639,0.33,0.41,9.09,1,9,17.48,7,1
2640,0.25,0.84,30.16,18,14,17.31,4,1
2641,0.11,0.68,98.67,64,18,16.35,7,1
2642,0.05,0.36,3.14,32,16,5.08,4,1
2643,0.28,0.86,67.62,9,9,11.4,5,1
2644,0.23,0.54,61.24,55,7,7.53,8,1
2645,0.03,0.55,65.01,67,6,6.1,4,1
2646,0.13,0.98,22.61,24,17,16.04,7,0
2647,0.34,0.95,23.45,11,3,16.9,2,1
2648,0.18,0.42,43.63,28,5,17.22,2,0
2649,0.16,0.23,10.49,16,1,18.35,9,1
2650,0.17,0.39,8.39,93,12,13.85,8,0
2651,0.08,0.13,9.75,12,11,19.97,3,1
2652,0.14,0.12,57.72,68,4,12.26,7,1
2653,0.14,0.46,40.38,90,18,18.25,1,0
2654,0.03,0.95,30.07,4,1,6.69,4,1
2655,0.27,0.88,32.27,75,10,7.23,4,1
2656,0.15,0.56,21.52,66,7,13.86,8,0
2657,0.29,0.61,41.74,31,3,6.86,4,1
2658,0.3,0.11,21.1,56,3,6.13,9,1
2659,0.08,0.29,70.11,50,10,7.94,7,1
2660,0.23,0.12,13.27,67,13,16.81,5,1
2661,0.17,0.78,94.88,89,8,18.91,8,1
2662,0.31,0.23,9.89,98,19,10.0,4,1
2663,0.08,0.88,94.4,1,13,19.62,6,1
2664,0.24,0.68,83.5,69,2,17.14,5,1
2665,0.22,0.31,68.39,39,12,8.39,3,1
2666,0.11,0.24,91.32,52,13,13.79,8,1
2667,0.06,0.66,14.78,95,16,19.73,6,0
2668,0.23,0.91,18.46,36,2,17.73,4,1
2669,0.26,0.75,25.96,67,14,10.45,1,1
2670,0.12,0.41,25.24,12,1,9.59,1,0
2671,0.23,0.63,31.77,61,9,17.29,3,1
2672,0.14,0.38,57.99,80,14,13.24,8,0
2673,0.25,1.0,3.79,72,18,7.45,8,1
2674,0.08,0.77,38.84,11,11,9.92,2,0
2675,0.31,0.65,25.39,14,16,14.93,1,1
2676,0.11,0.48,61.06,91,15,7.3,5,1
2677,0.14,0.66,98.53,82,7,15.48,1,1
2678,0.03,0.41,52.25,54,4,15.65,8,0
2679,0.05,0.13,43.14,8,14,9.06,9,1
2680,0.19,0.46,37.46,33,7,10.97,2,0
2681,0.1,0.94,78.71,4,17,19.03,4,1
2682,0.29,0.66,8.13,30,7,16.24,6,1
2683,0.01,0.18,96.02,84,18,16.82,7,1
2684,0.14,0.9,42.37,94,16,12.74,5,0
2685,0.12,0.34,32.06,91,3,8.2,1,0
2686,0.02,0.32,97.43,89,3,13.87,7,1
2687,0.05,0.37,93.65,54,19,16.58,7,1
2688,0.15,0.62,64.55,6,19,5.06,5,1
2689,0.18,0.59,2.83,5,8,6.71,2,1
2690,0.15,0.54,75.1,78,13,12.11,2,1
2691,0.19,0.75,34.22,51,0,11.56,9,0
2692,0.21,0.38,39.44,14,8,19.73,9,1
2693,0.01,0.8,16.72,34,12,6.38,4,1
2694,0.17,0.26,52.82,41,17,9.86,4,1
2695,0.34,0.8,74.71,89,9,17.23,7,1
2696,0.19,0.7,28.03,39,3,14.19,5,0
2697,0.24,0.71,93.93,18,14,13.42,1,1
2698,0.12,0.53,20.28,20,3,16.12,5,0
2699,0.27,0.7,7.56,8,19,5.6,4,1
2700,0.27,0.17,64.79,26,10,19.21,3,1
2701,0.19,0.87,85.08,85,11,7.87,1,1
2702,0.34,0.15,95.36,27,12,6.23,9,1
2703,0.05,0.23,76.95,32,1,10.08,4,1
2704,0.02,0.62,20.77,42,7,15.54,3,0
2705,0.27,0.77,97.79,50,3,8.47,8,1
2706,0.28,0.17,92.02,81,8,5.75,7,1
2707,0.05,0.93,17.15,49,1,5.86,6,1
2708,0.1,0.98,56.32,65,4,8.85,6,0
2709,0.02,0.65,56.0,63,4,7.03,2,1
2710,0.11,0.53,44.81,27,3,10.59,9,0
2711,0.27,0.77,98.44,75,18,7.6,1,1
2712,0.19,0.4,6.9,35,8,10.16,4,0
2713,0.13,0.54,63.09,38,11,11.67,4,1
2714,0.14,0.92,21.33,38,2,16.14,9,0
2715,0.01,0.96,53.21,42,4,8.41,3,0
2716,0.11,0.93,78.19,42,1,12.13,9,1
2717,0.23,0.34,25.43,49,12,17.23,2,1
2718,0.34,0.31,39.94,57,6,19.8,1,1
2719,0.3,0.37,95.13,54,7,13.36,7,1
2720,0.02,0.5,76.39,10,19,11.48,2,1
2721,0.32,0.38,57.7,60,10,14.47,1,1
2722,0.28,0.44,22.98,40,11,12.29,9,1
2723,0.28,0.66,43.11,1,17,7.47,8,1
2724,0.17,0.79,77.63,86,17,11.89,3,1
2725,0.15,0.76,82.23,64,15,19.69,2,1
2726,0.11,0.83,25.22,81,19,14.61,1,0
2727,0.03,0.13,66.54,12,5,9.25,4,1
2728,0.09,0.14,10.41,57,17,19.21,6,1
2729,0.09,0.81,3.3,77,16,10.83,2,0
2730,0.17,0.58,55.32,89,17,10.85,6,0
2731,0.26,0.62,23.21,26,2,14.25,5,1
2732,0.17,0.15,8.81,40,8,13.53,1,1
2733,0.03,0.33,73.25,43,6,9.36,7,1
2734,0.34,0.67,50.3,97,6,12.01,7,1
2735,0.33,0.87,79.83,72,18,9.99,5,1
2736,0.28,0.93,66.73,13,0,16.07,4,1
2737,0.35,0.55,73.25,90,0,6.84,2,1
2738,0.2,0.59,31.43,56,0,16.25,7,0
2739,0.34,0.85,27.06,17,10,7.42,8,1
2740,0.04,0.58,60.49,88,17,9.59,9,1
2741,0.13,0.57,20.81,24,12,10.0,6,0
2742,0.09,0.91,81.73,76,14,19.86,2,1
2743,0.08,0.81,52.77,95,16,13.85,1,0
2744,0.06,0.92,23.47,58,9,16.66,2,0
2745,0.22,0.3,62.89,80,7,13.33,3,1
2746,0.28,0.57,94.56,61,8,19.75,1,1
2747,0.21,0.86,9.13,80,18,7.66,5,1
2748,0.06,0.2,11.83,94,17,14.07,7,1
2749,0.29,0.82,84.54,28,7,16.96,9,1
2750,0.23,0.26,11.85,67,4,14.43,6,1
2751,0.14,0.83,4.9,97,13,18.45,8,0
2752,0.24,0.65,35.45,51,12,14.01,2,1
2753,0.1,0.27,47.2,88,0,17.4,5,1
2754,0.13,0.53,57.37,94,10,7.64,9,1
2755,0.32,0.71,51.22,92,11,8.93,7,1
2756,0.11,0.67,91.41,39,5,11.66,7,1
2757,0.17,0.48,77.1,66,11,17.77,3,1
2758,0.31,0.91,98.4,77,2,11.4,3,1
2759,0.25,0.57,48.17,74,7,14.41,2,1
2760,0.03,0.56,9.35,40,1,10.94,9,0
2761,0.06,0.16,95.6,13,5,17.09,4,1
2762,0.01,0.93,1.41,19,2,8.0,9,0
2763,0.22,0.26,77.83,6,6,13.91,4,1
2764,0.16,0.58,4.1,18,15,13.67,8,0
2765,0.06,0.82,76.36,9,16,11.05,1,1
2766,0.34,0.29,93.86,81,11,15.58,1,1
2767,0.19,0.57,39.54,68,14,5.43,6,1
2768,0.09,0.32,24.86,54,13,17.62,6,0
2769,0.18,0.78,23.4,50,0,10.22,7,0
2770,0.24,0.61,49.68,70,11,16.9,7,1
2771,0.04,0.87,17.92,11,19,9.58,3,0
2772,0.1,0.91,67.62,55,19,7.82,9,1
2773,0.28,0.68,37.47,42,13,10.84,9,1
2774,0.17,0.75,32.99,90,15,16.96,3,0
2775,0.2,0.59,46.67,11,14,15.55,7,0
2776,0.16,0.45,54.72,72,7,11.02,4,0
2777,0.02,0.68,15.05,67,0,19.07,6,0
2778,0.07,0.92,71.07,2,12,11.13,6,1
2779,0.16,0.48,88.41,82,2,10.26,5,1
2780,0.08,0.38,28.52,66,11,7.17,6,1
2781,0.03,0.45,18.86,26,6,6.05,7,1
2782,0.3,0.49,76.29,76,7,10.25,2,1
2783,0.34,0.17,19.17,37,16,6.38,7,1
2784,0.28,0.55,5.08,90,17,11.94,7,1
2785,0.3,0.54,62.31,36,9,17.9,7,1
2786,0.09,0.63,24.74,16,14,12.14,5,0
2787,0.34,0.43,18.01,78,9,12.21,3,1
2788,0.08,0.65,98.18,66,8,8.8,5,1
2789,0.33,0.89,29.89,21,0,7.49,1,1
2790,0.35,0.96,90.44,7,4,8.33,5,1
2791,0.25,0.63,18.64,11,14,13.52,3,1
2792,0.34,0.14,82.08,56,13,13.88,7,1
2793,0.2,0.97,50.7,44,10,8.3,4,0
2794,0.1,0.74,8.78,54,16,10.98,6,0
2795,0.16,0.4,73.63,93,13,13.53,6,1
2796,0.21,0.23,89.32,57,5,16.41,4,1
2797,0.03,0.23,17.14,58,3,9.8,1,1
2798,0.22,0.25,72.83,37,12,9.07,3,1
2799,0.34,0.14,45.06,48,16,15.96,3,1
2800,0.07,0.91,75.63,62,11,12.71,6,1
2801,0.28,0.59,71.68,39,11,17.85,8,1
2802,0.32,0.73,3.63,92,3,8.17,2,1
2803,0.33,0.85,18.69,64,1,16.56,6,1
2804,0.34,0.81,47.63,68,19,7.43,7,1
2805,0.19,0.89,93.43,68,5,13.77,3,1
2806,0.34,0.97,34.87,27,5,9.25,1,1
2807,0.27,0.5,63.26,70,0,6.52,2,1
2808,0.06,0.96,2.2,98,10,14.25,5,0
2809,0.17,0.75,71.4,82,11,12.6,1,1
2810,0.25,0.16,60.7,60,3,12.29,4,1
2811,0.09,0.71,71.82,44,15,13.89,6,1
2812,0.23,0.72,90.56,30,18,10.59,1,1
2813,0.24,0.92,15.5,97,10,15.05,6,1
2814,0.07,0.44,26.9,58,10,6.96,8,1
2815,0.2,0.63,99.58,84,12,15.72,1,1
2816,0.27,0.11,16.47,36,12,13.7,8,1
2817,0.18,0.4,72.34,5,7,12.3,8,1
2818,0.01,0.16,72.78,99,10,6.91,2,1
2819,0.01,0.57,68.62,19,15,9.17,3,1
2820,0.13,0.84,23.52,12,12,9.43,6,0
2821,0.32,0.29,22.3,90,2,8.51,8,1
2822,0.09,0.57,66.97,60,10,19.31,5,1
2823,0.23,0.28,19.44,83,7,18.73,9,1
2824,0.09,0.21,66.49,11,9,13.19,4,1
2825,0.12,0.56,49.76,53,17,8.09,4,0
2826,0.3,0.17,39.28,20,16,18.67,8,1
2827,0.26,0.63,30.72,73,6,16.24,5,1
2828,0.04,0.13,94.81,84,17,5.58,8,1
2829,0.16,0.2,51.3,27,9,12.36,1,1
2830,0.02,0.59,56.56,58,19,14.07,5,0
2831,0.17,0.63,94.98,5,12,6.0,8,1
2832,0.24,0.13,65.73,74,6,5.75,8,1
2833,0.05,0.62,95.83,9,6,11.95,7,1
2834,0.11,0.85,11.53,89,19,5.03,3,1
2835,0.15,0.75,84.82,77,10,5.7,7,1
2836,0.32,0.22,34.21,32,9,7.48,3,1
2837,0.35,0.63,81.24,72,11,18.65,6,1
2838,0.03,0.71,85.71,54,12,16.49,9,1
2839,0.27,0.13,27.88,45,11,11.76,8,1
2840,0.14,0.87,41.47,27,11,12.19,4,0
2841,0.14,0.92,72.88,86,5,15.29,5,1
2842,0.27,0.87,10.81,28,2,12.12,4,1
2843,0.32,0.84,75.8,18,7,5.96,6,1
2844,0.33,0.77,11.94,87,16,16.08,8,1
2845,0.21,0.67,91.53,31,12,5.87,6,1
2846,0.13,0.71,28.36,41,7,12.29,5,0
2847,0.28,0.83,57.98,34,4,17.93,9,1
2848,0.1,0.7,12.6,7,3,6.76,7,1
2849,0.2,0.39,27.68,5,15,15.6,3,0
2850,0.13,0.44,40.99,21,17,5.69,2,1
2851,0.23,0.91,49.22,6,3,19.9,5,1
2852,0.09,0.12,1.01,45,10,15.23,5,1
2853,0.08,0.73,88.98,35,7,19.53,6,1
2854,0.32,0.96,1.76,87,0,15.02,1,1
2855,0.04,0.74,77.59,3,12,8.63,5,1
2856,0.18,0.99,47.59,33,3,18.9,7,0
2857,0.09,0.72,52.86,38,3,14.4,9,0
2858,0.02,0.13,21.62,87,3,13.64,3,1
2859,0.02,0.84,61.13,80,12,11.44,7,1
2860,0.07,0.36,54.19,89,18,9.27,7,0
2861,0.3,0.5,17.26,16,15,12.95,7,1
2862,0.11,0.38,24.57,89,13,10.49,4,0
2863,0.33,0.34,7.62,71,9,17.81,3,1
2864,0.21,0.49,7.56,8,4,5.43,1,1
2865,0.16,0.44,2.36,3,14,12.95,6,0
2866,0.21,0.67,22.83,69,5,17.55,4,1
2867,0.19,0.83,68.29,19,18,5.41,8,1
2868,0.27,0.37,32.31,7,13,9.23,6,1
2869,0.11,0.29,34.93,86,10,5.77,6,1
2870,0.13,0.7,14.06,90,2,13.93,8,0
2871,0.31,0.7,57.97,50,1,9.75,5,1
2872,0.33,0.91,34.87,89,5,19.4,8,1
2873,0.31,0.11,67.96,6,7,14.24,1,1
2874,0.15,0.87,74.4,5,0,13.43,2,1
2875,0.28,0.57,58.88,61,13,18.76,8,1
2876,0.17,0.66,28.33,86,15,8.35,1,0
2877,0.18,0.18,51.35,95,16,13.43,5,1
2878,0.08,0.49,25.94,58,7,13.14,5,0
2879,0.21,0.3,90.39,22,16,6.23,2,1
2880,0.07,0.33,76.87,57,12,18.98,2,1
2881,0.12,0.55,49.81,75,18,15.5,1,0
2882,0.3,0.83,96.58,32,8,18.32,4,1
2883,0.08,0.77,55.13,17,2,19.74,6,0
2884,0.03,0.63,33.53,58,17,12.19,3,0
2885,0.03,0.59,10.45,41,0,17.05,4,0
2886,0.33,0.48,54.83,22,12,13.66,8,1
2887,0.18,0.98,86.18,80,12,19.66,2,1
2888,0.15,0.6,86.81,42,11,8.71,9,1
2889,0.29,0.33,60.85,79,0,5.21,6,1
2890,0.29,0.31,39.95,8,9,7.79,9,1
2891,0.12,0.65,65.38,46,18,6.92,1,1
2892,0.25,0.57,76.45,48,6,11.55,4,1
2893,0.27,0.11,41.75,3,13,6.16,7,1
2894,0.23,0.85,48.15,77,5,8.3,9,1
2895,0.06,0.73,68.38,30,5,6.44,1,1
2896,0.31,0.7,87.79,28,8,12.3,1,1
2897,0.19,0.16,79.31,73,19,9.0,3,1
2898,0.11,0.43,3.22,76,15,12.07,6,0
2899,0.15,0.94,13.31,25,4,6.33,5,1
2900,0.02,0.88,85.43,37,14,12.75,5,1
2901,0.05,0.36,83.55,85,0,6.95,9,1
2902,0.27,0.24,39.49,51,3,6.49,3,1
2903,0.01,0.5,58.84,39,9,9.65,5,0
2904,0.15,0.42,90.68,83,5,18.12,7,1
2905,0.19,0.71,91.24,72,1,16.83,2,1
2906,0.03,0.97,78.53,67,9,19.39,7,1
2907,0.34,0.43,21.75,86,18,11.9,1,1
2908,0.09,0.16,73.3,1,8,9.69,7,1
2909,0.11,0.91,11.01,38,10,19.56,2,0
2910,0.11,0.13,89.5,52,3,10.73,7,1
2911,0.09,0.96,15.77,63,9,5.14,3,1
2912,0.01,0.7,66.57,52,5,17.3,5,1
2913,0.26,0.95,61.41,83,2,7.54,9,1
2914,0.34,0.28,77.91,85,12,15.77,1,1
2915,0.09,0.14,55.61,60,18,5.23,6,1
2916,0.24,0.54,6.9,13,2,6.66,7,1
2917,0.26,0.51,70.88,91,19,12.25,9,1
2918,0.3,0.4,38.93,17,17,6.02,4,1
2919,0.15,0.96,32.71,84,11,18.33,9,0
2920,0.11,0.84,99.18,30,11,16.25,1,1
2921,0.12,0.7,59.45,38,11,9.92,4,0
2922,0.25,0.25,71.36,11,6,13.96,6,1
2923,0.29,0.76,53.11,27,8,15.73,7,1
2924,0.07,0.75,77.23,38,11,16.33,1,1
2925,0.14,0.48,75.46,28,18,10.94,1,1
2926,0.32,0.93,66.06,26,3,18.48,9,1
2927,0.28,0.25,99.78,33,9,19.13,7,1
2928,0.34,0.34,46.52,32,18,7.94,9,1
2929,0.27,0.16,70.91,54,16,18.67,5,1
2930,0.14,0.82,79.98,25,17,15.69,9,1
2931,0.21,0.66,38.23,24,9,18.32,5,1
2932,0.23,0.38,46.26,40,11,11.37,6,1
2933,0.04,0.25,96.95,27,19,14.92,8,1
2934,0.2,0.14,4.2,46,7,8.53,9,1
2935,0.25,0.25,34.19,86,18,16.27,3,1
2936,0.07,0.51,49.14,84,0,13.73,2,0
2937,0.28,0.32,1.15,97,3,12.21,5,1
2938,0.21,0.33,90.01,69,5,15.39,6,1
2939,0.33,0.89,29.34,93,3,13.29,8,1
2940,0.02,0.56,26.51,69,15,16.48,4,0
2941,0.1,0.76,82.21,39,7,17.88,1,1
2942,0.21,0.13,28.52,81,8,17.01,4,1
2943,0.11,0.43,66.1,29,14,9.61,8,1
2944,0.25,0.53,82.33,75,17,19.64,2,1
2945,0.27,0.27,79.46,86,2,14.75,8,1
2946,0.04,0.21,78.41,31,16,9.85,4,1
2947,0.18,0.88,9.78,65,0,5.64,2,1
2948,0.18,0.95,8.9,15,6,19.82,4,0
2949,0.14,0.17,31.37,83,9,13.99,1,1
2950,0.33,0.41,4.56,74,14,8.41,7,1
2951,0.29,0.96,50.54,9,12,12.37,3,1
2952,0.25,0.17,40.08,13,4,10.96,4,1
2953,0.25,0.68,56.15,45,6,19.27,3,1
2954,0.17,0.97,30.58,90,13,12.39,8,0
2955,0.32,0.98,49.09,6,13,12.27,3,1
2956,0.25,0.52,34.14,44,8,16.92,7,1
2957,0.26,0.25,20.33,2,5,10.86,2,1
2958,0.3,0.28,65.29,29,18,7.95,9,1
2959,0.1,0.9,67.67,48,14,16.53,6,1
2960,0.28,0.92,83.09,12,15,18.65,3,1
2961,0.08,0.65,87.6,87,11,5.69,8,1
2962,0.13,0.79,70.74,67,2,17.9,8,1
2963,0.12,0.77,69.06,50,2,11.57,6,1
2964,0.34,0.7,6.61,11,5,9.34,4,1
2965,0.3,0.84,11.87,5,18,5.59,3,1
2966,0.25,0.72,81.44,45,11,8.08,9,1
2967,0.26,0.58,24.06,74,15,9.99,5,1
2968,0.2,0.31,36.2,47,17,6.06,4,1
2969,0.33,0.77,15.38,6,3,7.83,9,1
2970,0.18,0.53,20.32,80,19,16.05,7,0
2971,0.14,0.37,77.77,95,12,15.3,3,1
2972,0.07,0.82,26.92,87,12,16.55,6,0
2973,0.28,0.73,45.45,94,1,7.48,8,1
2974,0.26,0.94,16.02,84,8,5.65,5,1
2975,0.14,0.25,68.12,89,10,12.03,2,1
2976,0.02,0.68,73.1,99,2,10.14,8,1
2977,0.3,0.32,36.81,69,16,16.65,2,1
2978,0.01,0.91,78.69,63,11,13.08,1,1
2979,0.25,0.19,24.75,67,4,18.97,5,1
2980,0.34,0.69,69.5,47,13,5.92,5,1
2981,0.16,0.81,73.27,34,18,10.46,1,1
2982,0.09,0.42,96.9,12,16,11.08,6,1
2983,0.25,0.96,24.0,27,3,6.89,7,1
2984,0.29,0.87,10.28,69,0,13.75,9,1
2985,0.2,0.37,27.04,86,16,5.6,9,1
2986,0.34,0.11,13.16,68,9,15.69,2,1
2987,0.03,0.37,17.8,28,7,5.56,8,1
2988,0.18,0.35,34.08,71,10,18.1,9,0
2989,0.25,0.9,41.99,45,19,5.98,4,1
2990,0.3,0.97,90.47,98,9,11.85,7,1
2991,0.07,0.16,20.37,2,18,7.33,5,1
2992,0.28,0.52,97.2,9,5,7.0,1,1
2993,0.2,0.59,81.21,79,10,15.82,8,1
2994,0.14,0.18,88.27,31,15,16.61,2,1
2995,0.05,0.44,93.01,36,9,16.09,3,1
2996,0.3,0.39,75.57,15,0,11.06,5,1
2997,0.06,0.58,79.09,97,7,19.86,7,1
2998,0.12,0.7,44.34,62,16,10.1,5,0
2999,0.11,0.73,51.53,31,18,8.68,4,0
3000,0.31,0.22,93.32,27,8,19.95,2,1
3001,0.24,0.83,38.45,2,19,19.66,1,1
3002,0.28,0.71,5.15,73,7,13.88,3,1
3003,0.1,0.9,76.51,43,8,8.14,6,1
3004,0.22,0.5,57.74,1,15,8.58,9,1
3005,0.2,0.9,81.67,83,13,12.81,9,1
3006,0.29,0.88,8.48,9,5,16.64,5,1
3007,0.32,0.49,62.5,60,8,6.16,3,1
3008,0.01,0.44,25.52,2,10,15.32,3,0
3009,0.24,0.94,90.42,58,14,6.55,7,1
3010,0.03,0.74,11.88,65,14,17.66,7,0
3011,0.2,0.94,84.46,12,4,12.98,3,1
3012,0.11,0.82,9.77,55,7,19.85,7,0
3013,0.11,0.65,3.48,90,19,16.29,8,0
3014,0.13,0.2,24.27,10,2,12.46,3,1
3015,0.22,0.36,33.97,65,19,7.12,5,1
3016,0.12,0.97,63.03,65,3,13.14,8,1
3017,0.26,0.39,14.04,61,6,6.72,7,1
3018,0.15,0.18,44.3,95,16,18.58,1,1
3019,0.03,0.74,21.22,75,11,8.45,2,0
3020,0.28,0.76,85.68,69,5,17.98,6,1
3021,0.11,0.36,5.45,35,3,9.56,8,0
3022,0.16,0.37,36.24,11,17,8.33,5,0
3023,0.24,0.52,63.51,68,15,9.56,7,1
3024,0.12,0.12,91.4,38,0,15.61,7,1
3025,0.03,0.81,86.93,39,16,12.88,3,1
3026,0.14,0.39,89.62,21,4,6.61,1,1
3027,0.33,0.87,7.22,36,17,7.06,6,1
3028,0.23,0.82,84.25,92,5,10.68,5,1
3029,0.24,0.7,78.21,72,12,10.08,9,1
3030,0.22,0.39,90.34,20,7,17.78,1,1
3031,0.08,0.56,31.85,43,18,13.58,5,0
3032,0.15,0.5,91.26,21,15,7.8,3,1
3033,0.27,0.4,40.86,35,17,5.43,6,1
3034,0.04,0.86,63.78,64,6,6.54,5,1
3035,0.1,0.54,42.99,32,8,15.51,4,0
3036,0.1,0.85,43.34,36,0,17.71,8,0
3037,0.16,0.19,55.12,69,8,16.74,9,1
3038,0.34,0.23,36.24,52,9,16.85,9,1
3039,0.03,0.98,79.48,4,17,8.91,1,1
3040,0.19,0.63,63.73,7,0,19.84,9,1
3041,0.07,0.56,69.29,98,12,6.3,4,1
3042,0.34,0.57,23.87,84,13,17.32,4,1
3043,0.05,0.29,96.99,71,6,6.45,9,1
3044,0.15,0.75,66.36,24,7,9.01,1,1
3045,0.26,0.18,20.52,21,0,12.43,5,1
3046,0.25,0.62,75.3,57,1,5.8,8,1
3047,0.15,0.61,18.2,73,10,10.91,5,0
3048,0.13,0.92,7.28,19,0,10.25,8,0
3049,0.15,0.57,53.23,84,11,14.71,5,0
3050,0.1,0.22,55.8,28,7,15.77,2,1
3051,0.08,0.62,19.71,32,2,6.36,2,1
3052,0.17,0.18,35.49,34,9,5.57,8,1
3053,0.1,0.28,94.63,16,14,16.64,3,1
3054,0.11,0.13,29.22,38,11,12.92,2,1
3055,0.23,0.56,16.4,81,1,13.02,1,1
3056,0.34,0.18,99.26,75,4,19.71,4,1
3057,0.22,0.52,30.93,4,8,11.57,3,1
3058,0.04,0.94,68.35,56,17,7.94,8,1
3059,0.04,0.75,23.92,40,5,15.21,1,0
3060,0.33,0.17,55.46,50,10,17.24,5,1
3061,0.11,0.3,39.24,40,13,12.54,6,0
3062,0.04,0.71,96.2,82,0,15.38,1,1
3063,0.21,0.91,43.85,49,3,12.71,9,1
3064,0.22,0.13,58.83,48,6,11.11,2,1
3065,0.23,0.83,94.53,6,8,5.51,4,1
3066,0.1,0.61,98.93,96,16,7.61,7,1
3067,0.02,0.59,11.06,5,16,12.2,9,0
3068,0.34,0.96,83.6,79,10,10.95,3,1
3069,0.1,0.77,38.83,45,11,17.64,2,0
3070,0.24,0.87,59.89,16,14,6.63,8,1
3071,0.25,0.42,38.13,17,1,5.75,9,1
3072,0.22,0.6,40.71,59,7,6.31,2,1
3073,0.12,0.65,16.73,56,19,15.17,3,0
3074,0.1,0.39,57.7,79,1,13.92,6,0
3075,0.21,0.61,55.12,35,5,14.48,3,1
3076,0.3,0.31,19.75,8,0,7.35,6,1
3077,0.33,0.23,54.63,99,17,12.75,6,1
3078,0.05,0.44,97.34,61,3,16.52,3,1
3079,0.06,0.77,71.73,27,7,15.26,2,1
3080,0.33,0.92,48.62,78,7,11.58,8,1
3081,0.26,0.51,91.69,87,13,6.55,7,1
3082,0.31,0.68,57.96,20,19,18.06,9,1
3083,0.08,0.19,14.37,57,13,12.89,1,1
3084,0.21,0.91,55.2,70,0,18.34,1,1
3085,0.25,0.61,18.92,88,19,11.58,1,1
3086,0.24,0.8,76.98,23,2,8.56,1,1
3087,0.15,0.81,96.75,76,14,9.61,5,1
3088,0.02,0.33,36.72,2,18,11.27,2,0
3089,0.21,0.58,44.06,27,0,14.21,4,1
3090,0.1,0.96,42.73,32,2,16.53,9,0
3091,0.16,0.18,29.24,93,19,8.64,3,1
3092,0.34,0.71,79.62,50,0,7.82,8,1
3093,0.15,0.97,62.16,64,18,8.04,9,1
3094,0.3,0.37,7.34,40,16,19.02,9,1
3095,0.07,0.88,84.04,33,12,7.46,2,1
3096,0.24,0.94,19.52,29,19,10.19,8,1
3097,0.34,0.77,97.94,33,15,12.29,8,1
3098,0.04,0.31,38.29,17,11,13.34,3,0
3099,0.01,0.4,62.03,74,6,17.87,1,1
3100,0.16,0.13,8.7,65,16,6.69,1,1
3101,0.04,0.85,35.12,43,10,6.62,4,1
3102,0.26,0.86,80.43,63,7,9.75,9,1
3103,0.32,0.67,48.24,81,9,11.2,9,1
3104,0.16,0.42,90.56,92,15,10.61,2,1
3105,0.1,0.17,57.94,58,9,10.88,7,1
3106,0.16,0.78,92.93,91,7,17.77,1,1
3107,0.26,0.75,98.28,43,4,17.55,5,1
3108,0.01,0.92,45.94,37,16,17.08,5,0
3109,0.21,0.76,56.95,46,12,16.33,8,1
3110,0.22,0.85,83.66,25,9,5.61,9,1
3111,0.23,0.77,22.93,98,9,7.24,3,1
3112,0.09,0.67,86.3,67,11,15.98,6,1
3113,0.25,0.48,59.6,93,11,13.92,7,1
3114,0.04,0.91,72.82,99,6,15.11,6,1
3115,0.08,0.69,8.91,51,10,15.75,9,0
3116,0.31,0.46,76.85,74,19,18.67,4,1
3117,0.26,0.18,31.77,38,11,14.53,1,1
3118,0.01,0.36,80.72,38,3,9.13,4,1
3119,0.09,0.59,51.41,1,17,6.25,6,1
3120,0.08,0.35,28.19,54,9,11.48,6,0
3121,0.1,0.3,95.32,65,19,15.65,3,1
3122,0.09,0.57,76.74,96,1,9.23,2,1
3123,0.03,0.25,98.58,22,0,6.8,8,1
3124,0.17,0.82,37.08,61,13,19.98,9,0
3125,0.26,0.54,65.27,58,16,11.28,4,1
3126,0.22,0.62,61.55,54,3,8.24,3,1
3127,0.24,0.23,69.07,19,8,7.47,1,1
3128,0.04,0.39,4.79,99,6,17.94,2,0
3129,0.33,0.47,29.88,70,16,17.29,8,1
3130,0.3,0.83,91.02,34,2,14.2,6,1
3131,0.28,0.79,42.96,79,0,13.21,6,1
3132,0.29,0.3,96.1,44,9,19.27,1,1
3133,0.33,0.65,22.14,67,4,8.42,8,1
3134,0.2,0.32,99.74,52,3,11.23,6,1
3135,0.08,0.99,70.06,22,18,5.37,4,1
3136,0.22,0.96,77.86,29,5,11.28,3,1
3137,0.26,0.61,40.29,14,5,10.76,6,1
3138,0.26,0.73,90.79,94,8,19.24,3,1
3139,0.19,0.82,55.0,62,19,10.37,4,0
3140,0.03,0.75,68.41,15,8,17.52,8,1
3141,0.14,0.73,10.39,93,14,16.5,7,0
3142,0.32,0.96,63.54,14,19,7.21,7,1
3143,0.21,0.64,88.03,67,7,19.44,6,1
3144,0.19,0.67,18.65,22,1,14.46,8,0
3145,0.1,0.86,74.03,97,9,13.95,9,1
3146,0.14,0.7,3.51,87,13,5.18,1,1
3147,0.31,0.76,92.69,7,1,15.49,3,1
3148,0.24,0.31,98.31,84,12,5.83,8,1
3149,0.28,0.43,36.06,7,18,7.78,1,1
3150,0.16,0.23,11.6,17,6,6.48,9,1
3151,0.22,0.56,66.2,32,11,10.67,1,1
3152,0.09,0.51,3.95,79,5,16.94,9,0
3153,0.25,1.0,48.77,77,2,15.61,7,1
3154,0.16,0.65,27.91,56,4,6.6,6,1
3155,0.16,0.81,47.86,62,3,16.98,9,0
3156,0.23,0.4,2.81,58,13,11.91,4,1
3157,0.33,0.85,6.11,58,5,5.49,5,1
3158,0.03,0.65,2.58,3,16,8.36,2,0
3159,0.29,0.73,62.29,89,16,16.78,3,1
3160,0.11,0.36,56.45,96,12,16.0,7,0
3161,0.16,0.59,24.08,80,11,7.83,5,1
3162,0.02,0.67,65.02,1,1,5.57,8,1
3163,0.11,0.63,88.54,67,13,9.43,3,1
3164,0.18,0.92,28.45,20,4,16.92,3,0
3165,0.03,0.91,83.37,92,7,19.08,1,1
3166,0.18,0.97,66.59,86,14,13.59,1,1
3167,0.33,0.7,4.35,62,8,6.37,2,1
3168,0.05,0.97,38.14,56,15,12.53,7,0
3169,0.27,0.85,51.27,53,12,19.98,9,1
3170,0.15,0.34,73.44,65,14,19.08,6,1
3171,0.23,0.48,29.43,56,3,19.9,5,1
3172,0.1,0.31,98.29,78,15,15.49,4,1
3173,0.06,0.1,68.77,45,11,11.39,4,1
3174,0.06,0.27,37.91,79,19,18.4,7,1
3175,0.03,0.1,10.61,96,11,18.43,1,1
3176,0.07,0.75,18.96,18,14,7.17,6,1
3177,0.24,0.48,49.27,48,4,16.63,1,1
3178,0.31,0.38,49.97,38,0,18.79,4,1
3179,0.29,0.79,77.0,22,19,18.48,6,1
3180,0.24,0.85,72.89,80,2,15.6,2,1
3181,0.05,0.98,20.93,75,7,13.06,5,0
3182,0.11,0.68,59.9,71,6,16.65,4,0
3183,0.12,0.52,3.04,73,12,12.74,3,0
3184,0.09,0.37,40.46,1,9,9.82,6,0
3185,0.19,0.3,76.65,42,16,8.88,7,1
3186,0.19,0.29,40.55,72,10,13.11,2,1
3187,0.13,0.47,83.72,75,7,11.84,6,1
3188,0.13,0.99,97.64,69,14,12.87,1,1
3189,0.29,0.1,61.11,29,11,8.91,4,1
3190,0.28,0.28,15.36,6,17,13.86,6,1
3191,0.11,0.27,38.59,56,9,14.93,3,1
3192,0.32,0.75,1.94,12,11,17.1,9,1
3193,0.33,0.42,60.67,39,3,13.85,3,1
3194,0.12,0.51,82.34,71,14,16.34,4,1
3195,0.13,0.23,63.36,12,17,7.54,5,1
3196,0.18,0.46,78.82,33,12,6.82,8,1
3197,0.33,0.19,80.19,83,16,7.69,2,1
3198,0.31,0.58,85.25,53,0,17.69,4,1
3199,0.04,0.19,27.4,19,4,13.34,2,1
3200,0.14,0.81,87.26,58,16,11.83,3,1
3201,0.2,0.61,65.76,85,19,16.43,3,1
3202,0.18,0.75,29.68,83,17,6.86,7,1
3203,0.08,0.48,98.74,43,8,5.09,5,1
3204,0.3,0.44,95.07,73,9,9.66,2,1
3205,0.24,0.19,57.87,45,16,8.73,6,1
3206,0.29,0.57,84.48,86,0,9.61,4,1
3207,0.3,0.56,26.89,19,3,19.6,2,1
3208,0.26,0.52,42.19,37,17,13.52,3,1
3209,0.16,0.77,19.21,11,14,13.84,2,0
3210,0.22,0.85,52.49,56,14,14.84,4,1
3211,0.06,0.78,50.1,25,0,10.97,3,0
3212,0.24,0.23,22.07,99,0,19.68,8,1
3213,0.07,0.66,67.61,69,10,19.6,4,1
3214,0.25,0.17,12.66,45,10,16.54,3,1
3215,0.09,0.73,7.11,62,5,8.18,9,0
3216,0.05,0.44,39.11,95,0,18.2,9,0
3217,0.07,0.22,41.57,14,13,6.51,3,1
3218,0.01,0.88,32.65,77,5,14.45,4,0
3219,0.25,0.65,26.54,34,16,11.86,7,1
3220,0.26,0.42,34.54,98,8,5.59,3,1
3221,0.19,0.13,17.17,82,16,18.56,9,1
3222,0.06,0.58,40.94,60,13,19.42,7,0
3223,0.04,0.93,90.56,64,18,18.61,6,1
3224,0.02,0.64,23.22,70,7,7.89,6,1
3225,0.07,0.97,68.76,51,11,9.99,8,1
3226,0.31,0.22,15.04,42,1,19.34,9,1
3227,0.09,0.61,36.04,21,2,6.6,3,1
3228,0.13,0.82,32.8,5,12,13.75,3,0
3229,0.05,0.57,93.77,66,4,12.28,8,1
3230,0.09,0.18,43.37,70,17,7.28,3,1
3231,0.19,0.62,69.36,61,0,18.3,4,1
3232,0.22,0.65,60.64,8,4,7.01,7,1
3233,0.09,0.76,14.96,66,11,13.89,7,0
3234,0.03,0.79,94.01,87,18,9.77,2,1
3235,0.14,0.79,35.24,62,5,11.27,2,0
3236,0.09,0.7,5.43,20,1,8.17,4,0
3237,0.08,0.29,30.74,4,1,14.37,5,1
3238,0.34,0.46,34.23,15,19,19.83,6,1
3239,0.22,0.8,10.18,94,12,17.5,7,1
3240,0.2,0.96,62.38,56,13,15.25,3,1
3241,0.15,0.17,35.33,20,5,16.35,1,1
3242,0.16,0.58,63.28,24,11,17.59,2,1
3243,0.19,0.38,1.67,9,12,12.09,1,0
3244,0.25,0.3,98.22,21,7,13.51,2,1
3245,0.25,0.56,17.88,41,13,18.43,6,1
3246,0.07,0.65,66.27,13,17,15.44,7,1
3247,0.18,0.11,71.86,5,3,7.04,8,1
3248,0.15,0.8,17.99,64,5,16.69,8,0
3249,0.31,0.84,12.06,46,5,5.34,7,1
3250,0.22,0.97,16.11,78,14,17.71,2,1
3251,0.19,0.26,25.44,71,12,16.82,9,1
3252,0.05,0.64,17.65,70,6,17.46,5,0
3253,0.22,0.48,67.73,59,12,5.35,4,1
3254,0.05,0.4,42.66,76,5,19.59,2,0
3255,0.12,0.61,54.24,51,5,14.21,8,0
3256,0.06,0.8,5.69,16,13,17.0,4,0
3257,0.25,0.12,86.26,51,2,13.5,1,1
3258,0.08,0.97,17.89,96,10,10.1,6,0
3259,0.14,0.83,36.66,42,12,9.44,4,0
3260,0.31,0.78,8.12,11,2,6.05,7,1
3261,0.08,0.78,14.54,68,11,13.14,7,0
3262,0.18,0.45,66.91,93,19,7.15,5,1
3263,0.15,0.78,69.57,52,4,13.51,9,1
3264,0.02,0.45,68.02,98,12,14.37,7,1
3265,0.28,0.91,55.66,73,10,11.63,5,1
3266,0.03,0.26,95.3,10,16,7.34,8,1
3267,0.17,0.36,51.21,72,9,11.49,2,0
3268,0.2,0.6,45.49,63,11,18.18,6,0
3269,0.22,0.39,25.51,36,5,11.87,8,1
3270,0.24,0.48,10.79,96,4,10.14,7,1
3271,0.1,0.54,55.27,45,0,14.45,4,0
3272,0.01,0.87,32.17,6,19,14.28,1,0
3273,0.26,0.57,52.88,6,19,6.36,3,1
3274,0.19,0.43,21.41,91,14,8.55,5,0
3275,0.29,0.32,83.98,66,15,12.42,6,1
3276,0.29,0.47,99.97,73,9,10.49,3,1
3277,0.3,0.56,32.92,64,7,9.8,2,1
3278,0.17,0.77,84.39,38,1,11.69,3,1
3279,0.12,0.21,87.43,69,6,9.35,5,1
3280,0.28,0.3,99.61,98,0,10.21,3,1
3281,0.16,0.44,34.93,61,19,16.6,8,0
3282,0.07,0.42,75.85,78,5,12.65,7,1
3283,0.3,0.45,23.65,74,12,18.09,9,1
3284,0.31,0.81,62.85,63,11,19.23,3,1
3285,0.17,0.39,70.78,71,18,18.83,8,1
3286,0.04,0.55,74.37,20,16,8.81,9,1
3287,0.14,0.66,21.51,75,4,12.09,8,0
3288,0.28,0.31,85.02,77,14,13.03,5,1
3289,0.32,0.75,42.68,64,13,17.78,6,1
3290,0.08,0.59,22.42,81,2,13.39,9,0
3291,0.03,0.5,54.71,37,4,8.79,2,0
3292,0.31,0.83,86.47,36,13,13.21,9,1
3293,0.14,0.32,96.74,97,7,5.66,1,1
3294,0.19,0.89,75.07,10,10,17.51,6,1
3295,0.34,0.6,1.56,34,14,13.49,1,1
3296,0.03,0.65,14.34,45,12,14.78,1,0
3297,0.23,0.89,8.55,63,4,8.01,3,1
3298,0.04,0.84,11.02,13,12,13.37,4,0
3299,0.14,0.64,38.92,25,2,12.96,4,0
3300,0.28,0.78,34.51,44,12,14.29,5,1
3301,0.16,0.49,12.25,97,10,17.71,6,0
3302,0.35,0.59,88.34,74,8,16.47,4,1
3303,0.2,0.16,61.93,24,3,13.2,7,1
3304,0.12,0.18,79.85,69,16,18.4,2,1
3305,0.08,0.85,37.78,74,14,10.38,8,0
3306,0.13,0.15,41.61,47,17,12.39,4,1
3307,0.14,0.25,32.44,91,15,14.74,6,1
3308,0.03,0.82,44.4,50,1,11.61,1,0
3309,0.14,0.1,61.43,36,5,10.42,2,1
3310,0.17,0.35,49.81,33,11,6.69,4,1
3311,0.26,0.63,83.95,92,4,14.54,9,1
3312,0.23,0.64,90.11,3,16,7.89,1,1
3313,0.25,0.8,47.5,31,18,7.07,1,1
3314,0.01,0.56,24.74,60,11,7.73,7,1
3315,0.08,0.56,94.57,29,4,15.33,8,1
3316,0.23,0.75,73.77,44,6,7.08,7,1
3317,0.17,0.55,64.37,45,1,19.64,3,1
3318,0.01,0.65,74.8,42,11,16.38,8,1
3319,0.28,0.91,8.52,21,4,10.89,8,1
3320,0.27,0.46,7.7,32,7,13.9,5,1
3321,0.2,0.45,16.16,28,4,5.11,8,1
3322,0.03,0.1,15.6,85,15,17.67,2,1
3323,0.27,0.65,42.65,47,8,9.07,9,1
3324,0.21,0.13,16.58,99,0,6.08,5,1
3325,0.28,0.55,85.6,94,4,16.37,3,1
3326,0.27,0.82,58.23,47,0,9.94,6,1
3327,0.28,0.59,37.46,17,16,13.51,6,1
3328,0.19,0.34,7.89,29,0,17.66,3,0
3329,0.06,0.81,59.51,48,14,16.64,7,0
3330,0.24,0.34,12.54,2,4,10.05,8,1
3331,0.22,0.76,74.58,33,8,18.03,2,1
3332,0.26,0.65,80.47,63,17,10.83,1,1
3333,0.07,0.25,54.85,68,5,12.5,9,1
3334,0.08,0.91,15.81,39,11,14.19,2,0
3335,0.31,0.28,78.9,89,13,6.06,8,1
3336,0.26,0.99,31.47,5,6,13.96,2,1
3337,0.32,0.11,23.04,68,6,13.66,3,1
3338,0.27,0.34,47.59,52,18,18.1,5,1
3339,0.21,0.28,92.34,52,5,10.3,2,1
3340,0.23,0.11,30.44,29,2,8.63,9,1
3341,0.31,0.76,90.65,37,15,12.15,3,1
3342,0.21,0.72,6.31,8,15,15.31,7,1
3343,0.23,0.81,9.27,20,17,13.43,2,1
3344,0.06,0.33,70.16,41,4,7.07,2,1
3345,0.17,0.5,19.87,70,19,10.22,7,0
3346,0.25,0.69,32.35,36,3,5.96,1,1
3347,0.1,0.5,14.5,32,15,16.09,3,0
3348,0.08,0.73,33.89,5,3,18.24,2,0
3349,0.12,0.67,28.77,20,12,5.69,4,1
3350,0.09,0.2,73.9,68,13,12.88,4,1
3351,0.08,0.8,70.5,22,16,13.49,1,1
3352,0.15,0.75,95.54,97,2,11.58,5,1
3353,0.32,0.69,72.72,31,2,12.54,7,1
3354,0.18,0.24,69.79,41,16,15.66,9,1
3355,0.07,0.34,69.73,93,12,12.26,4,1
3356,0.04,0.45,88.41,5,19,18.79,6,1
3357,0.25,0.35,30.33,10,9,13.11,9,1
3358,0.14,0.31,30.71,75,11,6.08,1,1
3359,0.29,0.82,74.38,37,8,19.3,1,1
3360,0.23,0.67,23.64,56,0,7.2,8,1
3361,0.28,0.61,91.29,86,3,16.77,9,1
3362,0.1,0.3,53.94,24,18,12.9,1,0
3363,0.25,0.93,30.71,85,5,16.11,7,1
3364,0.1,0.27,77.83,16,14,12.7,5,1
3365,0.33,0.82,31.92,2,17,5.88,8,1
3366,0.23,0.97,96.36,15,4,10.62,6,1
3367,0.12,0.75,98.32,41,7,14.31,4,1
3368,0.1,0.99,67.01,63,10,14.43,3,1
3369,0.07,0.69,12.25,49,4,19.6,3,0
3370,0.25,0.3,27.06,26,7,14.09,1,1
3371,0.08,0.28,52.03,94,10,9.3,2,1
3372,0.21,0.39,85.29,66,19,5.65,9,1
3373,0.1,0.11,19.3,29,9,16.83,5,1
3374,0.24,0.71,11.34,70,8,18.34,7,1
3375,0.29,0.34,8.37,60,1,14.2,4,1
3376,0.27,0.83,51.19,65,16,12.24,2,1
3377,0.27,0.42,88.59,40,3,17.91,5,1
3378,0.07,0.53,5.19,11,11,8.61,9,0
3379,0.04,0.97,22.02,52,18,10.98,9,0
3380,0.25,0.32,69.63,87,18,12.61,8,1
3381,0.14,0.75,82.76,90,18,5.74,5,1
3382,0.16,0.78,80.93,95,6,15.33,7,1
3383,0.02,0.3,78.72,79,12,7.83,1,1
3384,0.1,0.55,13.85,73,1,10.0,4,0
3385,0.02,0.42,40.33,64,7,11.22,7,0
3386,0.31,0.79,98.49,98,5,14.58,3,1
3387,0.09,0.66,98.9,81,10,5.98,4,1
3388,0.2,0.53,60.64,99,8,10.11,1,1
3389,0.02,0.8,71.22,3,7,9.12,8,1
3390,0.24,0.31,95.18,11,19,5.02,2,1
3391,0.12,0.78,45.54,28,19,15.37,1,0
3392,0.32,0.88,14.55,62,14,8.54,3,1
3393,0.31,0.89,67.23,48,10,7.5,3,1
3394,0.12,0.81,96.05,28,14,16.97,7,1
3395,0.32,0.47,70.02,46,4,5.59,2,1
3396,0.35,0.98,80.53,64,15,18.5,7,1
3397,0.29,0.44,42.85,55,1,15.3,1,1
3398,0.3,0.67,10.55,83,14,7.58,4,1
3399,0.09,0.24,17.72,2,4,10.25,8,1
3400,0.21,0.98,98.28,96,14,19.25,7,1
3401,0.03,0.73,49.83,75,10,14.28,5,0
3402,0.04,0.78,2.19,16,5,14.13,7,0
3403,0.35,0.16,95.58,11,5,14.8,9,1
3404,0.12,0.79,50.28,3,4,11.94,1,0
3405,0.26,0.8,83.79,55,0,7.51,2,1
3406,0.28,0.7,55.3,42,19,7.26,1,1
3407,0.3,0.36,11.07,29,6,15.31,5,1
3408,0.35,0.54,61.94,69,15,18.26,3,1
3409,0.09,0.2,99.74,92,16,9.5,1,1
3410,0.02,0.52,4.44,31,14,12.55,1,0
3411,0.15,0.32,84.34,77,19,19.88,7,1
3412,0.05,0.41,24.31,25,9,8.86,2,0
3413,0.02,0.25,39.99,6,7,10.85,9,1
3414,0.13,0.31,37.9,60,8,10.45,7,0
3415,0.28,0.17,89.98,67,18,5.49,1,1
3416,0.2,0.93,50.94,22,9,12.64,1,0
3417,0.12,0.58,45.27,41,19,8.13,4,0
3418,0.23,0.46,81.98,53,2,6.93,3,1
3419,0.09,0.58,5.84,60,10,15.66,6,0
3420,0.01,0.67,9.56,39,10,16.49,8,0
3421,0.27,0.93,3.15,55,7,18.33,7,1
3422,0.22,0.26,69.11,96,9,19.01,1,1
3423,0.27,0.37,53.04,30,8,18.04,6,1
3424,0.02,0.98,87.73,71,9,6.84,9,1
3425,0.29,0.43,50.35,89,9,8.35,9,1
3426,0.22,0.12,22.96,2,17,6.84,2,1
3427,0.2,0.23,80.71,8,4,10.3,8,1
3428,0.22,0.12,30.14,63,4,6.86,4,1
3429,0.3,0.99,93.63,59,6,14.8,3,1
3430,0.21,0.35,25.79,97,19,15.75,7,1
3431,0.21,0.93,17.6,28,19,7.39,5,1
3432,0.35,1.0,49.84,74,7,14.32,6,1
3433,0.27,0.64,6.0,38,16,5.34,4,1
3434,0.16,0.13,4.6,18,5,11.52,9,1
3435,0.25,0.17,50.11,62,12,9.28,3,1
3436,0.14,0.53,22.3,77,12,19.98,5,0
3437,0.09,0.47,1.93,85,12,18.84,2,0
3438,0.21,0.65,30.31,97,15,7.21,4,1
3439,0.33,0.49,48.26,23,1,18.76,7,1
3440,0.33,0.94,40.03,65,4,11.28,5,1
3441,0.13,0.58,14.41,40,9,13.65,6,0
3442,0.19,0.72,58.39,60,9,13.01,5,0
3443,0.08,0.91,71.32,85,10,15.89,7,1
3444,0.35,0.23,67.88,5,19,10.02,9,1
3445,0.34,0.31,39.98,99,8,6.05,7,1
3446,0.23,0.2,14.62,18,12,11.26,3,1
3447,0.28,0.23,50.45,38,12,13.17,7,1
3448,0.25,0.56,89.15,29,1,13.32,3,1
3449,0.21,0.39,47.4,26,4,16.89,4,1
3450,0.03,0.48,20.37,60,4,5.66,6,1
3451,0.16,0.98,10.21,36,11,19.82,7,0
3452,0.24,0.24,94.45,82,19,19.86,8,1
3453,0.24,0.59,74.56,29,7,6.49,9,1
3454,0.14,0.19,31.98,31,5,10.16,1,1
3455,0.33,0.39,30.24,63,17,13.85,4,1
3456,0.07,0.57,89.63,13,7,10.6,3,1
3457,0.18,0.95,18.58,94,19,12.31,6,0
3458,0.24,0.45,53.97,71,1,9.89,6,1
3459,0.25,0.16,71.64,40,9,15.68,8,1
3460,0.23,0.45,40.24,70,19,10.46,4,1
3461,0.1,0.23,4.95,2,5,11.45,4,1
3462,0.06,0.31,23.55,8,4,13.64,1,0
3463,0.23,0.66,90.28,74,15,19.54,3,1
3464,0.21,0.16,52.79,43,2,14.63,3,1
3465,0.07,0.52,81.73,49,3,6.45,8,1
3466,0.25,0.65,56.01,22,0,9.78,8,1
3467,0.16,0.48,94.42,74,13,11.3,8,1
3468,0.24,0.12,91.0,35,13,16.1,9,1
3469,0.29,0.99,48.81,19,18,11.7,8,1
3470,0.07,0.43,32.51,4,5,14.89,6,0
3471,0.02,0.8,60.57,19,11,17.59,5,1
3472,0.27,0.39,67.81,20,17,6.57,4,1
3473,0.22,0.53,50.34,4,8,16.49,3,1
3474,0.25,0.45,82.41,49,19,16.18,7,1
3475,0.29,0.41,19.15,26,12,17.3,9,1
3476,0.28,0.12,34.11,3,18,19.34,1,1
3477,0.34,0.42,68.95,52,12,9.64,2,1
3478,0.19,0.9,25.42,94,18,11.44,8,0
3479,0.18,0.72,44.54,36,18,8.94,4,0
3480,0.15,0.23,96.41,41,9,9.91,8,1
3481,0.06,0.63,62.96,70,5,9.95,6,1
3482,0.2,0.9,94.96,51,2,18.05,1,1
3483,0.1,0.73,72.52,91,15,5.94,6,1
3484,0.32,0.23,72.74,16,8,8.04,1,1
3485,0.21,0.88,59.59,47,16,14.16,8,1
3486,0.21,0.37,15.08,80,8,16.48,1,1
3487,0.13,0.51,52.45,46,4,15.46,5,0
3488,0.03,0.57,26.01,55,18,5.7,6,1
3489,0.02,0.87,99.87,98,14,11.81,8,1
3490,0.15,0.94,27.43,88,9,7.77,4,1
3491,0.04,0.94,23.84,39,3,19.82,3,0
3492,0.22,0.11,62.76,6,11,19.98,5,1
3493,0.31,0.93,51.58,84,13,5.76,8,1
3494,0.31,0.15,3.11,61,14,15.02,8,1
3495,0.23,0.34,13.82,9,18,17.2,5,1
3496,0.08,0.56,81.29,85,4,9.87,9,1
3497,0.3,0.53,48.89,11,11,15.4,2,1
3498,0.31,0.64,15.46,94,2,7.82,4,1
3499,0.08,0.53,47.06,65,14,6.92,1,1
3500,0.26,0.94,26.06,91,14,18.88,8,1
3501,0.11,0.32,23.14,59,11,14.64,2,0
3502,0.28,0.35,95.81,70,14,17.25,8,1
3503,0.35,0.93,36.84,7,5,12.99,8,1
3504,0.02,0.17,5.6,61,16,7.32,8,1
3505,0.32,0.65,97.06,57,14,10.65,6,1
3506,0.22,0.71,79.69,86,14,18.22,8,1
3507,0.34,0.55,26.19,34,10,5.23,4,1
3508,0.17,0.72,41.48,84,11,8.11,6,0
3509,0.3,0.26,86.37,45,18,8.8,2,1
3510,0.03,0.87,36.38,45,0,8.94,7,0
3511,0.12,0.23,57.17,15,15,6.48,1,1
3512,0.03,0.46,53.95,9,10,17.72,9,0
3513,0.34,0.17,40.73,82,0,7.39,2,1
3514,0.29,0.59,64.31,46,3,17.45,7,1
3515,0.3,0.7,47.86,46,5,10.33,6,1
3516,0.33,0.95,3.1,36,3,11.86,2,1
3517,0.04,0.77,81.62,46,1,11.94,6,1
3518,0.14,0.59,12.2,42,16,15.7,3,0
3519,0.03,0.94,46.94,30,0,15.97,1,0
3520,0.08,0.53,58.41,11,12,14.61,9,0
3521,0.09,0.61,70.85,33,11,16.61,7,1
3522,0.17,0.64,41.67,40,1,5.12,9,1
3523,0.1,0.47,73.82,70,18,12.57,4,1
3524,0.04,0.85,14.0,43,11,12.86,7,0
3525,0.07,0.27,65.69,39,3,8.59,2,1
3526,0.06,0.6,82.81,86,17,13.35,1,1
3527,0.34,0.75,89.05,39,1,12.01,8,1
3528,0.27,0.91,58.38,53,0,12.08,7,1
3529,0.34,0.9,31.98,83,12,6.78,5,1
3530,0.16,0.56,17.17,86,4,11.53,4,0
3531,0.1,0.68,35.21,31,18,16.5,2,0
3532,0.28,0.45,54.46,63,0,11.15,6,1
3533,0.12,0.52,20.44,25,1,12.31,5,0
3534,0.11,0.92,95.3,41,13,19.51,9,1
3535,0.09,0.94,89.82,50,8,18.08,2,1
3536,0.05,0.91,4.26,59,7,18.93,5,0
3537,0.1,0.22,56.63,49,10,6.17,3,1
3538,0.13,0.87,79.14,30,3,14.28,5,1
3539,0.24,0.95,25.29,45,2,8.35,5,1
3540,0.03,0.43,52.87,68,4,11.06,5,0
3541,0.08,0.57,41.19,53,13,15.2,8,0
3542,0.29,0.8,20.46,26,9,13.68,5,1
3543,0.06,0.61,61.86,71,5,12.59,6,1
3544,0.13,0.99,99.38,40,9,17.22,1,1
3545,0.3,0.51,37.16,12,10,15.24,4,1
3546,0.06,0.74,55.69,1,19,17.32,2,0
3547,0.04,0.81,33.46,70,7,18.98,2,0
3548,0.17,0.54,87.82,1,3,15.68,1,1
3549,0.11,0.87,86.6,8,17,10.93,6,1
3550,0.2,0.59,18.7,33,19,8.19,3,0
3551,0.28,0.47,90.09,68,13,9.06,2,1
3552,0.06,0.2,16.0,50,2,10.95,8,1
3553,0.21,0.45,10.45,6,11,16.1,5,1
3554,0.18,0.76,65.64,60,14,5.6,1,1
3555,0.06,0.93,39.2,63,7,17.21,1,0
3556,0.22,0.33,53.54,52,13,16.37,2,1
3557,0.1,0.42,65.6,3,5,12.49,3,1
3558,0.18,0.24,6.23,79,13,11.0,2,1
3559,0.04,0.72,30.0,70,3,6.69,2,1
3560,0.17,0.96,46.63,6,19,9.35,5,0
3561,0.11,0.68,27.39,37,5,6.64,7,1
3562,0.29,0.66,5.85,51,15,17.28,1,1
3563,0.03,0.6,9.58,27,16,12.64,1,0
3564,0.15,0.18,80.37,46,1,8.7,2,1
3565,0.17,0.76,91.23,69,17,5.27,2,1
3566,0.26,0.64,16.07,17,12,12.86,1,1
3567,0.21,0.7,25.68,87,19,16.28,9,1
3568,0.24,0.91,65.57,17,15,16.5,7,1
3569,0.27,0.81,95.47,23,12,8.22,7,1
3570,0.3,0.8,30.66,39,13,19.93,6,1
3571,0.12,0.93,85.67,33,17,13.53,6,1
3572,0.19,0.99,51.1,66,7,9.98,6,0
3573,0.3,0.62,95.7,10,4,10.89,2,1
3574,0.35,0.2,14.49,83,8,6.87,7,1
3575,0.31,0.51,97.39,40,14,12.4,4,1
3576,0.14,0.81,44.66,73,8,16.3,2,0
3577,0.08,0.12,95.34,15,19,11.14,9,1
3578,0.18,0.15,46.41,43,9,18.0,7,1
3579,0.26,0.16,53.48,88,17,12.15,6,1
3580,0.18,0.76,80.67,12,13,18.51,5,1
3581,0.17,0.55,72.54,22,17,15.55,3,1
3582,0.29,0.43,62.34,18,15,5.83,1,1
3583,0.13,0.2,42.28,66,4,6.01,5,1
3584,0.3,0.76,79.45,62,9,17.0,4,1
3585,0.15,0.39,94.87,61,19,10.35,9,1
3586,0.12,0.34,1.97,60,5,7.84,6,1
3587,0.16,0.69,59.2,79,8,17.98,7,0
3588,0.27,0.6,86.73,39,15,19.75,3,1
3589,0.05,0.43,65.66,73,10,17.13,7,1
3590,0.08,0.68,80.28,22,19,15.88,9,1
3591,0.33,0.34,89.61,81,17,5.01,9,1
3592,0.07,0.82,75.34,14,4,6.59,9,1
3593,0.2,0.31,71.98,95,8,15.06,1,1
3594,0.21,0.24,96.51,7,10,11.14,1,1
3595,0.18,0.8,86.5,35,8,5.29,2,1
3596,0.23,0.74,81.72,34,3,16.11,8,1
3597,0.09,0.26,9.55,67,7,11.28,8,1
3598,0.2,0.2,24.66,63,4,14.88,1,1
3599,0.14,0.85,56.12,2,2,12.03,6,0
3600,0.23,0.8,71.25,91,3,5.4,3,1
3601,0.06,0.39,31.02,45,15,14.54,1,0
3602,0.2,0.69,10.24,63,12,16.82,5,0
3603,0.07,0.21,31.8,2,2,7.34,2,1
3604,0.1,0.56,77.33,54,3,18.37,6,1
3605,0.08,0.12,87.86,51,0,7.72,4,1
3606,0.07,0.45,91.38,41,7,11.34,8,1
3607,0.29,0.17,38.51,5,8,12.91,1,1
3608,0.11,0.53,37.88,85,4,9.71,7,0
3609,0.33,0.48,41.26,71,11,12.51,6,1
3610,0.34,0.5,38.21,25,8,15.78,9,1
3611,0.2,0.14,66.95,1,3,15.72,4,1
3612,0.06,0.43,36.47,9,16,18.83,6,0
3613,0.14,0.78,3.01,66,11,17.93,7,0
3614,0.28,0.43,44.46,67,12,19.78,8,1
3615,0.13,0.74,23.19,4,10,13.93,7,0
3616,0.04,0.43,3.85,21,16,11.01,7,0
3617,0.2,0.48,47.61,61,14,8.6,6,0
3618,0.3,0.61,21.39,26,8,8.66,6,1
3619,0.28,0.96,45.82,44,3,7.26,1,1
3620,0.07,0.2,28.5,37,11,15.9,9,1
3621,0.24,0.13,60.77,78,2,14.81,8,1
3622,0.08,0.65,99.1,10,19,9.38,9,1
3623,0.08,0.95,55.18,90,16,18.38,1,0
3624,0.31,0.99,65.04,74,6,13.28,6,1
3625,0.09,0.54,92.01,82,6,6.04,6,1
3626,0.1,0.52,38.03,91,11,5.92,9,1
3627,0.01,0.68,17.49,81,9,7.15,2,1
3628,0.31,0.6,29.0,74,7,8.17,1,1
3629,0.28,0.67,40.88,75,8,18.31,2,1
3630,0.22,0.89,64.86,47,13,16.68,6,1
3631,0.27,0.77,1.45,88,5,8.03,7,1
3632,0.06,0.55,85.48,83,18,8.73,7,1
3633,0.17,0.52,8.53,80,14,14.55,3,0
3634,0.13,0.68,90.16,23,19,18.07,4,1
3635,0.04,0.51,94.99,76,19,9.75,3,1
3636,0.18,0.51,99.02,54,6,12.88,9,1
3637,0.32,0.11,81.14,59,7,18.36,3,1
3638,0.02,0.26,15.04,19,2,16.56,6,1
3639,0.11,0.54,70.91,25,10,18.37,6,1
3640,0.08,0.84,21.13,67,3,9.17,5,0
3641,0.09,0.35,89.82,13,1,15.36,5,1
3642,0.32,0.57,32.34,21,0,6.71,8,1
3643,0.17,0.41,33.35,22,6,14.24,9,0
3644,0.17,0.19,91.85,47,11,9.56,8,1
3645,0.27,0.96,2.31,63,7,15.52,8,1
3646,0.06,0.87,20.2,29,12,7.13,3,1
3647,0.18,0.17,42.77,49,5,14.98,6,1
3648,0.16,0.75,70.37,25,6,15.63,9,1
3649,0.21,0.41,65.11,23,19,17.86,5,1
3650,0.35,1.0,67.27,76,5,15.31,4,1
3651,0.27,0.37,88.12,49,11,12.84,9,1
3652,0.15,0.31,12.98,23,6,16.76,5,0
3653,0.29,0.61,52.69,5,9,9.27,6,1
3654,0.07,0.85,72.82,29,6,15.16,7,1
3655,0.02,0.27,63.98,5,14,15.87,8,1
3656,0.08,0.74,45.38,39,1,10.89,3,0
3657,0.13,0.16,2.69,99,7,19.83,1,1
3658,0.18,0.93,6.98,35,16,10.34,5,0
3659,0.22,0.17,12.78,81,15,6.27,9,1
3660,0.32,0.92,34.98,30,12,9.55,9,1
3661,0.18,0.54,12.65,56,17,6.49,4,1
3662,0.18,0.5,43.18,2,3,10.09,3,0
3663,0.03,0.98,18.69,15,11,6.92,5,1
3664,0.02,0.99,78.14,51,10,11.59,2,1
3665,0.2,0.69,87.28,23,1,16.67,2,1
3666,0.16,0.21,39.58,26,19,6.01,6,1
3667,0.3,0.56,51.62,11,15,13.45,5,1
3668,0.06,0.58,95.4,24,12,5.66,9,1
3669,0.02,0.56,54.02,9,3,18.27,4,0
3670,0.16,0.61,99.51,78,1,18.82,1,1
3671,0.09,0.12,15.07,88,17,12.39,6,1
3672,0.03,0.74,86.36,71,0,16.54,8,1
3673,0.26,0.74,50.22,10,5,13.89,7,1
3674,0.05,0.2,3.25,97,19,10.11,3,1
3675,0.22,0.61,97.25,97,19,8.68,4,1
3676,0.11,0.61,96.54,91,18,16.38,5,1
3677,0.07,0.71,38.94,72,9,11.45,3,0
3678,0.14,0.18,95.46,78,8,18.8,8,1
3679,0.28,0.66,14.96,71,16,19.64,9,1
3680,0.14,0.35,68.33,82,14,8.16,7,1
3681,0.27,0.56,20.0,57,1,13.42,8,1
3682,0.05,0.8,25.42,90,16,13.05,2,0
3683,0.27,0.74,78.15,15,6,18.02,3,1
3684,0.09,0.21,38.36,33,15,15.36,4,1
3685,0.24,0.63,1.71,11,16,14.11,2,1
3686,0.2,0.97,42.01,19,0,15.19,3,0
3687,0.33,0.24,23.58,42,15,10.84,8,1
3688,0.14,0.87,68.65,82,3,19.4,7,1
3689,0.03,0.73,20.25,86,15,5.86,6,1
3690,0.02,0.8,84.38,58,2,5.44,6,1
3691,0.29,0.35,27.44,18,0,11.23,2,1
3692,0.19,0.36,39.91,18,16,7.32,8,1
3693,0.27,0.92,30.51,22,4,13.17,6,1
3694,0.09,0.42,64.75,89,2,5.14,5,1
3695,0.13,0.16,11.02,52,18,11.9,5,1
3696,0.02,0.64,48.33,44,10,9.42,2,0
3697,0.34,0.21,34.11,31,14,8.04,2,1
3698,0.24,0.82,88.53,9,1,11.67,7,1
3699,0.33,0.68,8.27,50,6,17.82,5,1
3700,0.1,0.89,83.14,61,17,14.83,7,1
3701,0.22,0.81,17.6,19,0,7.4,8,1
3702,0.24,0.2,9.77,52,7,12.48,4,1
3703,0.12,0.44,21.03,55,15,18.98,5,0
3704,0.3,0.8,11.16,25,14,11.59,1,1
3705,0.33,0.48,52.58,79,3,12.06,6,1
3706,0.31,0.98,98.83,69,12,19.12,1,1
3707,0.26,0.76,4.4,75,11,7.04,3,1
3708,0.1,0.11,46.65,13,8,16.03,3,1
3709,0.11,0.89,39.22,34,12,9.49,7,0
3710,0.34,0.19,34.62,72,10,17.99,2,1
3711,0.01,0.23,33.85,25,11,5.82,9,1
3712,0.25,0.76,89.61,91,3,19.86,4,1
3713,0.25,0.88,2.88,75,2,16.53,6,1
3714,0.22,0.58,77.72,64,4,9.26,6,1
3715,0.35,0.36,26.04,82,5,16.41,2,1
3716,0.12,0.42,38.95,10,3,18.84,4,0
3717,0.13,0.41,42.59,97,0,6.69,2,1
3718,0.04,0.39,31.17,17,4,18.7,1,0
3719,0.16,0.32,10.26,5,1,10.4,7,0
3720,0.1,0.65,12.32,87,13,5.1,5,1
3721,0.13,0.91,30.51,67,10,6.69,5,1
3722,0.29,0.38,82.36,10,8,18.27,3,1
3723,0.33,0.27,14.33,27,7,19.74,1,1
3724,0.07,0.85,74.52,56,6,18.43,3,1
3725,0.14,0.77,29.6,7,14,11.62,9,0
3726,0.33,0.94,88.46,29,8,19.42,4,1
3727,0.03,0.25,43.4,49,9,11.1,5,1
3728,0.04,0.23,18.0,39,17,6.71,6,1
3729,0.07,0.59,98.6,70,18,10.11,9,1
3730,0.21,0.65,18.49,9,1,19.98,5,1
3731,0.06,0.53,57.19,72,13,14.39,7,0
3732,0.34,0.64,57.36,61,9,10.1,9,1
3733,0.16,0.26,37.91,78,4,14.36,1,1
3734,0.18,0.53,95.2,54,4,11.44,2,1
3735,0.09,0.69,84.54,9,1,5.74,5,1
3736,0.17,0.49,83.15,60,12,8.02,5,1
3737,0.24,0.71,97.44,52,6,5.29,9,1
3738,0.27,0.51,46.25,75,14,8.82,7,1
3739,0.27,0.4,10.62,11,14,16.09,9,1
3740,0.21,0.37,76.78,35,5,7.9,7,1
3741,0.32,0.47,38.7,75,6,12.92,6,1
3742,0.29,0.12,19.84,36,3,15.52,6,1
3743,0.27,0.7,48.84,55,3,13.23,1,1
3744,0.03,0.86,92.65,3,0,5.23,7,1
3745,0.01,0.42,17.96,83,10,10.45,4,0
3746,0.08,0.14,85.02,72,4,11.62,3,1
3747,0.24,0.99,42.4,53,1,10.14,1,1
3748,0.15,0.34,14.54,28,4,13.19,7,0
3749,0.15,0.21,84.99,53,4,12.7,9,1
3750,0.31,0.43,96.99,54,19,7.81,1,1
3751,0.31,0.76,29.84,53,12,16.28,2,1
3752,0.32,0.36,31.05,65,11,7.42,4,1
3753,0.12,0.62,39.66,53,9,11.88,9,0
3754,0.24,0.47,81.6,40,12,16.34,8,1
3755,0.1,0.21,2.03,94,8,15.46,1,1
3756,0.07,0.4,23.17,41,4,11.48,4,0
3757,0.07,0.75,70.88,38,5,16.83,9,1
3758,0.13,0.65,41.16,75,16,15.71,2,0
3759,0.16,0.21,33.7,29,4,10.77,2,1
3760,0.29,0.25,87.36,31,10,18.43,6,1
3761,0.05,0.68,91.82,61,5,7.13,6,1
3762,0.26,0.83,94.85,74,8,10.38,6,1
3763,0.19,0.41,27.98,99,11,15.47,1,0
3764,0.11,0.64,91.34,40,3,18.09,9,1
3765,0.18,0.25,73.96,93,17,9.84,2,1
3766,0.11,0.38,16.27,2,14,13.42,7,0
3767,0.21,0.12,61.42,48,3,5.18,1,1
3768,0.16,0.79,3.61,1,13,10.56,1,0
3769,0.07,0.46,71.13,59,17,9.96,9,1
3770,0.05,0.83,73.62,32,16,17.64,7,1
3771,0.2,0.74,79.14,88,1,6.11,5,1
3772,0.32,0.85,18.08,2,18,5.93,3,1
3773,0.13,0.36,63.2,59,13,11.64,8,1
3774,0.26,0.27,18.71,3,3,11.11,1,1
3775,0.23,0.97,94.72,73,1,7.42,8,1
3776,0.33,0.75,67.83,49,12,8.95,4,1
3777,0.29,0.85,10.44,88,6,19.61,2,1
3778,0.2,0.11,19.52,76,7,12.7,7,1
3779,0.23,0.42,66.68,34,9,6.32,4,1
3780,0.32,0.77,48.19,62,2,5.75,4,1
3781,0.15,0.17,73.89,34,3,5.63,6,1
3782,0.12,0.61,28.8,23,5,10.84,2,0
3783,0.01,0.49,66.13,19,19,17.98,5,1
3784,0.29,0.12,18.52,52,6,17.49,9,1
3785,0.28,0.31,54.83,60,6,10.52,3,1
3786,0.05,0.36,95.82,96,16,16.62,4,1
3787,0.21,0.2,63.19,28,5,16.28,3,1
3788,0.17,0.67,5.95,90,18,12.24,7,0
3789,0.05,0.32,98.89,49,17,11.07,3,1
3790,0.34,0.35,16.53,45,11,7.71,7,1
3791,0.08,0.91,72.09,76,18,9.18,5,1
3792,0.03,0.52,53.72,95,10,10.08,3,0
3793,0.21,0.45,30.14,60,16,17.19,1,1
3794,0.26,0.75,18.55,75,2,13.29,5,1
3795,0.02,0.92,18.59,56,14,8.01,9,0
3796,0.23,0.12,85.98,4,4,6.44,4,1
3797,0.19,0.5,87.42,18,3,12.45,9,1
3798,0.05,0.65,47.05,29,0,14.99,3,0
3799,0.07,0.39,11.26,39,2,17.28,8,0
3800,0.2,0.8,88.53,55,9,16.96,5,1
3801,0.11,0.97,49.21,58,12,17.36,6,0
3802,0.33,0.95,44.44,47,6,11.72,4,1
3803,0.29,0.34,41.33,31,13,17.98,6,1
3804,0.34,0.3,37.14,28,12,11.67,3,1
3805,0.1,0.96,53.07,27,4,7.52,7,1
3806,0.34,0.51,60.85,30,10,10.96,4,1
3807,0.16,0.29,47.18,49,13,10.1,5,1
3808,0.13,0.74,89.77,42,0,10.88,6,1
3809,0.03,0.36,32.45,75,4,14.88,5,0
3810,0.03,0.34,58.25,78,2,14.85,2,0
3811,0.25,0.89,30.7,68,0,8.37,4,1
3812,0.17,0.25,75.58,1,16,9.74,8,1
3813,0.09,0.16,11.11,44,19,13.93,8,1
3814,0.22,0.34,19.68,37,11,6.26,7,1
3815,0.1,0.65,80.32,33,12,15.33,2,1
3816,0.21,0.21,19.14,21,5,7.68,4,1
3817,0.13,0.52,62.95,88,2,17.76,9,1
3818,0.29,0.66,97.05,40,10,11.02,6,1
3819,0.29,0.86,52.77,61,10,8.31,8,1
3820,0.17,0.31,19.55,13,9,15.02,9,0
3821,0.13,0.84,32.75,98,10,13.31,5,0
3822,0.13,0.31,82.52,38,15,7.58,5,1
3823,0.28,0.71,35.81,29,19,17.41,9,1
3824,0.12,0.49,72.63,53,9,11.8,6,1
3825,0.08,0.2,77.96,64,11,7.28,7,1
3826,0.04,0.74,50.62,36,18,16.94,8,0
3827,0.17,0.3,78.54,5,8,7.0,8,1
3828,0.17,0.26,32.37,20,3,19.52,3,1
3829,0.3,0.42,52.1,93,14,11.63,5,1
3830,0.09,0.69,68.97,11,6,15.92,1,1
3831,0.14,0.31,17.64,72,4,11.78,3,0
3832,0.28,0.27,28.09,28,18,7.81,2,1
3833,0.29,0.11,65.55,49,14,16.37,2,1
3834,0.14,0.52,65.88,41,5,9.34,2,1
3835,0.17,0.49,49.84,18,19,15.24,1,0
3836,0.11,0.31,79.76,30,14,8.86,6,1
3837,0.33,0.15,48.72,14,16,8.62,4,1
3838,0.05,0.49,88.25,56,18,11.86,2,1
3839,0.33,0.81,73.85,73,2,17.24,5,1
3840,0.24,0.74,32.15,74,17,14.2,2,1
3841,0.19,0.87,40.13,89,9,5.97,8,1
3842,0.02,0.11,67.1,52,14,16.01,4,1
3843,0.17,0.97,89.55,91,17,13.7,5,1
3844,0.15,0.41,18.69,66,14,14.35,8,0
3845,0.06,0.99,51.95,67,18,10.3,6,0
3846,0.23,0.33,12.76,29,19,13.34,1,1
3847,0.34,0.52,28.67,27,4,10.58,6,1
3848,0.2,0.42,68.91,68,10,6.22,1,1
3849,0.25,0.42,8.7,35,8,17.67,6,1
3850,0.03,0.86,66.57,91,4,15.17,7,1
3851,0.15,0.77,90.18,83,10,15.06,6,1
3852,0.05,0.99,96.97,10,6,7.91,4,1
3853,0.22,0.65,22.45,26,1,14.95,4,1
3854,0.33,0.52,75.14,71,19,8.48,2,1
3855,0.24,0.18,92.71,91,19,15.31,2,1
3856,0.04,1.0,10.05,94,18,10.0,7,0
3857,0.13,0.6,41.99,76,17,7.36,8,1
3858,0.2,0.73,92.02,61,15,18.59,6,1
3859,0.15,0.47,21.08,69,0,6.57,6,1
3860,0.29,0.59,93.44,56,2,16.43,7,1
3861,0.29,0.95,53.19,77,8,6.53,3,1
3862,0.22,0.25,10.89,64,16,15.27,2,1
3863,0.14,0.36,45.54,41,7,6.66,4,1
3864,0.1,0.24,33.3,4,15,12.63,2,1
3865,0.05,0.81,28.94,66,11,7.82,7,1
3866,0.13,0.16,54.61,37,3,18.0,9,1
3867,0.15,0.17,48.88,34,4,11.02,7,1
3868,0.24,0.37,48.71,50,6,5.23,5,1
3869,0.23,0.56,9.73,70,17,14.42,3,1
3870,0.03,0.47,80.43,90,19,11.68,1,1
3871,0.14,0.14,48.66,75,13,17.9,1,1
3872,0.07,0.96,82.27,42,7,11.5,3,1
3873,0.06,0.96,82.63,1,12,11.17,4,1
3874,0.29,0.35,32.4,34,3,11.81,5,1
3875,0.02,0.76,1.43,85,11,17.9,9,0
3876,0.15,0.62,91.21,10,2,13.8,2,1
3877,0.07,0.31,76.31,5,4,15.04,4,1
3878,0.31,0.34,11.62,90,3,15.81,3,1
3879,0.2,0.54,70.47,44,14,19.06,8,1
3880,0.09,0.48,2.98,19,4,17.56,1,0
3881,0.18,0.36,3.75,21,8,18.91,1,0
3882,0.26,0.83,53.06,34,13,10.15,9,1
3883,0.34,0.53,10.51,29,15,8.22,1,1
3884,0.08,0.69,96.47,79,2,8.05,4,1
3885,0.31,0.27,89.49,40,14,17.87,8,1
3886,0.33,0.58,65.33,80,17,17.46,4,1
3887,0.32,0.39,7.31,18,17,14.76,5,1
3888,0.23,0.57,33.16,49,13,5.94,2,1
3889,0.22,0.8,37.8,61,6,9.77,9,1
3890,0.15,0.79,48.61,65,19,16.01,9,0
3891,0.27,0.42,17.72,75,5,8.73,3,1
3892,0.19,0.72,58.17,36,15,14.36,8,0
3893,0.24,0.95,44.14,96,18,13.14,9,1
3894,0.16,0.66,94.78,92,8,8.94,3,1
3895,0.26,0.23,93.68,70,19,19.02,1,1
3896,0.29,0.71,56.98,7,0,8.85,2,1
3897,0.06,0.19,64.79,61,17,18.42,8,1
3898,0.29,0.88,14.64,64,13,13.11,1,1
3899,0.19,0.56,23.11,88,13,6.38,7,1
3900,0.3,0.45,90.17,74,7,17.5,2,1
3901,0.16,0.15,70.22,30,16,16.87,3,1
3902,0.14,0.44,19.75,17,17,17.46,4,0
3903,0.32,0.91,57.45,44,14,14.57,3,1
3904,0.1,0.12,93.54,72,9,15.67,4,1
3905,0.3,0.53,35.17,76,19,18.61,5,1
3906,0.17,0.94,19.4,26,15,6.92,6,1
3907,0.18,0.46,94.26,17,6,6.25,5,1
3908,0.11,0.49,46.67,35,16,6.88,9,1
3909,0.2,0.62,42.31,46,4,18.05,9,0
3910,0.12,0.52,27.49,5,17,13.44,6,0
3911,0.02,0.25,89.27,45,13,7.64,6,1
3912,0.1,0.12,84.72,75,17,7.13,9,1
3913,0.01,0.65,40.9,16,17,11.68,7,0
3914,0.34,0.93,4.03,58,14,17.24,6,1
3915,0.34,0.2,45.22,42,10,17.08,9,1
3916,0.14,0.29,18.9,94,4,17.77,7,1
3917,0.26,0.43,15.13,60,15,16.53,8,1
3918,0.13,0.83,39.92,56,7,5.92,5,1
3919,0.24,0.34,10.81,6,12,15.8,8,1
3920,0.28,0.89,95.79,20,16,12.78,1,1
3921,0.33,0.15,5.71,84,8,15.9,7,1
3922,0.15,0.95,40.74,24,14,12.26,2,0
3923,0.28,0.6,17.11,91,6,12.25,3,1
3924,0.1,0.69,69.19,67,17,6.89,8,1
3925,0.35,0.43,8.8,88,13,18.58,3,1
3926,0.02,0.8,55.13,52,7,10.62,7,0
3927,0.22,0.25,77.54,10,1,13.74,6,1
3928,0.23,0.14,95.06,25,17,8.11,3,1
3929,0.24,0.46,70.15,92,3,10.53,3,1
3930,0.05,0.87,10.85,82,1,18.06,9,0
3931,0.33,0.78,9.76,45,9,8.14,5,1
3932,0.07,0.57,73.43,78,5,8.09,7,1
3933,0.22,0.61,22.32,1,10,8.91,2,1
3934,0.09,0.22,45.28,84,19,13.62,7,1
3935,0.11,0.86,97.69,25,9,12.81,8,1
3936,0.2,0.81,82.17,76,16,7.63,4,1
3937,0.15,0.69,84.81,73,7,15.38,1,1
3938,0.06,0.52,86.22,9,5,18.61,4,1
3939,0.07,0.97,62.33,42,15,7.98,5,1
3940,0.15,0.89,74.65,63,9,15.09,5,1
3941,0.27,0.68,36.54,25,18,13.8,2,1
3942,0.32,0.43,99.85,94,3,9.93,8,1
3943,0.04,0.66,28.68,48,1,14.27,2,0
3944,0.14,0.62,59.41,55,19,8.15,1,0
3945,0.04,0.45,28.92,92,1,17.51,5,0
3946,0.02,0.38,12.1,66,11,5.33,7,1
3947,0.23,0.47,57.19,89,3,13.51,8,1
3948,0.21,0.62,35.98,82,15,9.78,4,1
3949,0.07,0.49,58.74,24,1,18.22,1,0
3950,0.09,0.34,56.31,82,15,12.49,5,0
3951,0.02,0.78,54.68,91,14,17.04,3,0
3952,0.29,0.58,13.21,44,13,18.86,1,1
3953,0.34,0.16,44.58,56,10,10.02,7,1
3954,0.06,0.43,81.39,35,14,18.21,9,1
3955,0.09,0.9,32.2,34,5,15.89,9,0
3956,0.31,0.78,44.94,6,15,6.62,4,1
3957,0.32,0.39,49.89,49,0,6.56,8,1
3958,0.15,0.94,86.41,16,10,17.26,1,1
3959,0.03,0.17,65.9,87,13,12.02,4,1
3960,0.02,0.97,10.92,92,1,12.43,4,0
3961,0.21,0.32,86.65,13,15,18.37,2,1
3962,0.14,0.11,83.37,12,3,18.56,8,1
3963,0.02,0.49,75.61,11,13,6.69,8,1
3964,0.21,0.42,47.14,47,15,10.6,7,1
3965,0.01,0.59,76.0,60,14,18.43,4,1
3966,0.28,0.82,48.4,49,1,17.3,5,1
3967,0.11,0.86,73.93,52,12,15.82,5,1
3968,0.02,0.46,88.13,61,16,6.53,1,1
3969,0.21,0.49,89.16,86,19,14.32,6,1
3970,0.15,0.23,46.0,95,9,13.73,7,1
3971,0.34,0.14,86.07,91,14,7.51,4,1
3972,0.2,0.68,11.04,91,16,16.61,3,0
3973,0.1,0.16,11.08,40,7,9.68,8,1
3974,0.25,0.76,55.28,90,1,14.31,2,1
3975,0.1,0.59,65.53,71,0,10.43,1,1
3976,0.32,0.28,16.15,75,4,6.27,7,1
3977,0.14,0.59,47.75,53,2,12.87,3,0
3978,0.2,0.26,10.34,61,10,9.6,3,1
3979,0.03,0.49,60.61,22,15,6.07,6,1
3980,0.15,0.82,85.65,83,8,7.98,3,1
3981,0.29,0.52,74.03,38,3,14.28,9,1
3982,0.28,0.23,38.45,84,8,6.52,2,1
3983,0.09,0.75,99.39,61,13,6.31,1,1
3984,0.09,0.27,66.63,83,9,19.16,7,1
3985,0.29,0.76,81.71,83,15,6.61,7,1
3986,0.33,0.53,67.3,47,8,10.64,9,1
3987,0.04,0.51,98.95,27,2,7.0,5,1
3988,0.16,0.87,82.31,81,0,19.09,3,1
3989,0.12,0.74,52.42,18,19,12.22,2,0
3990,0.31,0.13,37.32,20,10,6.67,8,1
3991,0.04,0.37,68.53,42,19,16.53,5,1
3992,0.08,0.88,59.43,41,19,16.71,2,0
3993,0.27,0.12,63.31,72,0,18.52,6,1
3994,0.03,0.59,34.96,58,4,15.58,8,0
3995,0.18,0.76,43.44,40,8,5.82,3,1
3996,0.16,0.66,56.25,75,2,13.25,1,0
3997,0.12,0.78,84.09,30,11,10.76,5,1
3998,0.14,0.75,76.53,12,17,16.23,8,1
3999,0.19,0.72,12.75,62,1,13.86,5,0
4000,0.06,0.84,25.31,62,9,15.88,3,0
4001,0.2,0.68,3.64,87,6,7.71,7,1
4002,0.28,0.46,1.79,70,17,11.56,7,1
4003,0.27,0.52,23.21,99,15,11.48,5,1
4004,0.06,0.75,80.13,15,12,19.71,2,1
4005,0.06,0.89,90.57,92,0,5.29,8,1
4006,0.1,0.34,39.79,7,6,17.24,7,0
4007,0.13,0.41,56.76,6,10,6.46,7,1
4008,0.15,0.94,70.9,27,5,6.21,8,1
4009,0.24,0.62,95.34,2,4,9.92,8,1
4010,0.03,0.26,91.38,6,9,15.51,4,1
4011,0.02,0.7,6.66,61,2,15.18,1,0
4012,0.14,0.99,25.57,32,14,14.42,4,0
4013,0.25,0.84,5.87,29,11,16.62,2,1
4014,0.08,0.77,62.04,98,4,8.49,6,1
4015,0.23,0.29,71.34,65,13,14.51,8,1
4016,0.1,0.89,31.52,15,11,14.57,3,0
4017,0.31,0.57,85.53,10,10,14.82,6,1
4018,0.31,0.9,45.83,10,12,13.92,9,1
4019,0.11,0.4,99.84,10,9,8.32,4,1
4020,0.09,0.16,1.04,37,9,18.71,6,1
4021,0.15,0.53,11.84,32,13,19.64,2,0
4022,0.09,0.34,30.88,36,19,15.34,6,0
4023,0.24,0.74,3.53,64,15,11.66,1,1
4024,0.29,0.96,78.45,89,11,13.06,7,1
4025,0.24,0.72,6.22,15,17,6.63,3,1
4026,0.29,0.9,75.15,73,3,10.45,3,1
4027,0.14,0.51,6.2,16,9,19.64,6,0
4028,0.06,0.79,26.02,83,0,13.22,5,0
4029,0.26,0.86,84.29,46,17,13.41,1,1
4030,0.13,0.74,95.16,44,14,19.31,1,1
4031,0.24,0.56,42.04,76,16,18.3,2,1
4032,0.1,0.66,97.02,35,0,13.53,3,1
4033,0.04,0.73,63.06,51,13,9.03,4,1
4034,0.35,0.33,42.17,58,11,6.75,6,1
4035,0.06,0.83,80.48,5,10,17.95,2,1
4036,0.35,0.96,30.24,38,19,18.8,7,1
4037,0.34,0.52,27.31,6,18,12.41,8,1
4038,0.28,0.73,66.0,51,3,6.42,4,1
4039,0.23,0.76,39.66,14,16,14.09,7,1
4040,0.21,0.7,14.46,48,17,10.51,9,1
4041,0.3,0.59,7.63,12,3,7.37,1,1
4042,0.11,0.89,79.0,86,0,18.79,6,1
4043,0.17,0.5,67.92,52,5,8.59,6,1
4044,0.22,0.15,41.77,68,6,15.67,3,1
4045,0.15,0.86,89.73,59,0,11.44,7,1
4046,0.16,0.71,41.67,18,5,17.42,9,0
4047,0.12,0.86,71.32,53,2,15.51,6,1
4048,0.2,0.22,91.0,31,15,6.85,3,1
4049,0.3,0.13,84.23,35,1,11.74,2,1
4050,0.08,0.94,51.6,4,1,8.9,6,0
4051,0.33,0.23,68.38,9,10,15.7,3,1
4052,0.24,0.83,41.95,15,19,13.17,1,1
4053,0.29,0.84,65.07,42,10,10.1,9,1
4054,0.2,0.74,26.5,59,7,9.94,7,0
4055,0.28,0.22,44.04,85,18,6.72,4,1
4056,0.02,0.7,21.75,96,14,8.21,2,0
4057,0.29,0.9,4.78,73,19,15.7,3,1
4058,0.02,0.48,59.27,32,13,14.15,6,0
4059,0.31,0.47,86.58,80,17,10.33,8,1
4060,0.35,0.5,3.53,45,19,17.54,3,1
4061,0.11,0.17,20.41,5,4,12.27,2,1
4062,0.08,0.9,46.56,31,1,16.92,5,0
4063,0.27,0.88,66.92,25,1,16.72,8,1
4064,0.1,1.0,17.95,56,1,17.72,9,0
4065,0.3,0.63,6.61,1,1,17.75,4,1
4066,0.04,0.78,52.39,61,8,15.19,2,0
4067,0.05,0.28,82.05,67,11,16.24,7,1
4068,0.34,0.7,4.49,85,19,16.65,5,1
4069,0.24,0.68,35.59,92,17,7.54,9,1
4070,0.3,0.91,66.69,67,2,9.5,1,1
4071,0.12,0.85,13.94,42,18,6.56,5,1
4072,0.24,0.94,24.36,96,15,7.84,4,1
4073,0.21,0.88,54.01,96,10,16.67,9,1
4074,0.22,0.88,95.37,94,14,19.21,2,1
4075,0.24,0.16,29.45,59,10,15.1,1,1
4076,0.21,0.86,49.27,50,9,18.29,2,1
4077,0.16,0.65,40.59,77,18,9.77,7,0
4078,0.1,0.44,89.84,34,4,17.69,2,1
4079,0.27,0.15,8.12,68,13,10.08,6,1
4080,0.09,0.71,57.05,54,8,18.41,1,0
4081,0.25,0.4,84.77,82,5,16.97,4,1
4082,0.09,0.52,98.82,96,0,19.75,7,1
4083,0.22,0.71,70.17,14,11,17.41,8,1
4084,0.26,0.92,38.61,32,13,10.97,8,1
4085,0.08,0.84,41.77,70,3,6.65,5,1
4086,0.03,0.51,35.82,81,14,18.11,2,0
4087,0.05,0.45,60.76,8,16,13.57,4,1
4088,0.22,0.32,74.2,35,19,17.87,3,1
4089,0.3,0.44,82.13,24,11,10.81,7,1
4090,0.03,0.2,42.24,3,0,5.43,6,1
4091,0.26,0.97,71.95,81,12,5.79,2,1
4092,0.13,0.62,91.71,36,9,15.06,4,1
4093,0.17,0.22,92.16,51,3,6.72,3,1
4094,0.33,0.42,70.7,81,5,16.18,1,1
4095,0.12,0.59,64.05,57,8,11.29,1,1
4096,0.17,0.58,53.62,59,17,13.45,3,0
4097,0.01,0.13,19.14,94,1,17.02,9,1
4098,0.04,0.96,13.24,89,5,8.8,4,0
4099,0.1,0.35,49.09,22,10,11.19,8,0
4100,0.02,0.11,16.78,37,12,15.94,1,1
4101,0.22,0.17,58.12,75,5,18.78,8,1
4102,0.15,0.62,64.92,12,11,9.35,2,1
4103,0.2,0.22,53.04,21,18,14.34,3,1
4104,0.07,0.14,4.61,15,17,19.27,1,1
4105,0.11,0.44,6.72,12,18,14.73,8,0
4106,0.24,0.66,12.22,86,11,18.39,5,1
4107,0.34,0.2,16.21,56,19,19.1,9,1
4108,0.03,0.38,99.0,99,12,18.94,8,1
4109,0.31,0.48,35.11,16,19,16.38,2,1
4110,0.21,0.24,29.91,33,3,13.28,6,1
4111,0.2,0.56,6.17,43,5,6.45,4,1
4112,0.18,0.18,63.9,49,12,8.34,4,1
4113,0.03,0.14,65.57,78,9,8.84,4,1
4114,0.04,0.57,18.37,18,2,5.5,8,1
4115,0.21,0.32,92.0,16,8,6.53,8,1
4116,0.13,0.19,80.25,40,14,9.42,3,1
4117,0.32,0.48,23.8,67,4,6.36,8,1
4118,0.15,0.92,49.1,62,8,7.54,8,1
4119,0.06,0.75,46.38,90,14,5.82,7,1
4120,0.25,0.83,35.5,79,12,11.25,2,1
4121,0.11,0.88,81.95,27,2,17.32,5,1
4122,0.19,0.98,11.82,81,18,17.18,5,0
4123,0.25,0.79,42.12,14,1,18.57,4,1
4124,0.32,0.65,43.38,66,17,16.18,1,1
4125,0.28,0.43,47.4,27,13,8.67,4,1
4126,0.24,0.26,86.27,54,12,15.54,1,1
4127,0.24,0.72,22.6,88,7,16.31,7,1
4128,0.33,1.0,11.19,60,9,13.15,1,1
4129,0.11,0.52,62.16,40,1,17.11,4,1
4130,0.01,0.75,18.21,45,9,6.07,7,1
4131,0.1,0.55,8.42,99,1,13.92,5,0
4132,0.08,0.49,43.24,68,3,12.2,3,0
4133,0.24,0.47,22.74,90,8,17.08,9,1
4134,0.23,0.55,36.76,68,9,6.92,2,1
4135,0.21,0.43,26.71,63,3,8.19,2,1
4136,0.02,0.77,10.17,98,2,13.38,8,0
4137,0.26,0.89,56.47,77,6,19.21,5,1
4138,0.12,0.89,3.67,40,15,6.25,7,1
4139,0.24,0.3,96.67,41,4,16.15,9,1
4140,0.2,0.91,34.79,61,12,8.08,2,0
4141,0.13,0.41,69.82,65,9,6.58,7,1
4142,0.06,0.38,81.23,1,1,10.92,7,1
4143,0.04,0.75,28.63,9,15,13.75,4,0
4144,0.29,0.37,75.13,75,19,17.41,7,1
4145,0.32,0.15,83.41,80,0,14.52,4,1
4146,0.23,0.44,24.89,93,5,12.38,9,1
4147,0.05,0.75,99.26,15,18,9.29,4,1
4148,0.15,0.39,3.05,59,0,9.39,1,0
4149,0.26,0.67,22.48,66,4,16.56,6,1
4150,0.28,0.69,78.22,10,11,6.71,5,1
4151,0.05,0.76,20.22,49,16,7.2,4,1
4152,0.01,0.91,70.13,11,18,15.8,3,1
4153,0.25,0.49,85.7,30,7,19.42,4,1
4154,0.13,0.25,95.96,23,9,6.8,1,1
4155,0.1,0.39,47.95,22,2,14.14,5,0
4156,0.01,0.49,97.14,51,8,8.59,2,1
4157,0.19,0.74,41.75,42,6,5.39,7,1
4158,0.3,0.11,22.59,29,5,17.48,9,1
4159,0.34,0.38,51.88,45,14,12.63,6,1
4160,0.2,0.8,65.33,96,12,5.36,6,1
4161,0.18,0.7,46.34,33,13,18.43,3,0
4162,0.04,0.76,57.13,39,4,13.04,8,0
4163,0.2,0.83,42.22,73,1,16.06,3,0
4164,0.14,0.8,52.95,65,6,11.35,4,0
4165,0.22,0.71,95.31,82,0,7.77,3,1
4166,0.14,0.5,50.48,50,15,11.98,2,0
4167,0.09,0.99,26.06,86,6,9.32,1,0
4168,0.04,0.61,76.12,48,14,9.45,1,1
4169,0.12,0.28,34.42,37,5,14.66,1,1
4170,0.04,0.36,81.8,78,19,6.41,5,1
4171,0.07,0.72,6.63,86,18,10.96,1,0
4172,0.35,0.93,33.89,33,8,13.2,5,1
4173,0.16,0.26,10.34,6,5,15.65,4,1
4174,0.19,0.17,9.45,91,16,14.49,2,1
4175,0.31,0.89,66.18,70,4,18.29,3,1
4176,0.35,0.92,39.15,55,14,19.89,8,1
4177,0.21,0.35,87.28,44,6,19.06,3,1
4178,0.29,0.44,52.12,50,13,16.46,3,1
4179,0.12,0.69,30.24,54,19,15.29,2,0
4180,0.11,0.4,72.37,63,17,5.53,5,1
4181,0.15,0.89,62.78,16,16,13.0,2,1
4182,0.24,0.2,80.16,47,17,14.96,7,1
4183,0.24,0.13,64.72,57,1,11.19,8,1
4184,0.12,0.29,17.53,2,17,10.77,6,1
4185,0.06,0.36,67.36,37,13,13.14,9,1
4186,0.23,0.2,39.76,93,3,18.6,5,1
4187,0.05,0.16,46.85,23,6,8.91,6,1
4188,0.21,0.78,92.23,85,6,10.99,4,1
4189,0.25,0.25,36.64,13,0,14.8,9,1
4190,0.25,0.92,61.58,65,7,7.79,2,1
4191,0.27,0.43,36.98,93,19,17.52,1,1
4192,0.31,0.7,10.38,48,9,14.99,6,1
4193,0.18,0.3,45.9,7,8,10.28,6,0
4194,0.26,0.32,60.11,31,6,15.83,6,1
4195,0.22,0.62,41.34,63,2,9.19,6,1
4196,0.07,0.6,39.68,45,11,16.62,4,0
4197,0.02,0.79,82.22,56,2,6.06,9,1
4198,0.11,0.78,3.94,64,4,11.4,7,0
4199,0.16,0.7,30.26,22,6,8.92,8,0
4200,0.22,0.5,81.36,63,11,17.25,8,1
4201,0.3,0.9,92.13,80,16,16.29,4,1
4202,0.08,0.66,41.82,28,13,17.63,6,0
4203,0.05,0.99,88.99,44,2,14.77,7,1
4204,0.34,0.84,20.69,89,0,16.93,6,1
4205,0.05,0.14,22.92,14,17,11.58,6,1
4206,0.17,0.39,84.77,85,13,15.17,7,1
4207,0.21,0.61,90.42,19,12,5.47,9,1
4208,0.19,0.75,23.06,60,11,18.21,8,0
4209,0.04,0.6,6.87,77,4,15.27,3,0
4210,0.03,0.81,9.94,2,2,17.99,3,0
4211,0.05,0.35,26.88,51,13,16.56,2,0
4212,0.21,0.27,76.38,78,6,9.3,6,1
4213,0.2,0.15,51.49,34,6,9.09,7,1
4214,0.09,0.62,46.1,82,16,16.99,9,0
4215,0.23,0.72,58.83,88,5,7.77,6,1
4216,0.29,0.39,89.13,94,14,6.66,9,1
4217,0.02,0.65,9.95,51,18,5.23,2,1
4218,0.18,0.15,69.78,19,14,9.48,4,1
4219,0.24,0.19,92.75,36,6,6.49,1,1
4220,0.1,0.73,22.12,85,4,17.03,6,0
4221,0.11,0.43,83.94,83,14,12.27,3,1
4222,0.22,0.7,70.1,26,19,8.79,6,1
4223,0.32,0.85,2.43,35,12,14.03,1,1
4224,0.29,0.87,23.93,63,6,6.06,8,1
4225,0.21,0.25,60.98,4,12,15.89,6,1
4226,0.26,0.54,50.74,85,12,12.52,7,1
4227,0.13,0.76,53.27,3,12,5.1,9,1
4228,0.23,0.8,23.96,5,7,9.79,4,1
4229,0.17,0.81,67.83,29,4,16.25,4,1
4230,0.07,0.31,27.38,19,3,7.82,4,1
4231,0.25,0.27,39.55,17,16,19.43,2,1
4232,0.2,0.63,37.52,34,19,18.45,3,0
4233,0.13,0.77,67.53,20,13,16.67,6,1
4234,0.32,0.39,9.94,28,10,6.18,2,1
4235,0.02,0.19,21.35,73,9,10.31,9,1
4236,0.12,0.75,20.85,67,0,9.47,3,0
4237,0.03,0.37,11.73,10,6,7.06,3,1
4238,0.27,0.25,21.55,21,5,19.99,6,1
4239,0.25,0.23,61.1,4,6,7.21,2,1
4240,0.12,0.38,73.48,22,14,9.73,4,1
4241,0.24,0.63,66.37,71,5,18.2,1,1
4242,0.14,0.42,48.04,62,17,7.17,4,1
4243,0.27,0.12,6.19,12,1,12.04,5,1
4244,0.16,0.19,95.94,11,8,19.64,5,1
4245,0.15,0.36,17.64,22,5,8.71,2,0
4246,0.33,0.69,67.17,29,16,15.55,9,1
4247,0.1,0.19,91.38,61,10,6.2,7,1
4248,0.05,0.6,70.08,61,3,14.01,4,1
4249,0.21,0.21,22.59,27,6,10.09,5,1
4250,0.34,0.29,32.26,47,14,15.49,1,1
4251,0.14,0.25,3.99,84,16,11.49,5,1
4252,0.03,0.16,61.66,14,11,9.48,6,1
4253,0.13,0.7,61.69,7,12,13.19,5,1
4254,0.18,0.52,72.82,15,12,7.1,6,1
4255,0.07,0.85,2.09,46,7,17.22,7,0
4256,0.23,0.19,81.97,28,6,16.26,6,1
4257,0.35,0.23,74.13,43,3,13.17,2,1
4258,0.16,0.38,14.95,10,2,10.51,2,0
4259,0.13,0.79,35.42,51,16,18.73,9,0
4260,0.15,0.38,64.21,3,15,14.52,6,1
4261,0.05,0.47,50.08,76,18,9.27,4,0
4262,0.31,0.37,12.39,77,1,17.1,5,1
4263,0.15,0.17,9.65,44,13,14.53,5,1
4264,0.14,0.95,78.36,54,15,6.91,8,1
4265,0.23,0.59,16.44,34,16,6.71,5,1
4266,0.16,0.81,18.04,65,3,19.07,2,0
4267,0.23,0.69,83.26,89,7,9.32,2,1
4268,0.03,0.56,61.6,83,8,14.95,5,1
4269,0.29,0.18,60.87,25,15,5.55,4,1
4270,0.33,0.68,48.46,63,15,13.35,2,1
4271,0.23,0.24,57.33,70,16,8.47,6,1
4272,0.33,0.47,60.58,45,2,7.09,8,1
4273,0.06,0.67,96.81,68,16,16.6,2,1
4274,0.17,0.8,23.07,26,17,17.14,7,0
4275,0.21,0.72,22.24,26,17,15.73,4,1
4276,0.21,0.7,6.66,26,5,5.17,5,1
4277,0.15,0.23,66.16,78,5,9.27,2,1
4278,0.12,0.41,55.36,62,0,10.41,9,0
4279,0.05,0.14,12.01,96,15,15.36,3,1
4280,0.14,0.75,37.09,92,16,16.33,1,0
4281,0.07,0.96,18.69,61,3,14.42,4,0
4282,0.26,0.34,33.82,2,15,16.84,1,1
4283,0.08,0.18,95.18,41,19,11.41,6,1
4284,0.03,0.53,68.65,45,1,13.13,4,1
4285,0.2,0.87,1.75,85,11,5.96,4,1
4286,0.21,0.6,26.0,14,15,11.41,9,1
4287,0.31,0.14,2.03,37,5,11.49,9,1
4288,0.21,0.98,71.77,2,15,14.17,7,1
4289,0.13,0.85,47.47,5,6,10.67,4,0
4290,0.28,0.22,99.41,2,13,8.58,9,1
4291,0.19,0.93,73.62,1,2,8.56,5,1
4292,0.04,0.51,52.27,48,0,7.01,4,1
4293,0.2,0.43,80.67,22,16,15.52,5,1
4294,0.32,0.51,70.78,41,19,14.34,9,1
4295,0.14,0.85,25.13,25,3,13.69,1,0
4296,0.11,0.69,53.5,46,6,12.97,7,0
4297,0.06,0.15,56.04,94,6,10.51,9,1
4298,0.06,0.96,45.67,9,3,16.53,1,0
4299,0.16,0.23,18.74,61,6,18.83,3,1
4300,0.21,0.77,23.11,47,7,11.6,7,1
4301,0.04,0.67,28.82,74,8,11.14,4,0
4302,0.33,0.27,2.02,79,14,7.44,9,1
4303,0.27,0.25,91.78,3,3,15.06,8,1
4304,0.21,0.88,68.92,8,17,13.37,4,1
4305,0.29,0.48,69.27,25,11,19.82,3,1
4306,0.04,0.69,57.66,36,5,13.76,5,0
4307,0.17,0.55,69.24,43,3,9.33,7,1
4308,0.22,0.75,98.2,50,3,13.44,6,1
4309,0.29,0.53,39.13,63,17,19.77,7,1
4310,0.28,0.36,71.54,85,0,15.85,5,1
4311,0.1,0.43,36.59,34,5,6.93,2,1
4312,0.33,0.87,85.57,91,8,10.15,5,1
4313,0.05,0.52,85.94,73,16,9.48,7,1
4314,0.31,0.29,90.32,10,10,17.85,1,1
4315,0.34,0.94,1.54,27,8,14.17,5,1
4316,0.07,0.82,30.52,89,10,17.15,4,0
4317,0.26,0.15,14.26,13,3,7.64,7,1
4318,0.02,1.0,45.94,51,12,18.62,6,0
4319,0.15,0.73,50.05,68,18,5.87,7,1
4320,0.19,0.24,26.33,16,2,10.62,4,1
4321,0.21,0.31,72.62,12,0,5.21,5,1
4322,0.33,0.72,27.71,25,16,7.76,8,1
4323,0.24,0.8,85.54,49,16,19.43,3,1
4324,0.17,0.32,18.59,16,6,6.18,4,1
4325,0.29,0.33,37.36,2,13,7.18,6,1
4326,0.33,0.38,62.6,73,4,18.87,7,1
4327,0.02,0.64,60.93,77,13,15.65,9,1
4328,0.34,0.25,8.72,78,10,11.1,5,1
4329,0.04,0.19,84.78,76,2,6.03,3,1
4330,0.29,0.71,60.21,35,5,16.78,5,1
4331,0.11,0.8,87.12,22,6,12.39,2,1
4332,0.05,0.55,86.9,85,18,9.85,8,1
4333,0.16,0.43,55.05,48,8,10.41,4,0
4334,0.23,0.49,91.17,64,1,12.58,9,1
4335,0.14,0.45,84.99,67,11,13.27,3,1
4336,0.03,0.96,95.85,22,6,17.27,7,1
4337,0.21,0.79,85.2,73,9,16.58,3,1
4338,0.32,0.29,82.3,47,19,16.51,4,1
4339,0.14,0.45,47.47,40,14,15.94,2,0
4340,0.08,0.59,21.99,53,18,16.37,6,0
4341,0.16,0.65,91.16,3,5,15.16,5,1
4342,0.03,0.52,72.53,95,19,18.02,4,1
4343,0.29,0.83,28.89,6,12,13.36,4,1
4344,0.29,0.79,34.76,14,19,12.81,1,1
4345,0.21,0.55,68.92,83,11,15.52,3,1
4346,0.13,0.87,48.3,58,17,7.49,5,1
4347,0.28,0.78,9.07,82,15,16.65,2,1
4348,0.2,0.8,15.0,7,10,19.04,7,0
4349,0.29,0.96,74.82,29,10,9.44,3,1
4350,0.22,0.34,33.53,3,0,14.17,8,1
4351,0.28,0.34,51.26,13,0,5.49,2,1
4352,0.21,0.9,76.9,36,6,16.49,8,1
4353,0.15,0.8,75.37,89,6,13.4,5,1
4354,0.34,0.93,17.53,92,3,15.1,9,1
4355,0.19,0.16,10.74,38,13,7.14,9,1
4356,0.22,0.66,59.52,75,4,17.14,6,1
4357,0.08,0.23,74.42,60,11,8.84,3,1
4358,0.22,0.55,15.75,73,3,15.27,1,1
4359,0.2,0.24,37.82,22,2,13.9,1,1
4360,0.07,0.22,87.16,21,17,14.81,5,1
4361,0.03,0.11,94.48,83,4,5.75,2,1
4362,0.22,0.67,45.95,33,5,16.13,9,1
4363,0.27,0.42,8.87,4,13,16.93,3,1
4364,0.19,0.19,26.51,97,5,12.12,4,1
4365,0.09,0.39,24.06,80,19,11.13,2,0
4366,0.24,0.25,24.66,44,11,10.14,2,1
4367,0.04,0.95,49.89,1,11,18.92,3,0
4368,0.16,0.39,58.74,62,7,16.33,6,0
4369,0.07,0.4,13.13,79,19,15.48,7,0
4370,0.07,0.86,89.05,22,1,18.88,5,1
4371,0.08,0.68,62.38,96,4,10.23,8,1
4372,0.14,0.74,60.13,59,17,14.45,1,1
4373,0.03,0.67,98.74,37,2,15.29,2,1
4374,0.15,0.95,63.19,23,15,19.94,5,1
4375,0.18,0.29,92.97,33,4,11.41,1,1
4376,0.17,0.99,29.34,22,8,11.0,7,0
4377,0.14,0.85,24.77,64,5,6.27,3,1
4378,0.3,0.63,52.14,62,18,6.48,6,1
4379,0.06,0.7,51.35,54,15,12.68,7,0
4380,0.18,0.68,23.42,58,6,7.57,5,1
4381,0.03,0.15,70.27,12,3,6.09,7,1
4382,0.03,0.3,3.93,18,15,19.47,3,0
4383,0.21,0.97,69.37,96,19,19.27,8,1
4384,0.2,0.58,46.26,67,16,9.88,7,0
4385,0.31,0.44,69.21,60,18,16.85,4,1
4386,0.2,0.79,48.23,1,16,18.09,7,0
4387,0.34,0.57,97.76,89,12,11.97,5,1
4388,0.03,0.11,34.13,20,1,8.36,5,1
4389,0.04,0.76,98.27,17,1,6.95,3,1
4390,0.02,0.76,7.43,49,3,7.11,7,1
4391,0.07,0.25,68.69,22,15,16.95,4,1
4392,0.19,0.96,45.97,33,3,10.77,7,0
4393,0.23,0.3,82.39,26,19,15.4,7,1
4394,0.03,0.51,79.17,27,11,13.08,4,1
4395,0.33,0.2,80.22,60,19,10.92,2,1
4396,0.3,0.64,10.38,34,13,6.86,6,1
4397,0.11,0.44,82.41,87,0,10.0,6,1
4398,0.04,0.42,22.19,80,16,17.6,5,0
4399,0.07,0.84,3.54,78,17,17.17,1,0
4400,0.05,0.11,22.56,52,11,5.43,2,1
4401,0.05,0.82,48.45,55,9,7.1,7,1
4402,0.19,0.61,74.47,61,14,16.34,3,1
4403,0.09,0.99,22.64,50,16,10.04,7,0
4404,0.13,0.63,12.19,63,10,14.65,2,0
4405,0.35,0.15,64.95,64,19,13.44,9,1
4406,0.24,0.15,98.41,14,6,14.78,9,1
4407,0.33,0.89,60.49,90,19,5.81,5,1
4408,0.06,0.86,69.41,51,18,18.97,5,1
4409,0.14,0.41,56.56,27,10,5.31,8,1
4410,0.2,0.66,78.45,40,0,5.12,9,1
4411,0.04,0.54,97.6,68,17,8.39,8,1
4412,0.01,0.97,54.87,9,14,19.9,6,0
4413,0.24,0.95,42.26,56,12,6.09,2,1
4414,0.23,0.99,86.17,91,15,18.12,2,1
4415,0.15,0.88,97.0,39,18,7.39,2,1
4416,0.18,0.92,13.79,15,5,6.64,3,1
4417,0.15,0.3,58.24,89,15,16.68,5,0
4418,0.02,0.85,79.45,18,17,17.7,1,1
4419,0.12,0.74,53.8,52,0,16.88,9,0
4420,0.07,0.97,41.51,61,17,8.62,5,0
4421,0.04,0.61,65.87,94,8,18.2,7,1
4422,0.34,0.18,27.74,37,12,6.08,5,1
4423,0.21,0.64,35.56,80,15,10.13,3,1
4424,0.26,0.72,99.24,53,18,11.95,3,1
4425,0.12,0.3,64.01,12,0,6.02,4,1
4426,0.14,0.45,87.42,81,7,13.7,3,1
4427,0.09,0.64,80.97,25,9,13.39,6,1
4428,0.04,0.44,65.57,79,6,19.88,5,1
4429,0.07,0.44,84.23,25,2,14.32,1,1
4430,0.28,0.22,29.43,21,12,10.96,4,1
4431,0.24,0.95,64.07,83,19,16.85,8,1
4432,0.2,0.78,59.47,88,10,10.02,9,0
4433,0.17,0.1,62.62,7,19,12.99,6,1
4434,0.32,0.79,17.69,76,4,5.83,4,1
4435,0.03,0.77,28.45,49,12,9.84,2,0
4436,0.11,0.11,29.38,39,11,12.92,9,1
4437,0.13,0.43,60.59,75,15,15.53,8,1
4438,0.28,0.65,97.28,97,16,6.49,5,1
4439,0.35,0.51,95.45,49,13,16.96,8,1
4440,0.09,0.8,23.49,89,9,18.5,6,0
4441,0.31,0.48,31.18,34,12,9.22,1,1
4442,0.29,0.24,4.57,75,11,16.48,8,1
4443,0.09,0.98,40.48,16,3,7.71,5,1
4444,0.15,0.32,83.63,96,18,12.85,3,1
4445,0.15,0.75,91.66,15,11,16.96,1,1
4446,0.34,0.23,24.41,40,0,10.8,8,1
4447,0.07,0.4,27.31,79,9,5.39,6,1
4448,0.28,0.5,22.86,7,1,13.1,7,1
4449,0.12,0.27,35.66,40,4,17.67,3,1
4450,0.26,0.5,80.67,66,16,6.62,8,1
4451,0.15,0.24,65.04,70,3,5.44,3,1
4452,0.21,0.6,78.81,92,6,17.14,5,1
4453,0.29,0.7,58.72,22,14,9.01,6,1
4454,0.28,0.16,26.52,59,0,10.47,8,1
4455,0.3,0.88,23.57,5,13,6.3,5,1
4456,0.03,0.27,1.89,18,14,6.45,1,1
4457,0.25,0.3,78.32,11,1,14.22,1,1
4458,0.06,0.7,84.87,8,19,13.28,6,1
4459,0.15,0.52,77.06,20,1,9.39,6,1
4460,0.2,0.55,8.37,75,15,11.79,7,0
4461,0.15,0.22,76.46,59,1,10.82,7,1
4462,0.19,0.83,5.53,91,15,15.43,9,0
4463,0.35,0.66,11.45,93,16,17.93,6,1
4464,0.06,0.22,44.61,25,17,16.48,3,1
4465,0.24,0.44,48.14,58,18,5.07,3,1
4466,0.14,0.83,81.8,19,15,6.49,4,1
4467,0.06,0.61,68.27,2,3,11.44,6,1
4468,0.06,0.2,16.18,58,16,17.78,4,1
4469,0.33,0.44,23.39,66,0,8.55,2,1
4470,0.31,0.32,29.28,7,12,18.18,7,1
4471,0.32,0.57,13.24,51,6,6.65,2,1
4472,0.35,0.86,29.48,95,8,6.09,5,1
4473,0.08,0.49,73.13,33,13,18.7,5,1
4474,0.13,0.49,24.9,75,0,7.43,8,1
4475,0.24,0.91,83.7,13,7,11.96,5,1
4476,0.17,0.62,47.48,10,9,9.89,6,0
4477,0.15,0.61,32.97,59,3,7.21,4,1
4478,0.13,0.34,41.83,38,12,14.48,4,0
4479,0.21,0.65,71.24,20,17,19.46,3,1
4480,0.21,0.62,52.16,85,8,14.87,2,1
4481,0.06,0.46,1.72,14,7,10.31,4,0
4482,0.17,0.99,92.31,88,5,15.68,9,1
4483,0.2,0.89,7.53,40,18,7.15,9,1
4484,0.2,0.77,93.92,7,15,13.7,4,1
4485,0.08,0.58,3.79,69,0,12.04,9,0
4486,0.26,0.52,77.33,6,14,10.4,5,1
4487,0.02,0.27,53.93,40,5,16.09,9,1
4488,0.13,0.38,51.07,53,9,6.78,9,1
4489,0.28,0.8,8.21,99,4,12.99,9,1
4490,0.2,0.51,24.64,9,7,17.82,9,0
4491,0.1,0.89,77.98,65,0,8.03,7,1
4492,0.25,0.23,89.23,20,12,8.97,9,1
4493,0.2,0.56,53.38,6,15,14.91,1,0
4494,0.28,0.68,35.98,96,16,16.59,4,1
4495,0.26,0.57,6.93,77,6,9.25,6,1
4496,0.22,0.9,68.54,39,14,10.4,6,1
4497,0.18,0.99,28.57,21,13,16.1,1,0
4498,0.06,0.2,6.45,37,16,9.28,1,1
4499,0.1,0.22,66.92,12,6,14.99,1,1
4500,0.15,0.22,49.09,70,13,7.38,8,1
4501,0.21,0.71,2.18,15,7,11.17,1,1
4502,0.18,0.44,11.98,21,12,15.33,9,0
4503,0.11,0.76,70.22,85,0,11.9,2,1
4504,0.01,0.46,7.3,92,3,5.29,9,1
4505,0.18,0.66,86.73,81,10,11.1,9,1
4506,0.11,0.79,31.82,46,8,9.33,2,0
4507,0.26,0.59,9.78,71,18,6.52,4,1
4508,0.02,0.59,76.22,87,3,5.14,9,1
4509,0.21,0.18,52.92,86,0,5.68,9,1
4510,0.33,0.47,31.36,10,18,19.24,8,1
4511,0.07,0.59,41.2,82,18,16.25,5,0
4512,0.17,0.52,3.12,66,18,19.1,1,0
4513,0.04,0.91,66.61,76,10,6.72,2,1
4514,0.22,0.92,37.21,39,5,13.56,4,1
4515,0.2,0.84,71.69,22,6,6.25,9,1
4516,0.15,0.44,63.19,86,0,5.4,4,1
4517,0.19,0.75,65.47,42,14,11.99,5,1
4518,0.31,0.46,79.5,86,3,14.7,1,1
4519,0.08,0.31,63.48,6,12,5.95,5,1
4520,0.02,0.41,42.45,52,11,10.48,2,0
4521,0.3,0.16,39.6,37,0,6.35,9,1
4522,0.21,0.4,12.84,84,7,10.43,9,1
4523,0.31,0.51,78.16,6,10,12.08,5,1
4524,0.21,0.96,76.35,73,9,10.06,8,1
4525,0.29,0.38,25.38,29,1,13.64,6,1
4526,0.16,0.91,86.41,69,16,13.77,8,1
4527,0.26,0.31,59.31,51,12,9.99,9,1
4528,0.32,0.27,48.39,77,8,10.84,4,1
4529,0.2,0.57,2.73,27,15,11.62,4,0
4530,0.07,0.71,38.89,87,16,10.63,7,0
4531,0.1,0.14,64.43,37,9,16.41,5,1
4532,0.08,0.3,9.89,46,16,7.1,4,1
4533,0.09,0.51,46.5,98,19,17.86,2,0
4534,0.11,0.4,99.35,25,9,9.97,2,1
4535,0.2,0.74,71.94,37,13,15.86,4,1
4536,0.21,0.56,55.14,23,14,18.26,8,1
4537,0.16,0.24,53.77,92,8,18.31,8,1
4538,0.22,0.91,5.33,26,1,11.79,7,1
4539,0.04,0.36,95.77,76,13,8.85,4,1
4540,0.04,0.76,92.89,52,6,14.09,7,1
4541,0.07,0.8,68.56,3,3,7.76,9,1
4542,0.19,0.97,10.8,73,12,16.86,8,0
4543,0.08,0.55,21.58,79,3,15.67,5,0
4544,0.11,0.65,19.21,72,3,16.93,3,0
4545,0.15,0.4,52.44,28,8,11.5,2,0
4546,0.29,0.71,21.57,90,10,13.36,4,1
4547,0.01,0.52,69.88,80,0,6.54,9,1
4548,0.23,0.49,54.98,34,12,15.31,4,1
4549,0.24,0.87,2.75,84,8,12.3,9,1
4550,0.28,0.15,74.66,65,17,12.64,5,1
4551,0.33,0.89,19.69,88,6,17.7,3,1
4552,0.02,0.87,82.66,29,13,16.58,6,1
4553,0.06,0.56,36.15,4,16,13.03,9,0
4554,0.31,0.54,34.52,68,17,10.33,8,1
4555,0.17,0.43,2.17,62,0,11.7,3,0
4556,0.2,0.99,98.79,38,8,10.26,4,1
4557,0.24,0.2,61.59,67,9,7.27,4,1
4558,0.24,0.63,42.85,2,15,14.69,1,1
4559,0.33,0.71,10.57,93,10,15.37,5,1
4560,0.35,0.94,70.22,92,3,19.57,3,1
4561,0.25,0.8,28.99,76,18,11.84,7,1
4562,0.11,0.68,98.84,44,7,19.96,7,1
4563,0.31,0.21,95.1,79,2,7.81,5,1
4564,0.03,0.44,73.79,95,3,14.85,5,1
4565,0.09,0.22,97.14,32,7,19.92,1,1
4566,0.32,0.89,11.46,86,11,14.6,4,1
4567,0.1,0.77,28.71,3,4,11.79,1,0
4568,0.09,0.78,26.07,17,2,12.73,1,0
4569,0.06,0.69,8.13,93,4,17.68,8,0
4570,0.3,0.56,97.25,12,3,19.09,9,1
4571,0.18,0.23,6.94,64,10,11.81,2,1
4572,0.24,0.4,85.81,63,15,16.59,9,1
4573,0.09,0.22,77.05,78,17,19.01,1,1
4574,0.27,0.75,38.21,72,5,9.23,9,1
4575,0.27,0.24,2.86,41,15,12.4,1,1
4576,0.12,0.73,1.6,2,0,19.93,8,0
4577,0.15,0.72,21.2,53,18,10.3,1,0
4578,0.08,0.51,49.89,34,19,14.3,8,0
4579,0.34,0.22,46.33,88,15,14.86,1,1
4580,0.23,0.38,58.94,84,9,7.31,8,1
4581,0.33,0.39,77.42,74,13,17.1,2,1
4582,0.11,0.73,38.36,40,17,11.19,5,0
4583,0.28,0.2,16.88,71,12,12.5,7,1
4584,0.27,0.85,80.2,65,12,14.64,8,1
4585,0.25,0.78,33.94,55,14,11.16,6,1
4586,0.34,0.27,29.4,74,3,9.88,8,1
4587,0.14,0.75,76.67,51,17,13.2,3,1
4588,0.05,0.7,93.48,5,14,10.2,7,1
4589,0.24,0.77,91.58,56,5,11.51,7,1
4590,0.26,0.27,14.61,21,9,6.63,2,1
4591,0.21,0.24,50.81,58,14,17.67,3,1
4592,0.08,0.31,10.19,73,0,11.18,8,0
4593,0.18,0.43,96.14,93,4,6.24,9,1
4594,0.12,0.81,22.31,31,8,16.85,2,0
4595,0.16,0.76,20.55,46,13,5.29,9,1
4596,0.23,0.93,89.0,27,10,13.99,3,1
4597,0.26,0.15,96.82,70,5,15.54,1,1
4598,0.09,0.11,70.07,31,15,7.87,1,1
4599,0.15,0.73,12.98,41,8,6.97,7,1
4600,0.1,0.35,49.1,45,2,6.71,8,1
4601,0.08,0.4,81.84,36,7,19.9,1,1
4602,0.28,0.59,57.68,2,16,16.33,7,1
4603,0.32,0.19,14.13,62,8,9.69,7,1
4604,0.14,0.68,18.02,21,16,10.03,7,0
4605,0.27,0.39,86.55,34,4,14.73,6,1
4606,0.31,0.67,53.18,86,10,11.87,4,1
4607,0.3,0.85,70.88,13,5,9.07,4,1
4608,0.07,0.25,37.93,19,13,5.86,6,1
4609,0.34,0.94,53.72,33,2,16.76,8,1
4610,0.14,0.58,97.73,49,16,18.32,8,1
4611,0.13,0.93,33.64,3,3,8.09,3,0
4612,0.03,0.29,67.8,38,7,5.95,6,1
4613,0.18,0.64,18.08,83,5,6.78,4,1
4614,0.05,0.46,13.05,71,10,11.21,9,0
4615,0.09,0.8,78.58,15,0,9.49,7,1
4616,0.12,0.65,84.57,38,14,6.1,8,1
4617,0.29,0.55,67.16,25,15,11.82,1,1
4618,0.31,0.92,16.66,61,1,8.06,4,1
4619,0.11,0.44,24.82,86,12,6.0,6,1
4620,0.3,0.3,91.21,87,11,14.87,6,1
4621,0.3,0.65,29.58,50,13,13.59,2,1
4622,0.27,0.66,82.07,10,0,17.4,7,1
4623,0.06,0.5,29.31,50,10,9.53,3,0
4624,0.24,0.54,94.01,42,3,7.04,6,1
4625,0.33,0.96,91.53,71,12,10.4,3,1
4626,0.24,0.76,5.28,52,19,16.68,6,1
4627,0.12,0.2,77.27,46,5,8.63,8,1
4628,0.18,0.29,17.78,89,4,8.83,5,1
4629,0.23,0.98,22.31,40,3,7.21,1,1
4630,0.18,0.75,46.52,58,12,19.8,3,0
4631,0.05,0.92,58.06,24,17,19.51,1,0
4632,0.12,0.37,33.25,69,12,14.87,8,0
4633,0.28,0.77,57.96,85,7,8.22,7,1
4634,0.3,0.74,17.9,40,18,16.5,4,1
4635,0.06,0.37,3.21,20,14,13.76,4,0
4636,0.33,0.6,57.55,29,0,16.24,1,1
4637,0.12,0.66,52.22,37,10,17.91,4,0
4638,0.24,0.53,69.28,20,15,9.78,1,1
4639,0.27,0.84,65.33,18,9,18.71,5,1
4640,0.29,0.85,89.85,4,6,18.48,5,1
4641,0.33,0.87,46.49,11,7,13.21,2,1
4642,0.12,0.82,1.83,64,19,15.27,2,0
4643,0.3,0.54,63.43,86,15,11.17,9,1
4644,0.05,0.44,67.84,52,9,14.83,2,1
4645,0.25,0.85,52.63,43,3,13.23,5,1
4646,0.26,0.54,69.24,14,11,9.84,9,1
4647,0.24,0.32,33.03,45,15,9.84,8,1
4648,0.1,0.56,15.73,28,17,14.77,2,0
4649,0.31,0.23,66.79,4,15,19.35,2,1
4650,0.07,0.72,25.27,16,12,8.02,5,0
4651,0.03,0.4,46.18,38,15,10.89,4,0
4652,0.25,0.33,49.67,63,14,17.09,3,1
4653,0.17,0.96,48.24,23,7,6.85,4,1
4654,0.3,0.8,60.25,77,14,19.91,2,1
4655,0.14,0.81,3.92,20,6,15.17,2,0
4656,0.07,0.66,98.98,69,19,18.66,4,1
4657,0.29,0.86,71.91,83,18,17.57,3,1
4658,0.2,0.78,43.11,21,13,16.66,7,0
4659,0.07,0.64,19.94,42,5,5.49,9,1
4660,0.25,0.97,8.94,69,12,11.1,1,1
4661,0.18,0.27,67.55,14,11,8.03,7,1
4662,0.22,0.95,32.38,70,6,18.07,3,1
4663,0.17,0.46,23.72,5,19,15.2,4,0
4664,0.29,0.58,38.62,24,2,6.61,2,1
4665,0.29,0.21,59.7,93,2,10.39,5,1
4666,0.25,0.59,67.5,29,2,6.04,8,1
4667,0.05,0.65,64.87,2,14,16.1,2,1
4668,0.3,1.0,86.46,6,15,11.27,8,1
4669,0.24,0.98,22.66,34,12,8.52,9,1
4670,0.25,0.97,64.04,76,15,12.77,5,1
4671,0.13,0.41,11.01,22,1,5.63,9,1
4672,0.31,0.99,55.25,4,5,8.86,8,1
4673,0.26,0.51,58.81,6,16,7.63,2,1
4674,0.05,0.87,22.41,67,5,18.96,5,0
4675,0.15,0.29,39.78,77,17,10.66,9,1
4676,0.31,0.56,82.89,63,11,13.77,9,1
4677,0.03,0.97,15.69,87,18,12.54,8,0
4678,0.34,0.95,44.02,99,11,14.89,2,1
4679,0.24,0.72,93.34,90,16,9.19,6,1
4680,0.22,0.82,50.91,73,1,6.81,1,1
4681,0.1,0.26,72.79,87,13,6.22,7,1
4682,0.09,0.75,82.86,68,12,7.9,6,1
4683,0.33,0.66,21.17,34,5,12.24,8,1
4684,0.11,0.18,22.6,72,16,8.54,7,1
4685,0.27,0.2,76.1,34,8,11.51,2,1
4686,0.14,0.2,75.58,57,7,5.44,2,1
4687,0.06,0.75,6.96,37,13,14.41,2,0
4688,0.01,0.23,32.93,6,1,18.17,6,1
4689,0.2,0.52,40.45,71,9,5.71,8,1
4690,0.34,0.42,83.07,45,2,8.27,1,1
4691,0.14,0.6,42.76,41,16,9.77,2,0
4692,0.13,0.74,92.67,5,6,9.31,5,1
4693,0.13,0.72,99.66,60,11,5.61,9,1
4694,0.19,0.56,78.29,67,6,6.6,8,1
4695,0.16,0.52,66.97,17,2,18.69,1,1
4696,0.31,0.46,39.8,83,5,15.67,8,1
4697,0.18,0.88,7.64,65,2,19.38,7,0
4698,0.18,0.4,57.74,55,3,11.61,9,0
4699,0.06,0.33,36.81,9,15,18.19,4,0
4700,0.34,0.77,35.74,4,14,17.25,6,1
4701,0.09,0.42,69.08,42,0,18.12,4,1
4702,0.03,0.86,46.9,46,1,5.59,4,1
4703,0.24,0.4,75.46,74,0,14.79,9,1
4704,0.21,0.73,40.42,96,17,13.5,1,1
4705,0.15,0.14,15.94,1,3,13.18,7,1
4706,0.15,0.45,46.67,87,5,12.57,8,0
4707,0.28,0.41,95.15,17,10,16.94,6,1
4708,0.08,0.84,80.35,94,11,19.52,1,1
4709,0.29,0.97,21.37,91,7,17.43,6,1
4710,0.23,0.51,39.74,79,13,18.06,4,1
4711,0.15,0.84,92.85,7,9,12.26,8,1
4712,0.17,0.73,13.25,97,3,15.36,7,0
4713,0.1,0.97,26.14,5,14,11.23,8,0
4714,0.27,0.83,26.96,52,15,10.4,1,1
4715,0.18,0.17,57.52,98,13,18.43,9,1
4716,0.12,0.74,41.66,53,14,18.58,3,0
4717,0.21,0.58,8.91,3,16,15.23,2,1
4718,0.35,0.11,63.29,62,11,17.57,9,1
4719,0.16,0.33,10.81,32,12,10.41,1,0
4720,0.32,0.93,61.04,2,13,11.51,6,1
4721,0.13,0.93,51.19,80,10,17.32,5,0
4722,0.03,0.82,49.87,81,10,10.97,4,0
4723,0.08,0.98,7.68,53,5,5.6,1,1
4724,0.15,0.83,64.28,12,0,10.3,2,1
4725,0.08,0.11,43.7,5,19,10.97,4,1
4726,0.01,0.36,41.7,4,7,7.32,6,1
4727,0.32,0.13,60.05,56,7,10.16,6,1
4728,0.3,0.18,61.02,80,17,19.02,5,1
4729,0.26,0.3,2.49,82,12,17.88,8,1
4730,0.07,0.55,13.4,64,13,11.69,3,0
4731,0.05,0.86,24.42,45,14,15.65,9,0
4732,0.03,0.88,68.12,60,3,7.28,4,1
4733,0.26,0.65,58.1,20,18,16.29,1,1
4734,0.33,0.94,76.01,53,12,12.14,6,1
4735,0.16,0.55,74.32,73,8,15.84,2,1
4736,0.05,0.9,85.47,16,15,14.66,4,1
4737,0.18,0.51,38.3,99,8,8.49,3,0
4738,0.13,0.35,35.16,93,1,17.52,3,0
4739,0.14,0.92,83.27,30,9,13.58,2,1
4740,0.22,0.45,24.52,20,6,16.76,8,1
4741,0.25,0.55,46.66,86,8,6.41,2,1
4742,0.05,0.4,20.24,87,7,14.23,1,0
4743,0.02,0.7,91.47,52,19,9.38,5,1
4744,0.35,1.0,41.37,36,18,17.91,1,1
4745,0.09,0.12,22.04,22,0,19.24,6,1
4746,0.03,0.91,69.51,1,0,5.84,5,1
4747,0.07,0.1,25.22,21,19,15.86,1,1
4748,0.02,0.43,94.41,48,7,6.54,7,1
4749,0.14,0.25,37.39,83,3,17.86,3,1
4750,0.28,0.78,66.8,72,3,6.87,2,1
4751,0.13,0.15,35.18,5,14,7.93,9,1
4752,0.16,0.6,80.92,40,1,8.77,3,1
4753,0.24,0.37,89.8,93,16,15.92,8,1
4754,0.18,0.22,79.0,82,7,9.39,4,1
4755,0.3,0.79,85.0,93,15,13.94,6,1
4756,0.3,0.3,11.09,79,5,13.58,8,1
4757,0.01,0.3,92.48,45,0,11.03,4,1
4758,0.27,0.35,62.81,31,4,13.09,3,1
4759,0.17,0.63,87.05,15,18,6.77,9,1
4760,0.35,0.69,68.76,58,17,18.14,7,1
4761,0.17,0.12,20.98,53,2,8.11,9,1
4762,0.35,0.32,61.35,45,1,18.2,3,1
4763,0.27,0.49,10.0,67,1,12.78,1,1
4764,0.09,0.4,69.88,42,0,14.21,3,1
4765,0.19,0.9,41.49,97,2,8.86,7,0
4766,0.35,0.81,16.02,24,18,8.33,1,1
4767,0.3,0.66,97.94,38,3,12.36,5,1
4768,0.04,0.4,90.21,51,2,9.01,5,1
4769,0.25,0.73,89.46,24,7,11.35,3,1
4770,0.13,0.86,79.09,77,11,11.6,8,1
4771,0.01,0.64,69.51,91,3,9.06,1,1
4772,0.15,0.81,65.85,33,13,9.38,9,1
4773,0.09,0.77,11.5,19,9,19.59,7,0
4774,0.29,0.61,90.16,25,16,13.81,1,1
4775,0.12,0.38,88.23,70,17,17.48,2,1
4776,0.29,0.77,75.04,97,6,5.69,2,1
4777,0.01,0.29,92.8,89,12,5.03,1,1
4778,0.11,0.8,55.76,87,12,12.79,1,0
4779,0.09,0.82,45.32,49,1,17.4,2,0
4780,0.09,0.84,96.83,17,7,14.16,6,1
4781,0.03,0.53,46.95,21,19,14.28,5,0
4782,0.07,0.27,64.49,43,10,7.09,5,1
4783,0.2,0.19,37.93,84,1,19.68,2,1
4784,0.11,0.77,64.0,76,11,12.95,7,1
4785,0.15,0.9,72.29,77,4,6.54,3,1
4786,0.14,0.69,62.84,82,15,11.21,9,1
4787,0.31,0.23,51.94,22,0,6.08,8,1
4788,0.32,0.94,30.71,63,11,11.27,9,1
4789,0.18,0.99,64.74,24,4,15.67,9,1
4790,0.12,0.49,90.93,33,0,9.85,6,1
4791,0.05,0.64,1.68,67,2,9.7,5,0
4792,0.33,0.8,14.26,81,3,12.72,2,1
4793,0.03,0.76,12.86,96,8,12.48,7,0
4794,0.11,0.97,92.4,17,16,12.01,5,1
4795,0.11,0.2,66.61,48,11,12.75,8,1
4796,0.12,0.62,95.23,44,18,5.72,5,1
4797,0.07,0.72,58.7,25,2,12.11,1,0
4798,0.28,0.9,46.71,72,19,19.88,3,1
4799,0.05,0.89,79.44,99,9,16.47,1,1
4800,0.23,0.98,16.93,60,19,9.31,5,1
4801,0.05,0.56,38.75,29,7,15.17,6,0
4802,0.03,0.85,47.16,12,2,9.95,7,0
4803,0.32,0.48,30.55,9,10,7.87,5,1
4804,0.07,0.48,37.76,90,14,16.6,5,0
4805,0.29,0.33,8.73,86,19,8.14,6,1
4806,0.2,0.84,20.6,53,11,17.88,9,0
4807,0.04,0.99,34.21,61,2,10.71,2,0
4808,0.33,0.33,79.79,31,6,16.35,6,1
4809,0.09,0.15,19.07,48,0,8.89,7,1
4810,0.3,0.83,35.32,94,9,14.79,4,1
4811,0.07,0.66,7.43,79,16,8.19,5,0
4812,0.3,0.96,56.15,47,5,5.33,7,1
4813,0.01,0.33,61.51,33,18,17.22,8,1
4814,0.18,0.16,86.69,67,11,17.84,3,1
4815,0.27,0.54,82.09,98,1,18.21,3,1
4816,0.33,0.18,29.25,64,11,5.54,9,1
4817,0.32,0.34,14.56,17,18,16.41,1,1
4818,0.29,0.21,16.45,44,8,17.54,8,1
4819,0.31,0.3,96.93,5,5,9.68,5,1
4820,0.08,0.2,67.65,94,16,12.06,3,1
4821,0.11,0.96,5.21,62,1,11.12,7,0
4822,0.11,0.35,14.54,63,6,11.6,4,0
4823,0.14,0.5,49.09,79,5,17.7,6,0
4824,0.14,0.91,21.58,39,13,11.27,5,0
4825,0.2,0.71,80.56,72,16,9.54,7,1
4826,0.06,0.66,57.75,42,17,6.96,7,1
4827,0.25,0.74,61.65,92,5,15.12,3,1
4828,0.07,0.85,46.82,21,11,6.26,5,1
4829,0.12,0.89,26.35,47,5,5.92,2,1
4830,0.18,0.68,59.35,74,13,15.22,2,0
4831,0.28,0.9,71.98,28,12,15.41,5,1
4832,0.26,0.58,37.72,21,8,7.99,5,1
4833,0.23,0.35,50.99,28,17,19.36,9,1
4834,0.06,0.89,84.13,86,9,16.82,8,1
4835,0.2,0.59,15.72,19,9,15.3,8,0
4836,0.04,0.92,54.98,63,13,16.32,4,0
4837,0.14,0.14,35.49,52,8,11.18,9,1
4838,0.15,0.46,70.58,38,8,11.83,1,1
4839,0.02,0.95,2.86,46,8,18.05,6,0
4840,0.1,0.32,67.38,24,2,5.38,5,1
4841,0.33,0.95,11.19,92,8,17.04,3,1
4842,0.33,0.96,7.41,45,12,11.71,1,1
4843,0.13,0.89,72.74,77,9,11.96,5,1
4844,0.02,0.61,64.39,9,2,9.89,1,1
4845,0.07,0.68,89.6,9,19,14.11,6,1
4846,0.14,0.88,52.45,21,3,15.14,3,0
4847,0.33,0.8,53.47,24,13,7.41,3,1
4848,0.06,0.67,70.99,95,12,13.49,3,1
4849,0.27,0.98,33.02,64,19,11.97,3,1
4850,0.05,0.72,4.65,93,6,16.73,3,0
4851,0.34,0.98,23.77,40,6,13.18,2,1
4852,0.14,0.15,24.56,74,5,11.44,5,1
4853,0.27,0.23,34.23,52,7,12.93,6,1
4854,0.13,0.51,94.4,4,5,12.36,6,1
4855,0.22,0.45,80.68,3,3,19.03,2,1
4856,0.08,0.8,93.66,13,4,9.68,1,1
4857,0.06,0.24,99.86,21,17,5.56,4,1
4858,0.33,0.98,43.94,8,1,14.93,8,1
4859,0.32,0.38,23.48,73,13,14.06,1,1
4860,0.31,0.49,56.44,1,13,18.65,7,1
4861,0.22,0.35,88.23,14,4,6.76,5,1
4862,0.28,0.62,47.11,76,10,12.84,8,1
4863,0.03,0.15,51.03,36,19,7.26,2,1
4864,0.12,0.23,14.31,22,2,11.84,1,1
4865,0.12,0.77,42.63,36,15,16.99,9,0
4866,0.23,0.27,39.31,45,19,17.86,4,1
4867,0.13,0.31,35.82,16,7,17.51,4,0
4868,0.06,0.81,88.84,11,19,13.21,2,1
4869,0.21,0.18,6.87,67,14,14.51,2,1
4870,0.29,0.49,97.24,98,13,13.27,5,1
4871,0.14,0.12,1.82,25,13,13.42,2,1
4872,0.05,0.41,94.61,90,7,18.28,6,1
4873,0.08,0.73,55.26,67,0,8.14,7,0
4874,0.09,0.18,70.54,84,15,11.58,2,1
4875,0.11,0.9,19.53,31,11,14.15,8,0
4876,0.23,0.92,65.77,65,13,16.48,9,1
4877,0.21,0.19,88.31,90,8,16.43,3,1
4878,0.25,0.99,14.81,89,13,6.76,4,1
4879,0.13,0.37,13.58,11,12,8.33,7,0
4880,0.29,0.18,31.09,80,18,18.67,1,1
4881,0.08,0.1,17.01,84,15,10.36,4,1
4882,0.17,0.47,11.95,38,18,5.04,1,1
4883,0.28,0.67,68.15,2,16,8.0,2,1
4884,0.07,0.4,22.17,54,4,19.54,9,0
4885,0.05,0.85,67.03,93,2,9.65,2,1
4886,0.31,0.74,86.33,7,0,14.21,3,1
4887,0.13,0.42,65.55,49,6,15.9,6,1
4888,0.24,0.76,12.82,40,6,14.7,1,1
4889,0.02,0.95,57.78,45,16,10.66,7,0
4890,0.24,0.18,39.97,54,6,11.46,8,1
4891,0.12,0.38,34.99,89,12,17.57,9,0
4892,0.03,0.52,32.53,61,12,14.94,9,0
4893,0.22,0.55,93.01,4,9,5.35,5,1
4894,0.09,0.59,74.51,34,19,8.05,5,1
4895,0.14,0.37,14.25,89,1,9.29,4,0
4896,0.04,0.7,48.12,8,5,10.48,4,0
4897,0.06,0.68,32.5,32,6,13.65,1,0
4898,0.11,0.62,97.82,18,12,10.5,7,1
4899,0.04,0.2,97.82,40,7,17.38,8,1
4900,0.32,0.53,32.63,75,12,12.11,4,1
4901,0.01,0.42,35.86,56,10,12.53,3,0
4902,0.17,0.54,60.34,37,9,11.41,3,1
4903,0.05,0.93,48.45,55,3,9.66,7,0
4904,0.11,0.53,22.1,36,9,15.87,6,0
4905,0.32,0.11,66.38,10,16,8.44,1,1
4906,0.06,0.49,34.08,70,7,15.34,1,0
4907,0.34,0.84,65.72,80,19,12.95,1,1
4908,0.08,0.8,38.98,89,4,6.53,5,1
4909,0.26,0.56,70.32,63,19,5.27,1,1
4910,0.2,0.32,67.11,34,14,7.54,7,1
4911,0.31,0.52,51.37,95,9,16.42,9,1
4912,0.2,0.61,70.77,72,18,10.77,3,1
4913,0.19,1.0,46.64,17,17,17.07,4,0
4914,0.08,0.68,12.5,61,11,12.53,7,0
4915,0.07,0.72,19.03,78,1,5.49,2,1
4916,0.32,0.54,25.35,94,6,17.69,4,1
4917,0.12,0.42,7.26,18,10,19.04,7,0
4918,0.14,0.83,71.43,61,14,6.11,9,1
4919,0.27,0.55,37.37,36,11,8.13,8,1
4920,0.13,1.0,10.26,85,9,15.73,4,0
4921,0.33,0.51,82.18,53,12,19.96,2,1
4922,0.26,0.16,68.68,95,1,18.14,9,1
4923,0.21,0.71,45.77,33,14,6.48,4,1
4924,0.31,0.14,25.5,23,7,14.11,9,1
4925,0.03,0.33,16.02,64,5,14.98,9,0
4926,0.1,0.42,46.38,38,3,14.46,5,0
4927,0.17,0.77,88.64,69,7,13.52,6,1
4928,0.09,0.54,19.65,79,19,9.38,6,0
4929,0.26,0.13,57.3,30,4,15.03,5,1
4930,0.32,0.66,96.21,16,19,15.93,7,1
4931,0.15,0.47,64.07,54,7,13.64,7,1
4932,0.13,0.93,44.56,59,13,12.46,7,0
4933,0.34,0.55,71.92,93,16,8.29,6,1
4934,0.16,0.74,82.63,92,19,13.17,2,1
4935,0.18,0.3,59.46,6,1,6.92,8,1
4936,0.13,0.78,87.31,5,18,6.09,4,1
4937,0.32,0.75,51.94,89,3,16.67,6,1
4938,0.2,0.91,83.17,92,13,15.14,7,1
4939,0.27,0.13,95.25,1,6,14.74,1,1
4940,0.29,0.5,50.62,14,15,18.92,6,1
4941,0.13,0.71,60.9,83,9,10.71,8,1
4942,0.16,0.19,61.34,31,10,11.0,5,1
4943,0.3,0.47,78.36,51,4,11.21,8,1
4944,0.13,0.95,82.47,79,11,11.98,6,1
4945,0.28,0.49,3.7,19,14,12.69,7,1
4946,0.33,0.99,73.6,32,9,16.67,9,1
4947,0.22,0.15,78.6,57,1,8.27,7,1
4948,0.26,0.75,70.34,31,17,11.51,2,1
4949,0.28,0.62,71.66,58,10,12.58,8,1
4950,0.3,0.55,5.1,26,4,7.54,1,1
4951,0.14,0.97,44.76,48,5,15.53,1,0
4952,0.03,0.22,82.0,41,12,5.84,6,1
4953,0.15,0.91,93.47,25,16,13.79,8,1
4954,0.24,0.72,23.72,47,15,8.03,1,1
4955,0.16,0.33,58.34,54,0,5.13,1,1
4956,0.26,0.91,80.63,57,12,9.74,5,1
4957,0.13,0.49,75.49,72,9,11.44,3,1
4958,0.23,0.83,62.27,61,12,17.26,1,1
4959,0.07,0.45,2.85,4,19,11.12,2,0
4960,0.26,0.87,72.66,31,17,18.73,4,1
4961,0.2,0.67,77.55,96,17,17.64,8,1
4962,0.08,0.23,72.56,98,3,7.89,6,1
4963,0.11,0.68,76.82,67,2,7.34,4,1
4964,0.26,0.27,43.66,41,15,8.66,7,1
4965,0.17,0.47,99.38,26,6,10.4,9,1
4966,0.08,0.25,77.31,68,6,13.75,6,1
4967,0.34,0.12,58.29,66,1,6.86,1,1
4968,0.25,0.29,93.48,19,15,12.98,8,1
4969,0.34,0.58,90.91,87,4,13.71,3,1
4970,0.16,0.53,81.64,25,7,14.91,5,1
4971,0.17,0.55,56.81,47,7,13.25,2,0
4972,0.32,0.32,53.18,71,10,17.38,1,1
4973,0.19,0.72,33.54,8,19,14.62,7,0
4974,0.25,0.73,25.84,3,9,18.87,3,1
4975,0.1,0.42,51.72,87,0,15.51,4,0
4976,0.16,0.89,58.2,33,5,11.54,2,0
4977,0.05,0.68,25.21,28,6,8.15,4,0
4978,0.08,0.74,92.34,22,16,5.16,9,1
4979,0.01,0.35,56.17,99,15,6.36,9,1
4980,0.02,0.1,53.12,98,13,7.85,1,1
4981,0.34,0.88,44.13,30,2,8.25,7,1
4982,0.09,0.84,6.75,47,8,16.13,3,0
4983,0.24,0.21,88.36,36,9,10.79,5,1
4984,0.3,0.44,32.38,59,2,9.87,5,1
4985,0.2,0.7,64.6,14,11,5.79,4,1
4986,0.06,0.69,61.14,73,3,13.08,1,1
4987,0.26,0.87,58.86,86,11,14.19,9,1
4988,0.21,0.23,53.05,92,12,18.17,5,1
4989,0.26,0.49,18.96,14,6,12.54,2,1
4990,0.27,0.19,28.78,79,18,5.12,2,1
4991,0.34,0.45,52.89,56,17,5.98,4,1
4992,0.21,0.11,79.14,24,17,9.07,2,1
4993,0.13,0.91,43.77,98,8,7.09,5,1
4994,0.23,0.57,21.19,49,6,16.56,2,1
4995,0.03,0.86,9.71,43,6,6.62,4,1
4996,0.32,0.15,66.64,3,12,7.41,4,1
4997,0.05,0.3,42.91,23,5,15.0,3,0
4998,0.12,0.33,13.41,20,6,8.59,7,0
4999,0.29,0.45,67.77,15,12,19.54,2,1
5000,0.21,0.82,21.55,43,19,17.95,5,1
5001,0.14,0.45,51.39,80,5,16.17,2,0
5002,0.17,0.28,31.31,71,16,10.15,9,1
5003,0.3,0.16,93.24,33,19,5.85,6,1
5004,0.13,0.17,23.6,55,17,10.05,8,1
5005,0.31,0.78,42.57,83,19,10.65,6,1
5006,0.04,0.5,95.99,82,7,6.91,3,1
5007,0.27,0.75,32.55,41,17,6.81,7,1
5008,0.3,0.71,64.81,18,14,15.02,2,1
5009,0.07,0.22,32.36,3,0,8.49,4,1
5010,0.16,0.23,11.96,3,0,15.17,5,1
5011,0.07,0.78,63.13,16,6,13.22,4,1
5012,0.25,0.75,91.69,43,15,18.52,2,1
5013,0.19,0.44,45.8,23,19,16.96,2,0
5014,0.23,0.17,62.99,87,13,7.27,6,1
5015,0.08,0.11,61.28,15,11,14.15,9,1
5016,0.08,0.36,42.09,73,4,14.8,7,0
5017,0.02,0.11,61.87,58,6,17.93,8,1
5018,0.12,0.31,26.67,40,11,14.61,6,0
5019,0.2,0.48,38.43,38,18,7.11,8,1
5020,0.3,0.21,44.79,82,4,8.88,4,1
5021,0.24,0.19,86.54,6,6,14.56,7,1
5022,0.16,0.91,35.48,46,6,18.68,3,0
5023,0.33,0.63,63.88,6,12,18.37,3,1
5024,0.25,0.94,22.13,85,19,10.39,3,1
5025,0.33,0.41,26.0,94,16,17.46,5,1
5026,0.19,0.71,65.19,92,4,12.67,6,1
5027,0.1,0.28,76.47,20,13,11.97,4,1
5028,0.03,0.66,46.75,19,10,10.26,5,0
5029,0.26,0.22,34.17,14,19,15.17,3,1
5030,0.05,0.1,91.12,65,18,13.99,8,1
5031,0.11,0.94,14.44,91,3,10.62,6,0
5032,0.19,0.6,72.35,96,16,16.44,4,1
5033,0.2,0.93,69.33,29,16,10.69,1,1
5034,0.21,0.4,69.33,31,2,13.77,3,1
5035,0.07,0.4,93.61,25,13,10.89,8,1
5036,0.14,0.46,73.09,71,5,6.75,2,1
5037,0.22,0.74,30.85,46,9,7.42,4,1
5038,0.34,0.61,35.99,52,16,14.85,5,1
5039,0.26,0.93,39.72,16,1,17.17,6,1
5040,0.32,0.12,4.05,11,11,12.03,2,1
5041,0.27,0.74,91.44,18,15,9.88,7,1
5042,0.21,0.4,8.28,56,15,10.05,9,1
5043,0.08,0.26,70.28,56,2,13.96,9,1
5044,0.24,0.56,73.29,57,17,12.02,4,1
5045,0.22,0.55,84.53,69,6,5.01,4,1
5046,0.21,0.22,55.78,66,9,16.57,2,1
5047,0.18,0.28,72.8,74,7,7.13,9,1
5048,0.19,0.47,30.97,90,17,15.12,5,0
5049,0.12,0.47,74.81,88,16,10.16,7,1
5050,0.19,0.39,35.0,90,2,13.67,3,0
5051,0.08,0.23,90.38,16,7,17.83,8,1
5052,0.28,0.1,17.17,89,19,7.31,7,1
5053,0.07,0.97,32.26,6,4,16.66,8,0
5054,0.04,0.95,50.38,52,19,5.57,2,1
5055,0.16,0.54,77.81,55,11,18.82,8,1
5056,0.23,1.0,75.13,76,5,8.02,1,1
5057,0.16,0.71,21.86,73,9,16.92,6,0
5058,0.1,0.16,15.28,49,9,6.01,6,1
5059,0.2,0.21,31.09,72,0,9.91,7,1
5060,0.13,0.92,48.89,56,8,14.5,4,0
5061,0.33,0.67,54.36,95,17,14.88,8,1
5062,0.32,0.86,43.48,41,2,15.48,2,1
5063,0.18,0.91,66.65,96,0,10.26,8,1
5064,0.12,0.5,43.33,71,9,14.99,7,0
5065,0.26,0.14,94.69,96,2,11.43,6,1
5066,0.02,0.27,26.84,56,17,13.49,8,1
5067,0.17,0.16,63.11,89,6,13.21,2,1
5068,0.12,0.27,61.53,97,6,7.52,8,1
5069,0.32,0.47,28.88,63,9,17.7,4,1
5070,0.01,0.21,41.76,28,12,18.01,7,1
5071,0.2,0.25,37.18,75,3,8.06,8,1
5072,0.26,0.5,18.08,31,11,11.25,3,1
5073,0.17,0.41,48.25,55,2,11.97,8,0
5074,0.04,0.52,39.28,52,15,13.23,1,0
5075,0.34,0.49,18.65,74,10,5.33,9,1
5076,0.19,0.68,45.54,66,2,16.38,2,0
5077,0.22,0.94,42.76,46,7,17.93,2,1
5078,0.09,0.2,14.01,4,6,7.13,5,1
5079,0.17,0.19,13.99,22,13,18.45,8,1
5080,0.16,0.87,65.1,45,1,17.76,1,1
5081,0.04,0.56,70.95,28,9,13.13,3,1
5082,0.05,0.79,94.18,10,2,9.12,8,1
5083,0.29,0.29,9.61,66,10,8.11,7,1
5084,0.09,0.85,12.67,49,18,12.34,6,0
5085,0.08,0.93,6.13,95,7,12.61,1,0
5086,0.18,0.67,53.69,87,19,14.78,4,0
5087,0.27,0.2,62.65,80,4,17.02,3,1
5088,0.03,0.91,40.95,73,8,19.02,7,0
5089,0.21,0.81,79.99,51,12,16.94,8,1
5090,0.05,0.78,68.98,43,10,18.64,7,1
5091,0.02,0.13,98.6,6,1,12.49,5,1
5092,0.03,0.82,14.65,25,11,5.58,9,1
5093,0.29,0.22,6.77,4,2,5.78,4,1
5094,0.05,0.3,28.21,76,14,9.03,3,0
5095,0.03,0.62,2.89,24,0,14.21,8,0
5096,0.16,0.34,93.33,56,10,10.03,1,1
5097,0.3,0.7,31.09,91,9,7.49,2,1
5098,0.1,0.65,55.69,55,2,17.76,5,0
5099,0.15,0.2,32.49,54,13,19.77,9,1
5100,0.02,0.69,25.34,3,15,5.25,6,1
5101,0.16,0.93,16.08,76,8,6.34,7,1
5102,0.21,0.24,32.72,47,13,12.49,3,1
5103,0.2,0.64,61.93,30,0,10.07,5,1
5104,0.12,0.41,97.19,76,0,16.73,4,1
5105,0.12,0.51,56.25,41,3,14.81,5,0
5106,0.05,0.36,53.74,55,0,6.03,4,1
5107,0.13,0.42,4.49,59,18,13.17,6,0
5108,0.04,0.13,84.17,40,11,10.05,4,1
5109,0.27,0.98,5.44,45,19,19.48,6,1
5110,0.34,0.66,90.72,22,3,12.13,8,1
5111,0.34,0.55,54.33,15,8,18.91,9,1
5112,0.3,0.45,17.68,92,6,5.45,6,1
5113,0.21,0.59,45.72,17,13,6.55,7,1
5114,0.25,0.44,99.5,59,2,10.79,2,1
5115,0.11,0.42,31.2,25,14,18.3,4,0
5116,0.22,0.52,27.68,43,10,13.17,4,1
5117,0.16,0.35,12.68,64,9,17.36,9,0
5118,0.17,0.26,60.12,51,19,9.25,6,1
5119,0.27,0.6,9.83,61,14,6.67,8,1
5120,0.11,0.86,76.83,45,16,8.69,7,1
5121,0.12,0.24,92.0,3,18,14.68,2,1
5122,0.32,0.13,93.26,36,10,18.07,5,1
5123,0.03,0.32,11.68,95,19,11.82,9,0
5124,0.18,0.98,56.27,79,15,7.9,6,1
5125,0.32,0.85,10.61,64,3,14.56,9,1
5126,0.22,0.64,57.63,28,6,7.95,9,1
5127,0.2,0.94,81.68,95,10,13.55,2,1
5128,0.09,0.5,54.24,45,19,6.53,3,1
5129,0.13,0.98,87.33,84,16,17.17,2,1
5130,0.3,0.37,80.37,21,18,17.08,5,1
5131,0.2,0.32,28.38,27,9,13.12,8,0
5132,0.19,0.67,63.38,83,14,5.57,6,1
5133,0.04,0.44,1.73,76,5,9.2,8,0
5134,0.02,0.66,40.21,35,12,7.07,1,1
5135,0.34,0.37,24.56,48,2,12.85,9,1
5136,0.14,0.66,93.77,97,7,6.53,7,1
5137,0.22,0.35,41.13,23,6,18.05,4,1
5138,0.04,0.15,65.75,64,4,17.75,8,1
5139,0.24,0.92,73.47,13,17,7.34,7,1
5140,0.33,0.89,77.55,30,15,15.42,5,1
5141,0.21,0.97,73.84,74,8,15.45,5,1
5142,0.05,0.74,29.63,20,10,10.95,1,0
5143,0.21,0.71,68.92,6,18,7.29,9,1
5144,0.27,0.6,55.35,95,13,6.98,6,1
5145,0.15,0.21,60.14,19,6,16.09,2,1
5146,0.31,0.27,1.08,67,11,8.3,8,1
5147,0.23,0.36,26.57,74,18,14.05,9,1
5148,0.32,0.9,93.14,10,7,17.99,4,1
5149,0.22,0.26,29.72,56,4,13.9,7,1
5150,0.05,0.93,44.36,21,5,19.61,7,0
5151,0.12,0.57,19.48,56,10,14.68,7,0
5152,0.08,0.74,14.72,57,2,9.72,3,0
5153,0.32,0.2,21.66,2,10,17.79,7,1
5154,0.27,0.34,55.81,39,11,9.66,5,1
5155,0.24,0.96,91.98,61,0,19.57,7,1
5156,0.11,0.34,33.29,45,3,12.17,4,0
5157,0.07,0.37,33.02,94,19,19.3,8,0
5158,0.27,0.28,56.85,28,0,7.75,4,1
5159,0.17,0.22,36.32,18,5,5.17,5,1
5160,0.09,0.31,91.13,14,1,7.94,7,1
5161,0.22,0.68,38.41,55,12,6.48,2,1
5162,0.02,0.51,49.55,59,15,16.01,7,0
5163,0.12,0.6,53.81,19,10,8.97,7,0
5164,0.17,0.21,78.42,41,13,14.59,6,1
5165,0.06,0.82,56.83,12,5,15.03,2,0
5166,0.34,0.81,24.68,20,15,15.32,8,1
5167,0.08,0.12,13.27,34,16,17.49,6,1
5168,0.05,0.45,93.84,36,9,7.23,1,1
5169,0.08,0.16,80.35,21,12,5.76,3,1
5170,0.27,0.81,3.27,56,12,5.45,4,1
5171,0.15,0.76,82.33,83,1,6.56,8,1
5172,0.2,0.91,59.47,41,0,10.69,7,0
5173,0.02,0.31,52.37,41,0,19.51,6,0
5174,0.02,0.51,2.21,43,6,10.3,6,0
5175,0.16,0.27,78.31,99,12,11.79,9,1
5176,0.29,0.43,20.61,72,16,17.22,5,1
5177,0.31,0.57,73.07,86,8,18.78,3,1
5178,0.04,0.15,2.57,38,12,19.57,1,1
5179,0.19,0.74,79.84,18,15,17.4,2,1
5180,0.32,0.59,3.28,8,4,12.54,7,1
5181,0.14,0.85,24.35,66,6,8.44,2,0
5182,0.29,0.34,27.56,20,0,13.98,9,1
5183,0.06,0.91,16.59,69,7,7.95,1,1
5184,0.33,1.0,48.62,57,5,5.84,4,1
5185,0.27,0.93,29.09,94,11,18.79,8,1
5186,0.33,0.8,99.34,18,1,12.27,8,1
5187,0.24,0.83,58.42,60,0,12.62,4,1
5188,0.13,0.62,57.08,87,14,14.14,4,0
5189,0.33,0.27,22.87,2,16,11.77,4,1
5190,0.1,0.71,41.46,42,19,11.67,1,0
5191,0.12,0.74,13.27,64,2,18.73,3,0
5192,0.25,0.99,76.49,44,5,17.25,3,1
5193,0.27,0.59,33.78,51,15,8.19,5,1
5194,0.33,0.34,75.44,96,9,9.38,8,1
5195,0.08,0.72,37.8,65,12,14.91,5,0
5196,0.28,0.98,98.89,65,7,13.57,4,1
5197,0.26,0.26,17.94,54,16,16.49,7,1
5198,0.03,0.39,1.15,95,6,15.91,1,0
5199,0.14,0.59,59.89,39,4,15.63,6,0
5200,0.11,0.25,95.34,8,7,18.2,9,1
5201,0.11,0.12,65.06,67,0,16.5,2,1
5202,0.34,0.4,9.49,76,1,8.64,9,1
5203,0.23,0.88,54.51,98,3,18.09,7,1
5204,0.25,0.14,91.04,49,0,10.03,7,1
5205,0.34,0.49,1.64,89,9,18.66,4,1
5206,0.14,0.79,17.52,36,2,17.36,5,0
5207,0.28,0.96,81.64,7,1,6.11,6,1
5208,0.16,0.99,89.5,15,6,16.57,6,1
5209,0.31,0.48,71.01,85,1,12.5,8,1
5210,0.07,0.96,99.16,25,5,19.66,5,1
5211,0.33,0.13,9.93,57,7,11.88,4,1
5212,0.08,0.77,55.02,38,2,6.01,8,1
5213,0.12,0.68,68.81,37,18,9.4,8,1
5214,0.27,0.32,70.56,16,8,11.45,3,1
5215,0.14,0.56,79.55,1,0,13.88,2,1
5216,0.22,0.22,91.84,47,7,7.28,1,1
5217,0.16,0.88,36.8,52,5,12.73,1,0
5218,0.26,0.42,5.25,37,1,12.25,4,1
5219,0.09,0.66,36.88,45,13,17.55,2,0
5220,0.03,0.24,67.49,14,0,9.54,3,1
5221,0.11,0.29,22.13,57,6,11.74,3,1
5222,0.17,0.99,81.19,34,10,10.83,7,1
5223,0.07,0.78,22.76,66,15,14.48,6,0
5224,0.13,0.97,2.0,31,1,17.54,5,0
5225,0.15,0.37,51.3,83,17,15.13,9,0
5226,0.03,0.25,72.92,83,18,11.98,4,1
5227,0.21,0.55,35.62,44,9,14.57,3,1
5228,0.31,0.55,75.14,23,3,9.83,7,1
5229,0.06,0.26,44.4,94,2,7.16,7,1
5230,0.21,0.76,18.0,81,12,9.8,2,1
5231,0.24,0.43,9.97,66,5,11.66,9,1
5232,0.15,0.27,71.35,11,9,11.59,8,1
5233,0.25,0.4,39.19,49,7,16.06,1,1
5234,0.15,0.61,91.36,78,9,19.05,2,1
5235,0.18,0.75,54.49,58,1,10.83,2,0
5236,0.01,0.53,35.49,29,19,6.3,8,1
5237,0.25,0.57,35.55,83,14,5.5,3,1
5238,0.23,0.23,14.01,92,0,5.06,7,1
5239,0.02,0.92,59.79,51,10,19.07,6,0
5240,0.14,0.94,58.63,1,0,19.93,2,0
5241,0.34,0.72,80.2,5,15,5.77,9,1
5242,0.15,0.12,20.92,34,11,10.37,9,1
5243,0.18,0.58,29.79,78,11,15.04,7,0
5244,0.32,0.67,10.63,19,18,7.68,4,1
5245,0.25,1.0,30.24,88,12,13.92,1,1
5246,0.21,1.0,43.38,40,7,17.2,8,1
5247,0.28,0.87,96.44,81,1,17.87,9,1
5248,0.3,0.16,65.65,66,18,15.6,8,1
5249,0.17,0.96,78.5,95,13,6.23,2,1
5250,0.17,0.65,33.23,81,0,10.23,7,0
5251,0.14,0.82,15.31,64,8,19.51,1,0
5252,0.34,0.47,26.42,72,18,7.89,5,1
5253,0.25,0.39,26.39,17,13,11.81,8,1
5254,0.04,0.52,58.73,38,3,10.01,9,0
5255,0.3,0.23,34.81,90,1,8.08,3,1
5256,0.17,0.42,85.88,43,9,9.85,8,1
5257,0.03,0.87,98.87,40,14,7.84,3,1
5258,0.2,0.13,34.99,45,0,18.16,8,1
5259,0.15,0.24,70.8,40,10,7.62,5,1
5260,0.31,0.21,66.09,71,15,14.35,7,1
5261,0.08,0.46,20.25,88,12,19.13,6,0
5262,0.29,1.0,91.88,94,7,19.29,5,1
5263,0.2,0.26,20.74,90,8,14.01,2,1
5264,0.03,0.23,73.96,30,14,9.06,9,1
5265,0.34,0.92,35.41,35,4,8.72,7,1
5266,0.18,0.89,37.34,66,19,16.21,7,0
5267,0.11,0.13,46.09,44,17,19.71,5,1
5268,0.17,0.78,86.59,4,1,6.16,3,1
5269,0.3,0.69,14.88,64,4,16.84,9,1
5270,0.11,0.79,6.4,5,19,6.84,8,1
5271,0.08,0.55,40.8,48,15,9.47,6,0
5272,0.05,0.99,6.5,66,15,13.5,2,0
5273,0.11,0.14,69.07,95,3,9.46,7,1
5274,0.28,0.31,76.27,27,19,14.75,5,1
5275,0.17,0.46,85.62,24,10,11.26,8,1
5276,0.09,0.5,74.64,56,19,8.29,6,1
5277,0.07,0.93,91.72,45,15,12.96,9,1
5278,0.12,0.6,75.08,68,11,5.36,8,1
5279,0.33,0.14,93.67,28,5,16.12,7,1
5280,0.13,0.47,20.12,5,15,12.83,1,0
5281,0.35,0.47,50.49,91,18,19.2,9,1
5282,0.17,0.97,99.4,47,10,6.54,8,1
5283,0.07,0.64,68.48,5,11,15.98,1,1
5284,0.31,0.67,87.99,5,3,9.51,1,1
5285,0.17,0.74,4.01,48,12,10.6,3,0
5286,0.25,0.79,87.3,73,1,10.23,3,1
5287,0.34,0.67,70.07,47,18,10.37,2,1
5288,0.03,0.31,17.9,62,10,11.46,8,0
5289,0.04,0.89,3.54,27,0,5.32,5,1
5290,0.25,0.76,26.73,4,8,17.7,1,1
5291,0.11,0.77,91.66,49,9,18.23,1,1
5292,0.07,1.0,67.15,88,2,5.59,2,1
5293,0.02,0.82,92.03,91,7,16.64,7,1
5294,0.02,0.85,45.17,65,15,6.08,9,1
5295,0.27,0.96,93.73,96,3,17.12,9,1
5296,0.06,0.24,46.83,80,10,14.19,9,1
5297,0.17,0.55,21.22,87,7,9.6,6,0
5298,0.22,0.62,15.99,92,6,14.21,5,1
5299,0.16,0.4,99.39,61,19,12.6,8,1
5300,0.02,0.86,34.05,20,14,14.54,6,0
5301,0.28,0.79,16.85,81,7,12.13,8,1
5302,0.01,0.75,1.83,8,9,16.59,1,0
5303,0.27,1.0,29.27,82,18,5.68,4,1
5304,0.31,0.33,89.02,13,4,10.16,5,1
5305,0.16,0.76,53.87,73,2,13.39,4,0
5306,0.19,0.6,63.61,37,6,13.82,6,1
5307,0.17,0.38,92.32,94,5,7.54,7,1
5308,0.14,0.24,51.77,43,16,6.12,8,1
5309,0.31,0.91,83.99,92,9,5.31,8,1
5310,0.31,0.64,33.06,56,19,11.2,5,1
5311,0.12,0.84,97.73,50,14,9.96,8,1
5312,0.22,0.59,8.8,82,1,13.52,3,1
5313,0.33,0.3,72.76,20,0,11.74,3,1
5314,0.34,0.4,66.4,48,11,10.91,1,1
5315,0.18,0.44,19.98,19,12,17.65,1,0
5316,0.16,0.98,39.5,69,11,14.32,1,0
5317,0.1,0.11,31.97,98,11,14.69,3,1
5318,0.34,0.99,10.35,17,6,10.73,8,1
5319,0.06,0.98,58.89,28,6,16.65,9,0
5320,0.21,1.0,99.37,36,5,7.28,3,1
5321,0.11,0.53,56.4,38,12,11.03,8,0
5322,0.1,0.97,54.98,94,8,5.71,1,1
5323,0.15,0.46,4.99,82,15,6.73,3,1
5324,0.35,0.12,14.78,70,1,6.22,1,1
5325,0.03,0.3,51.81,26,10,11.62,9,0
5326,0.21,0.95,98.53,79,2,15.46,3,1
5327,0.04,0.11,87.78,1,8,9.69,5,1
5328,0.06,0.59,34.68,81,11,5.4,7,1
5329,0.16,0.17,54.76,95,1,15.61,9,1
5330,0.18,0.36,55.72,2,18,8.11,7,0
5331,0.1,0.18,68.85,36,5,15.84,1,1
5332,0.12,0.87,69.09,56,17,5.11,7,1
5333,0.04,0.63,79.19,35,12,9.69,7,1
5334,0.11,0.91,3.47,27,13,14.32,2,0
5335,0.34,0.72,94.42,67,7,18.07,7,1
5336,0.33,0.97,7.94,56,8,16.31,2,1
5337,0.12,0.56,48.14,46,12,11.74,1,0
5338,0.2,0.67,92.04,20,16,15.78,9,1
5339,0.32,0.62,49.28,8,5,13.06,5,1
5340,0.01,0.54,7.3,93,19,17.2,7,0
5341,0.29,0.86,23.69,72,9,16.58,6,1
5342,0.33,0.68,58.29,91,10,19.64,8,1
5343,0.04,0.82,9.7,26,9,6.57,3,1
5344,0.06,0.81,42.94,74,5,10.11,4,0
5345,0.34,0.27,33.58,62,5,7.89,2,1
5346,0.19,0.69,81.71,94,14,14.46,5,1
5347,0.01,0.28,11.9,33,6,14.96,1,1
5348,0.1,0.62,68.6,61,11,8.06,5,1
5349,0.16,0.71,41.25,20,19,11.32,8,0
5350,0.25,1.0,59.19,68,8,14.03,6,1
5351,0.26,0.13,21.35,87,0,14.88,9,1
5352,0.35,0.18,61.36,29,15,6.54,6,1
5353,0.11,0.17,67.72,46,17,18.82,9,1
5354,0.19,0.46,7.95,96,6,5.51,6,1
5355,0.19,0.84,82.61,37,17,19.59,3,1
5356,0.15,0.86,86.26,90,7,9.74,3,1
5357,0.07,0.76,7.29,53,14,9.75,1,0
5358,0.34,0.91,60.72,5,5,11.69,8,1
5359,0.3,0.39,59.81,88,11,15.42,7,1
5360,0.18,0.18,2.23,66,14,7.39,5,1
5361,0.22,0.15,34.89,15,14,8.82,4,1
5362,0.09,0.87,96.92,46,9,19.42,3,1
5363,0.19,0.76,55.99,57,8,18.15,3,0
5364,0.25,0.73,93.39,8,13,8.19,9,1
5365,0.19,0.41,67.89,37,13,13.6,1,1
5366,0.35,0.44,3.81,57,16,8.05,4,1
5367,0.22,0.96,8.69,14,10,13.25,9,1
5368,0.14,0.16,72.5,5,5,10.49,9,1
5369,0.27,0.8,55.9,73,11,10.44,9,1
5370,0.07,0.38,13.59,86,16,14.53,3,0
5371,0.14,0.14,61.79,43,4,8.78,5,1
5372,0.13,0.77,81.22,49,5,11.06,4,1
5373,0.16,0.4,75.55,44,2,18.88,4,1
5374,0.28,0.75,25.37,56,0,16.33,4,1
5375,0.17,0.74,26.56,48,17,10.75,6,0
5376,0.28,0.58,96.82,30,13,8.45,8,1
5377,0.21,0.8,88.85,33,11,14.89,3,1
5378,0.13,0.62,32.52,37,11,17.12,2,0
5379,0.29,0.36,82.58,50,10,17.91,8,1
5380,0.09,0.76,17.01,7,18,13.46,9,0
5381,0.09,0.63,20.49,67,2,12.75,7,0
5382,0.18,0.11,18.94,43,1,15.79,4,1
5383,0.1,0.91,9.68,40,6,7.64,7,1
5384,0.01,0.59,85.61,32,11,17.78,2,1
5385,0.23,0.88,58.3,55,18,6.11,3,1
5386,0.18,0.89,26.64,83,12,14.05,2,0
5387,0.16,0.5,85.02,95,18,13.85,8,1
5388,0.34,0.56,80.46,94,3,9.66,2,1
5389,0.2,0.47,10.99,89,11,5.53,7,1
5390,0.3,0.5,64.77,77,3,15.77,2,1
5391,0.06,0.91,72.46,76,12,5.36,2,1
5392,0.2,0.81,71.87,9,19,7.69,3,1
5393,0.31,0.21,72.59,9,6,13.16,3,1
5394,0.21,0.65,17.78,64,5,19.1,6,1
5395,0.25,1.0,32.19,45,11,5.99,4,1
5396,0.14,0.64,84.57,91,11,13.68,9,1
5397,0.04,0.81,89.94,61,15,9.93,5,1
5398,0.17,0.79,28.64,95,12,15.04,8,0
5399,0.14,0.42,3.28,70,16,19.29,3,0
5400,0.3,0.43,86.12,93,7,9.03,9,1
5401,0.09,0.75,38.33,94,0,19.34,4,0
5402,0.34,0.55,33.62,38,11,18.06,3,1
5403,0.34,0.61,35.35,75,19,14.11,9,1
5404,0.09,0.74,42.15,46,6,16.37,4,0
5405,0.13,0.8,38.45,70,11,17.97,6,0
5406,0.31,0.34,57.08,64,18,17.05,7,1
5407,0.34,0.23,8.82,95,12,9.9,1,1
5408,0.16,0.36,97.18,35,9,17.19,1,1
5409,0.12,0.56,93.71,12,1,9.7,2,1
5410,0.19,0.41,93.51,48,2,18.01,2,1
5411,0.24,0.61,88.05,63,11,8.83,4,1
5412,0.1,0.15,66.37,45,4,13.58,1,1
5413,0.26,0.56,22.89,6,4,15.39,7,1
5414,0.03,0.43,5.9,45,4,11.39,6,0
5415,0.03,0.58,10.83,90,6,16.74,6,0
5416,0.14,0.48,33.08,32,7,18.88,9,0
5417,0.13,0.36,50.88,68,18,7.79,4,1
5418,0.12,0.91,99.33,3,15,5.5,8,1
5419,0.18,0.27,44.11,2,9,14.4,2,1
5420,0.12,0.71,52.94,20,12,14.03,8,0
5421,0.08,0.93,69.82,83,1,10.12,6,1
5422,0.12,0.58,18.89,39,3,16.78,8,0
5423,0.34,0.89,93.35,12,1,17.39,3,1
5424,0.15,0.21,53.37,61,2,9.98,4,1
5425,0.16,0.54,28.35,36,9,15.23,6,0
5426,0.21,0.51,93.58,92,10,14.63,1,1
5427,0.34,0.11,62.92,9,2,10.14,1,1
5428,0.09,0.5,48.89,44,4,19.54,8,0
5429,0.24,0.43,58.44,75,19,10.2,6,1
5430,0.25,0.7,75.08,53,5,14.3,4,1
5431,0.22,0.94,16.3,30,12,10.7,5,1
5432,0.04,0.18,86.62,66,4,5.18,7,1
5433,0.24,0.39,95.99,38,2,6.37,8,1
5434,0.03,0.5,57.13,38,19,8.48,7,0
5435,0.21,0.51,68.54,33,11,17.18,7,1
5436,0.26,0.8,86.12,71,2,11.63,7,1
5437,0.08,0.5,38.11,85,18,13.83,4,0
5438,0.3,0.12,99.29,55,14,19.16,5,1
5439,0.02,0.74,68.37,76,9,7.21,7,1
5440,0.3,0.9,42.98,85,5,17.93,3,1
5441,0.17,0.56,68.06,23,15,10.69,5,1
5442,0.08,0.62,52.65,70,14,10.06,7,0
5443,0.06,0.25,12.05,14,1,14.38,2,1
5444,0.33,0.3,79.79,96,16,18.48,7,1
5445,0.03,0.31,56.87,49,15,10.23,6,0
5446,0.08,0.49,79.79,45,2,16.42,8,1
5447,0.13,0.94,16.34,77,18,5.29,7,1
5448,0.22,0.57,54.3,27,3,14.35,4,1
5449,0.2,0.27,76.9,75,19,14.46,5,1
5450,0.05,0.34,98.84,96,4,13.34,6,1
5451,0.11,0.45,88.56,67,12,19.07,2,1
5452,0.09,0.66,86.57,49,19,19.08,6,1
5453,0.08,0.5,25.5,2,1,10.13,9,0
5454,0.15,0.45,83.96,94,11,11.85,8,1
5455,0.25,0.61,17.76,60,16,16.89,5,1
5456,0.08,0.32,20.61,66,9,17.66,5,0
5457,0.13,0.17,11.9,59,8,11.27,2,1
5458,0.14,0.12,85.9,93,8,10.24,3,1
5459,0.34,0.33,11.72,60,16,17.31,9,1
5460,0.33,0.18,14.67,22,8,10.65,7,1
5461,0.28,0.4,25.34,89,13,11.08,8,1
5462,0.09,0.8,57.69,46,16,7.03,9,1
5463,0.03,0.74,88.14,53,16,13.14,3,1
5464,0.12,0.65,42.4,19,1,9.9,5,0
5465,0.1,0.87,55.08,49,14,13.86,4,0
5466,0.18,0.35,17.48,80,10,11.72,4,0
5467,0.27,0.9,27.33,17,4,16.22,5,1
5468,0.3,0.46,14.26,27,8,9.17,5,1
5469,0.3,0.46,41.58,19,8,7.58,4,1
5470,0.13,0.46,59.44,30,13,15.54,6,0
5471,0.24,0.19,29.12,78,7,10.76,7,1
5472,0.12,0.98,84.75,46,10,13.45,8,1
5473,0.03,0.22,98.14,64,11,19.12,3,1
5474,0.25,0.41,12.9,32,6,12.26,4,1
5475,0.01,0.39,2.77,53,2,7.29,1,1
5476,0.15,0.17,79.19,23,2,11.4,1,1
5477,0.12,0.24,19.87,36,13,12.18,5,1
5478,0.25,0.14,35.96,10,3,16.49,1,1
5479,0.27,0.36,40.03,59,13,7.93,9,1
5480,0.11,0.88,91.74,29,13,10.2,3,1
5481,0.29,0.41,66.22,11,2,5.75,9,1
5482,0.11,0.21,5.02,38,12,15.53,5,1
5483,0.16,0.68,2.47,79,7,16.16,2,0
5484,0.26,1.0,20.76,32,5,11.86,9,1
5485,0.25,0.31,32.5,91,1,13.07,7,1
5486,0.35,0.35,48.97,52,5,16.25,6,1
5487,0.09,0.97,83.95,1,19,9.02,1,1
5488,0.24,0.26,32.17,14,13,14.1,3,1
5489,0.22,0.56,38.28,3,6,19.46,5,1
5490,0.32,0.32,33.6,30,16,14.87,5,1
5491,0.06,0.94,1.89,31,2,6.17,5,1
5492,0.27,0.98,95.56,1,13,9.35,3,1
5493,0.2,0.83,14.76,46,0,12.79,4,0
5494,0.1,0.38,29.48,14,11,6.09,6,1
5495,0.17,0.46,13.8,36,2,15.15,3,0
5496,0.12,0.32,49.56,46,18,14.81,8,0
5497,0.21,0.9,93.28,55,11,18.14,3,1
5498,0.31,0.92,10.97,36,13,12.5,4,1
5499,0.2,0.48,44.65,43,0,15.38,6,0
5500,0.22,0.69,3.22,43,4,7.73,7,1
5501,0.19,0.25,77.32,15,6,5.04,3,1
5502,0.03,0.49,64.48,38,19,7.58,9,1
5503,0.09,0.67,70.27,89,18,5.93,5,1
5504,0.18,0.45,47.76,44,5,11.42,5,0
5505,0.12,0.42,90.86,55,17,12.02,9,1
5506,0.07,0.1,41.55,55,5,14.67,3,1
5507,0.18,0.82,51.89,78,10,7.11,2,1
5508,0.12,0.9,69.83,88,2,8.22,3,1
5509,0.1,0.97,52.54,58,8,16.97,5,0
5510,0.17,0.75,19.74,57,2,13.65,7,0
5511,0.06,0.59,32.39,56,5,5.44,7,1
5512,0.33,0.34,10.14,2,8,17.73,3,1
5513,0.31,1.0,43.83,34,7,14.45,9,1
5514,0.25,0.63,61.33,49,1,7.8,8,1
5515,0.05,0.71,12.73,64,18,8.78,5,0
5516,0.27,0.71,63.43,87,15,13.3,2,1
5517,0.28,0.86,89.39,8,4,13.41,4,1
5518,0.27,0.11,34.43,69,9,17.08,8,1
5519,0.05,0.3,22.98,58,19,10.38,8,0
5520,0.23,0.7,89.41,93,11,13.24,1,1
5521,0.29,0.91,69.5,43,11,13.74,1,1
5522,0.21,0.72,11.43,62,5,13.38,4,1
5523,0.23,0.47,41.4,52,13,6.09,6,1
5524,0.17,0.43,67.73,33,6,11.17,3,1
5525,0.19,0.76,57.86,20,0,10.08,1,0
5526,0.02,0.77,62.24,80,13,19.89,4,1
5527,0.23,0.65,57.15,59,14,11.99,6,1
5528,0.04,0.36,80.01,60,12,11.53,5,1
5529,0.16,0.93,32.72,63,0,12.26,1,0
5530,0.11,0.6,71.14,56,19,18.79,4,1
5531,0.2,0.81,99.12,37,18,14.17,6,1
5532,0.06,0.29,39.61,60,18,10.84,6,1
5533,0.25,0.41,79.31,88,5,18.69,6,1
5534,0.28,0.89,25.36,51,4,18.95,9,1
5535,0.07,0.15,28.91,29,16,8.96,8,1
5536,0.05,0.56,93.55,99,14,10.9,7,1
5537,0.06,0.53,3.57,9,6,19.5,4,0
5538,0.31,0.78,22.53,86,16,13.12,3,1
5539,0.19,0.35,48.81,84,11,11.48,3,0
5540,0.17,0.3,40.78,40,6,7.93,3,1
5541,0.05,0.93,63.29,68,12,10.77,5,1
5542,0.23,0.61,20.08,43,7,14.47,6,1
5543,0.31,0.19,7.98,76,3,5.58,4,1
5544,0.29,0.27,37.56,23,7,6.25,1,1
5545,0.22,1.0,52.91,8,15,5.08,7,1
5546,0.04,0.28,56.64,74,15,8.28,7,1
5547,0.05,0.65,60.55,64,10,7.74,1,1
5548,0.03,0.48,55.32,23,8,17.76,3,0
5549,0.1,0.9,25.33,93,10,7.78,6,1
5550,0.06,0.78,76.69,96,4,14.92,4,1
5551,0.1,0.64,9.69,56,9,6.78,5,1
5552,0.14,0.11,20.64,14,5,13.9,9,1
5553,0.33,0.89,74.2,80,15,11.53,9,1
5554,0.22,0.5,28.69,17,11,11.13,6,1
5555,0.29,0.94,49.85,20,7,17.85,1,1
5556,0.25,0.55,33.39,12,12,7.52,6,1
5557,0.05,0.72,51.19,73,12,13.93,2,0
5558,0.26,0.16,35.32,72,15,17.33,7,1
5559,0.1,0.77,99.43,41,10,15.71,2,1
5560,0.23,0.4,36.39,85,7,19.75,2,1
5561,0.13,0.42,63.08,32,12,5.03,8,1
5562,0.35,0.21,88.95,37,0,18.27,8,1
5563,0.1,0.23,64.16,18,19,14.2,5,1
5564,0.1,0.27,57.02,29,19,5.04,6,1
5565,0.33,0.4,57.35,7,18,11.98,7,1
5566,0.02,0.9,50.15,40,3,16.51,9,0
5567,0.25,0.43,80.95,6,1,7.74,7,1
5568,0.26,0.75,5.99,20,18,15.18,9,1
5569,0.29,0.17,88.63,55,18,7.1,5,1
5570,0.34,0.63,59.04,56,9,17.05,1,1
5571,0.34,0.53,85.04,73,16,13.53,4,1
5572,0.03,0.98,2.03,53,19,5.51,7,1
5573,0.29,0.86,87.06,73,7,6.36,2,1
5574,0.23,0.51,12.89,72,8,17.96,9,1
5575,0.23,0.8,72.4,81,17,5.5,2,1
5576,0.05,0.27,42.24,88,1,9.48,1,1
5577,0.23,0.61,68.43,87,17,13.5,5,1
5578,0.34,0.17,63.19,33,7,8.2,2,1
5579,0.32,0.41,17.18,22,1,8.36,6,1
5580,0.16,0.3,51.95,50,15,16.64,2,0
5581,0.02,0.75,28.45,86,4,9.36,6,0
5582,0.13,0.54,56.48,27,9,5.58,6,1
5583,0.29,0.78,74.06,48,8,15.82,2,1
5584,0.25,0.56,9.04,66,1,19.32,2,1
5585,0.17,0.18,52.06,95,15,17.48,6,1
5586,0.03,0.76,62.15,13,15,13.23,9,1
5587,0.16,0.85,30.24,2,16,11.37,4,0
5588,0.17,0.91,95.35,46,1,18.88,4,1
5589,0.33,0.61,52.51,71,4,16.49,2,1
5590,0.23,0.78,19.07,11,7,13.56,4,1
5591,0.12,0.78,11.67,26,1,18.2,7,0
5592,0.19,0.24,54.62,63,11,14.03,4,1
5593,0.03,0.25,38.15,49,12,19.6,6,1
5594,0.34,0.16,20.06,63,15,17.87,5,1
5595,0.13,0.39,4.04,21,4,13.26,7,0
5596,0.17,0.53,57.09,49,11,18.84,3,0
5597,0.13,1.0,60.26,79,14,10.14,3,1
5598,0.24,0.49,15.04,80,1,15.51,5,1
5599,0.24,0.75,60.57,9,11,7.57,4,1
5600,0.25,0.72,95.25,21,9,18.43,5,1
5601,0.1,0.28,97.85,53,7,8.72,1,1
5602,0.12,0.15,88.96,55,10,19.24,4,1
5603,0.05,0.59,80.9,41,11,5.25,6,1
5604,0.23,0.73,21.73,6,16,15.23,7,1
5605,0.02,1.0,16.49,1,6,7.25,8,1
5606,0.21,0.42,45.05,95,14,16.56,5,1
5607,0.31,0.91,62.34,64,18,12.38,2,1
5608,0.31,0.44,85.22,5,1,18.64,2,1
5609,0.16,0.72,23.96,26,5,15.73,3,0
5610,0.17,0.64,48.49,1,1,16.52,4,0
5611,0.04,0.15,65.1,1,13,6.81,6,1
5612,0.24,0.17,45.11,93,7,6.45,5,1
5613,0.29,0.12,45.97,86,15,17.76,5,1
5614,0.09,0.43,23.29,38,18,8.39,9,0
5615,0.15,0.77,98.68,41,17,18.0,9,1
5616,0.3,0.26,48.04,83,12,7.14,3,1
5617,0.31,0.65,53.74,28,5,9.63,9,1
5618,0.09,0.36,22.64,5,3,18.93,1,0
5619,0.2,0.82,51.9,21,9,17.6,4,0
5620,0.08,0.82,26.28,63,14,5.81,8,1
5621,0.04,0.8,21.03,86,11,11.72,9,0
5622,0.32,0.57,28.3,84,19,18.65,5,1
5623,0.29,0.36,1.27,12,11,5.22,2,1
5624,0.27,0.83,57.44,6,6,6.61,8,1
5625,0.03,0.27,39.36,29,5,14.68,8,1
5626,0.3,0.36,89.97,61,4,6.57,9,1
5627,0.16,0.27,5.03,35,18,11.73,6,1
5628,0.13,0.71,5.28,75,13,12.62,9,0
5629,0.2,0.72,88.7,52,0,17.9,8,1
5630,0.04,0.69,13.54,33,10,19.36,5,0
5631,0.27,0.47,1.21,25,3,12.68,4,1
5632,0.21,0.19,18.71,14,13,12.66,7,1
5633,0.07,0.92,82.56,93,17,15.9,6,1
5634,0.07,0.56,80.47,53,5,7.89,4,1
5635,0.07,0.47,34.67,61,4,19.11,2,0
5636,0.03,0.63,67.14,13,16,5.02,9,1
5637,0.21,0.27,51.22,15,6,5.03,4,1
5638,0.3,0.22,90.57,55,10,14.38,3,1
5639,0.02,0.46,6.59,53,13,10.12,6,0
5640,0.03,0.3,81.5,72,1,10.97,2,1
5641,0.2,0.32,17.89,47,16,8.32,8,0
5642,0.29,0.9,39.77,45,1,11.12,9,1
5643,0.12,0.58,20.0,97,14,17.42,4,0
5644,0.13,0.54,70.56,75,6,15.49,7,1
5645,0.21,0.72,68.15,64,2,6.42,1,1
5646,0.1,0.96,55.24,15,5,5.85,2,1
5647,0.02,0.2,70.12,21,8,12.59,4,1
5648,0.26,0.85,64.32,36,9,15.95,5,1
5649,0.22,0.63,77.87,70,7,14.97,8,1
5650,0.21,0.23,24.7,25,6,17.96,2,1
5651,0.26,0.37,43.46,44,0,7.0,2,1
5652,0.24,0.53,16.01,1,9,14.09,5,1
5653,0.08,0.72,43.53,42,17,16.49,2,0
5654,0.13,0.32,70.47,59,15,19.07,3,1
5655,0.05,0.58,69.45,33,3,6.51,9,1
5656,0.05,0.72,71.23,32,8,8.59,9,1
5657,0.24,0.5,31.57,66,17,10.32,6,1
5658,0.3,0.88,66.56,25,10,13.11,9,1
5659,0.34,0.88,37.38,40,11,11.13,8,1
5660,0.22,0.52,94.5,58,7,17.92,3,1
5661,0.07,0.98,34.99,97,0,19.26,8,0
5662,0.05,0.17,60.7,75,7,6.05,7,1
5663,0.29,0.1,75.26,64,4,15.5,9,1
5664,0.21,0.44,90.73,19,0,6.71,7,1
5665,0.22,0.64,44.35,89,2,18.47,5,1
5666,0.28,0.67,36.69,28,12,7.13,5,1
5667,0.25,0.53,43.57,74,15,19.87,4,1
5668,0.29,0.21,33.05,95,11,11.42,2,1
5669,0.03,0.25,65.74,80,6,10.73,5,1
5670,0.26,0.87,93.34,42,7,13.79,4,1
5671,0.3,0.88,13.48,82,10,10.92,1,1
5672,0.11,0.71,56.53,86,12,8.52,2,0
5673,0.23,0.7,89.87,50,10,14.44,2,1
5674,0.12,0.64,10.91,99,3,15.93,9,0
5675,0.34,0.28,49.89,76,5,19.18,2,1
5676,0.02,0.49,86.66,92,18,11.14,7,1
5677,0.21,0.73,90.14,48,7,15.59,3,1
5678,0.07,0.58,51.92,57,5,17.5,2,0
5679,0.25,0.12,3.47,9,16,17.47,8,1
5680,0.07,0.96,11.46,30,17,5.51,2,1
5681,0.09,0.86,59.08,18,2,10.34,9,0
5682,0.18,0.33,13.26,45,11,5.2,3,1
5683,0.32,0.65,15.79,88,14,13.39,9,1
5684,0.08,0.93,77.44,83,6,17.98,3,1
5685,0.06,0.19,75.32,78,12,17.22,9,1
5686,0.27,0.55,84.43,66,9,17.17,6,1
5687,0.18,0.51,11.47,11,18,10.28,2,0
5688,0.32,0.47,20.62,90,8,5.69,1,1
5689,0.06,0.85,83.46,72,11,7.59,3,1
5690,0.23,0.44,72.39,67,10,15.06,7,1
5691,0.09,0.16,80.79,15,7,7.01,3,1
5692,0.06,0.16,98.98,40,8,6.88,3,1
5693,0.24,0.14,86.58,13,3,10.31,7,1
5694,0.21,0.47,52.53,80,19,6.42,7,1
5695,0.27,0.75,31.77,86,4,9.95,4,1
5696,0.12,0.28,57.4,33,6,19.55,1,1
5697,0.16,0.68,64.22,2,8,5.3,8,1
5698,0.15,0.72,34.2,93,3,17.46,8,0
5699,0.34,0.33,77.32,34,11,19.9,6,1
5700,0.11,0.64,10.18,16,11,11.55,1,0
5701,0.11,0.72,78.16,14,5,19.15,3,1
5702,0.13,0.52,4.17,46,12,8.92,6,0
5703,0.2,0.4,50.3,50,8,19.73,6,0
5704,0.1,0.66,86.28,5,8,17.92,1,1
5705,0.32,0.98,9.56,43,2,18.27,7,1
5706,0.1,0.48,52.26,18,12,6.96,2,1
5707,0.31,0.45,16.78,48,5,18.05,8,1
5708,0.05,0.52,89.59,64,17,19.13,6,1
5709,0.23,0.17,83.4,26,13,17.29,1,1
5710,0.32,0.6,93.46,74,1,6.37,2,1
5711,0.07,0.4,87.62,70,5,6.27,6,1
5712,0.34,0.21,73.92,14,19,10.36,2,1
5713,0.16,0.52,19.3,66,6,15.57,4,0
5714,0.33,0.1,30.95,61,7,5.19,9,1
5715,0.24,0.46,50.19,91,9,19.26,3,1
5716,0.11,0.2,59.3,73,12,12.88,5,1
5717,0.07,0.12,78.44,77,0,10.38,3,1
5718,0.11,0.84,23.47,21,4,13.42,8,0
5719,0.04,0.92,13.7,55,1,15.74,5,0
5720,0.06,0.29,48.78,2,3,9.1,6,1
5721,0.05,0.59,16.63,3,11,9.37,6,0
5722,0.15,0.35,69.68,13,4,12.02,4,1
5723,0.28,0.54,57.99,21,14,15.05,4,1
5724,0.06,0.49,74.37,33,9,15.6,1,1
5725,0.05,0.34,7.28,20,16,9.86,6,0
5726,0.23,0.73,96.51,18,13,9.84,4,1
5727,0.08,0.21,1.0,89,6,12.31,6,1
5728,0.04,0.15,33.22,38,1,13.13,8,1
5729,0.07,0.79,68.28,25,2,14.74,9,1
5730,0.32,0.7,5.47,38,3,14.27,9,1
5731,0.29,0.55,9.25,15,15,10.59,1,1
5732,0.13,0.52,8.59,81,15,9.45,5,0
5733,0.23,0.55,58.57,29,2,9.62,7,1
5734,0.19,0.49,89.7,97,16,14.68,1,1
5735,0.24,0.45,55.99,64,16,11.5,6,1
5736,0.24,0.55,60.75,32,19,7.02,1,1
5737,0.22,0.58,35.25,72,6,5.09,6,1
5738,0.1,0.72,2.86,43,7,5.45,7,1
5739,0.02,0.74,3.14,13,18,18.01,5,0
5740,0.16,0.44,88.94,81,6,11.87,2,1
5741,0.31,0.47,11.15,85,0,14.86,2,1
5742,0.2,0.44,99.98,78,15,18.94,6,1
5743,0.29,0.58,17.28,25,17,6.89,6,1
5744,0.35,0.51,67.79,49,7,11.71,1,1
5745,0.07,0.9,94.95,88,6,13.09,9,1
5746,0.25,0.73,36.87,97,9,17.62,7,1
5747,0.24,0.91,73.71,8,1,19.91,8,1
5748,0.34,0.74,35.73,28,14,15.68,2,1
5749,0.35,0.97,31.19,83,13,14.63,6,1
5750,0.24,0.67,20.98,11,1,18.8,9,1
5751,0.09,0.97,82.27,55,6,17.56,1,1
5752,0.28,0.24,26.48,10,11,17.98,5,1
5753,0.05,0.15,29.03,59,4,5.04,8,1
5754,0.28,0.62,99.9,65,5,12.72,4,1
5755,0.32,0.99,33.4,5,15,16.74,1,1
5756,0.14,0.48,42.85,80,11,7.72,7,1
5757,0.22,0.29,99.02,84,8,16.27,1,1
5758,0.16,0.57,37.56,20,19,5.14,7,1
5759,0.16,0.68,37.25,92,11,13.63,7,0
5760,0.12,0.38,82.94,5,9,17.77,7,1
5761,0.27,0.74,31.88,67,16,11.47,5,1
5762,0.33,0.98,24.14,30,10,16.09,4,1
5763,0.33,0.91,42.9,87,17,12.96,4,1
5764,0.07,0.36,70.36,34,3,14.71,1,1
5765,0.31,0.39,5.28,92,2,12.75,2,1
5766,0.26,0.43,38.02,1,18,12.14,7,1
5767,0.1,0.46,35.28,27,5,17.62,8,0
5768,0.03,0.19,25.24,63,7,6.39,8,1
5769,0.1,0.79,65.77,34,6,13.77,9,1
5770,0.32,0.43,29.71,95,14,6.72,7,1
5771,0.23,0.89,61.07,32,11,13.44,1,1
5772,0.26,0.93,50.93,71,14,19.45,8,1
5773,0.1,0.12,22.5,98,8,5.86,7,1
5774,0.25,0.99,27.39,46,1,11.33,2,1
5775,0.02,0.74,17.89,68,19,17.03,6,0
5776,0.14,0.57,6.61,83,14,10.55,3,0
5777,0.22,0.45,62.3,57,17,12.8,5,1
5778,0.06,0.57,67.61,22,12,6.72,6,1
5779,0.29,0.39,17.43,29,15,8.35,6,1
5780,0.09,0.66,61.92,98,14,15.3,8,1
5781,0.23,0.18,98.23,98,10,17.43,8,1
5782,0.15,0.66,8.37,45,2,14.7,9,0
5783,0.21,0.35,49.55,45,9,17.55,1,1
5784,0.05,0.12,73.57,67,16,14.08,4,1
5785,0.02,0.6,5.55,21,7,17.15,1,0
5786,0.32,0.62,78.05,21,4,19.74,6,1
5787,0.1,0.48,97.97,60,7,6.24,3,1
5788,0.29,0.17,9.76,81,14,12.19,5,1
5789,0.35,0.9,82.4,29,10,7.85,9,1
5790,0.08,0.65,38.48,33,8,11.98,3,0
5791,0.1,0.2,15.27,39,1,12.49,2,1
5792,0.24,0.56,49.83,62,6,14.33,8,1
5793,0.34,0.55,8.08,90,15,11.59,7,1
5794,0.32,0.15,52.69,71,6,9.87,1,1
5795,0.18,0.65,2.92,45,3,5.65,9,1
5796,0.28,0.83,73.13,58,4,5.52,4,1
5797,0.06,0.77,49.31,73,13,7.63,6,1
5798,0.34,0.28,46.44,82,6,11.73,7,1
5799,0.34,0.88,20.42,1,12,11.26,8,1
5800,0.07,0.41,36.77,11,17,7.86,4,1
5801,0.11,0.95,19.01,86,9,17.34,9,0
5802,0.04,0.16,73.8,32,1,15.25,1,1
5803,0.1,0.54,20.7,74,12,10.15,8,0
5804,0.29,0.64,62.06,49,1,16.95,9,1
5805,0.14,0.32,28.68,91,14,19.84,4,0
5806,0.04,0.79,66.04,76,4,8.68,5,1
5807,0.13,0.66,54.51,30,10,10.44,2,0
5808,0.34,0.12,42.92,60,5,19.89,5,1
5809,0.22,0.65,67.63,10,18,7.07,3,1
5810,0.15,0.54,42.16,76,14,6.16,9,1
5811,0.07,0.28,82.32,21,3,12.81,5,1
5812,0.35,1.0,73.23,91,6,12.03,5,1
5813,0.29,0.91,54.52,6,16,6.17,7,1
5814,0.11,0.36,87.83,38,9,9.35,9,1
5815,0.03,0.59,83.06,58,16,11.28,5,1
5816,0.03,0.38,53.65,8,10,17.33,9,0
5817,0.05,0.8,7.78,70,15,15.62,7,0
5818,0.21,0.94,57.03,63,6,18.72,6,1
5819,0.33,0.42,36.17,34,7,9.99,6,1
5820,0.18,0.83,54.47,49,15,9.64,4,0
5821,0.3,0.55,65.07,40,15,11.95,9,1
5822,0.16,0.46,64.84,86,3,5.11,9,1
5823,0.25,0.94,67.68,29,6,8.11,3,1
5824,0.26,0.56,68.25,9,16,8.17,4,1
5825,0.07,0.52,11.82,21,2,5.92,1,1
5826,0.13,0.71,19.98,32,16,11.83,9,0
5827,0.23,0.34,63.42,72,10,18.58,6,1
5828,0.03,0.39,41.41,55,7,5.06,3,1
5829,0.13,0.94,76.52,43,18,14.43,2,1
5830,0.19,0.71,13.37,10,6,18.19,8,0
5831,0.35,0.84,19.96,49,17,6.61,6,1
5832,0.17,0.34,56.29,87,14,18.76,3,0
5833,0.29,0.59,50.57,84,18,17.28,3,1
5834,0.16,0.97,27.37,13,2,8.22,8,0
5835,0.28,0.39,41.43,86,15,18.58,1,1
5836,0.21,0.24,4.46,41,14,17.06,3,1
5837,0.31,0.56,4.67,79,4,6.67,5,1
5838,0.15,0.45,10.4,31,13,17.46,5,0
5839,0.22,0.24,58.1,32,1,13.13,8,1
5840,0.22,0.9,86.51,45,3,17.24,6,1
5841,0.15,0.99,26.76,13,19,14.26,3,0
5842,0.06,0.61,4.36,25,12,10.88,4,0
5843,0.04,0.8,71.15,85,15,14.02,4,1
5844,0.02,0.87,85.68,68,11,14.54,6,1
5845,0.31,0.73,14.68,15,4,16.49,9,1
5846,0.09,0.14,39.19,64,11,17.46,8,1
5847,0.08,0.24,16.71,85,7,14.95,7,1
5848,0.26,0.16,11.53,60,4,19.84,9,1
5849,0.12,0.11,65.17,8,2,16.68,9,1
5850,0.18,0.38,96.79,95,12,18.66,6,1
5851,0.07,0.45,68.14,74,3,9.79,9,1
5852,0.34,0.32,98.5,85,7,9.74,8,1
5853,0.3,0.16,44.01,17,3,10.44,3,1
5854,0.3,0.58,89.89,5,6,11.6,6,1
5855,0.15,0.35,21.3,13,2,19.42,4,0
5856,0.27,0.82,12.67,21,3,6.1,3,1
5857,0.06,0.11,70.55,44,7,12.48,5,1
5858,0.01,0.86,37.77,76,12,7.42,8,1
5859,0.02,0.96,32.45,89,12,17.16,7,0
5860,0.21,0.74,67.46,53,8,5.47,7,1
5861,0.16,0.76,34.01,28,19,11.83,2,0
5862,0.19,0.94,57.68,66,19,10.92,7,0
5863,0.01,0.29,30.65,21,4,6.38,1,1
5864,0.15,1.0,78.59,86,13,10.65,6,1
5865,0.25,0.8,31.93,57,4,17.14,7,1
5866,0.16,0.75,53.96,55,2,7.06,2,1
5867,0.26,0.42,3.29,2,0,19.75,8,1
5868,0.09,0.59,79.38,94,9,5.88,8,1
5869,0.29,0.69,62.41,65,14,9.34,6,1
5870,0.21,0.66,20.03,77,16,16.62,7,1
5871,0.08,0.73,22.32,3,11,10.36,5,0
5872,0.09,0.17,26.99,59,13,12.21,5,1
5873,0.22,0.42,58.08,84,3,7.8,8,1
5874,0.29,0.49,55.28,63,10,15.73,2,1
5875,0.15,0.33,28.11,5,14,7.69,4,1
5876,0.1,0.26,69.71,66,13,17.73,7,1
5877,0.3,0.23,89.02,90,17,13.09,8,1
5878,0.24,0.43,5.31,93,8,13.22,4,1
5879,0.16,0.54,42.3,18,14,19.0,6,0
5880,0.18,0.16,59.76,9,2,16.59,3,1
5881,0.08,0.95,59.06,22,19,16.15,7,0
5882,0.22,0.79,2.93,28,12,17.87,2,1
5883,0.13,0.76,21.85,60,1,6.38,1,1
5884,0.35,0.26,7.12,12,14,15.89,5,1
5885,0.17,0.64,57.33,37,13,8.5,4,0
5886,0.18,0.58,64.89,82,6,9.21,5,1
5887,0.2,0.98,16.81,98,3,5.23,9,1
5888,0.32,0.77,33.97,42,3,18.41,1,1
5889,0.28,0.62,33.65,54,9,16.09,8,1
5890,0.16,0.87,82.16,42,18,7.09,3,1
5891,0.25,0.24,20.27,67,12,9.92,7,1
5892,0.21,0.11,55.28,56,5,12.2,3,1
5893,0.18,0.72,78.51,46,7,12.41,5,1
5894,0.08,0.19,83.13,5,9,13.93,7,1
5895,0.17,0.2,66.99,56,16,12.08,6,1
5896,0.09,0.77,30.65,23,8,14.73,2,0
5897,0.32,0.34,82.48,62,13,18.26,3,1
5898,0.12,0.67,74.47,13,19,10.97,9,1
5899,0.33,0.93,70.74,59,4,18.15,6,1
5900,0.19,0.38,7.67,88,2,8.29,2,0
5901,0.22,0.3,5.28,28,8,6.82,5,1
5902,0.19,0.2,69.84,81,11,8.59,9,1
5903,0.05,0.22,94.53,6,0,8.1,4,1
5904,0.14,0.16,77.6,61,10,19.78,2,1
5905,0.04,0.18,83.32,61,4,10.72,2,1
5906,0.22,0.49,54.95,91,18,14.77,4,1
5907,0.16,0.39,31.15,45,3,15.44,7,0
5908,0.27,0.74,68.1,93,11,11.68,5,1
5909,0.08,0.88,71.49,12,15,8.35,7,1
5910,0.07,0.81,67.86,35,15,11.57,4,1
5911,0.15,0.58,94.72,62,0,12.11,1,1
5912,0.33,0.19,37.35,5,2,19.31,4,1
5913,0.25,0.74,4.93,66,19,13.53,5,1
5914,0.15,0.43,90.94,75,14,19.55,6,1
5915,0.19,0.18,16.89,68,19,13.65,4,1
5916,0.04,0.86,70.03,86,16,7.17,7,1
5917,0.34,0.4,87.45,65,3,10.77,4,1
5918,0.24,0.3,31.7,80,2,16.88,4,1
5919,0.11,0.88,83.21,66,10,11.32,6,1
5920,0.21,0.91,33.87,41,0,6.5,1,1
5921,0.05,0.41,79.63,27,4,6.44,9,1
5922,0.34,0.42,7.91,76,3,8.56,6,1
5923,0.07,0.62,65.87,5,19,13.47,4,1
5924,0.23,0.76,68.04,5,7,17.45,4,1
5925,0.09,0.16,49.65,86,10,13.01,9,1
5926,0.25,0.63,69.02,13,10,16.19,9,1
5927,0.27,0.96,92.4,80,17,14.68,6,1
5928,0.24,0.34,73.65,90,9,12.86,5,1
5929,0.22,0.92,96.17,9,12,8.22,1,1
5930,0.31,0.96,45.41,48,19,18.25,9,1
5931,0.04,0.34,53.3,32,15,9.14,6,0
5932,0.12,0.78,27.11,83,16,8.79,9,0
5933,0.09,0.31,98.57,36,17,8.87,2,1
5934,0.35,0.76,6.46,92,2,6.44,8,1
5935,0.14,0.82,36.5,15,0,12.48,7,0
5936,0.26,0.32,30.47,9,1,9.91,1,1
5937,0.24,0.74,39.26,16,5,12.83,6,1
5938,0.08,0.83,91.85,6,17,11.8,8,1
5939,0.09,0.42,37.44,72,16,12.8,1,0
5940,0.11,0.25,91.78,33,13,9.46,3,1
5941,0.15,0.18,42.91,96,16,17.23,1,1
5942,0.09,0.62,85.62,42,8,13.01,4,1
5943,0.02,0.98,52.65,59,18,8.13,4,0
5944,0.31,0.84,31.82,36,1,18.53,6,1
5945,0.34,0.49,45.49,34,2,6.64,6,1
5946,0.13,0.58,43.01,2,15,16.0,2,0
5947,0.13,0.35,26.73,13,15,15.18,7,0
5948,0.01,0.25,29.67,43,0,6.09,7,1
5949,0.24,0.53,19.46,74,18,18.52,6,1
5950,0.29,0.52,34.26,57,17,9.74,9,1
5951,0.06,0.57,62.82,7,9,16.11,4,1
5952,0.06,0.96,39.27,59,16,9.16,8,0
5953,0.28,0.64,71.52,59,0,12.89,2,1
5954,0.22,0.65,98.71,51,4,19.59,4,1
5955,0.03,0.22,38.33,3,3,14.16,7,1
5956,0.22,1.0,46.8,27,18,9.44,7,1
5957,0.12,0.8,17.25,78,6,11.88,4,0
5958,0.14,0.89,39.83,54,7,15.14,9,0
5959,0.27,0.47,72.96,94,18,11.68,2,1
5960,0.29,0.55,22.52,64,7,18.66,6,1
5961,0.15,0.57,19.02,34,8,18.01,3,0
5962,0.33,0.27,38.26,23,18,7.2,2,1
5963,0.15,0.72,82.05,48,17,16.77,1,1
5964,0.27,0.91,62.74,55,13,19.14,8,1
5965,0.17,0.25,95.8,17,17,9.75,2,1
5966,0.32,0.18,90.55,79,4,8.57,4,1
5967,0.32,0.76,15.96,62,0,5.14,3,1
5968,0.04,0.35,5.21,61,5,6.73,8,1
5969,0.33,0.66,40.51,61,6,19.41,7,1
5970,0.29,0.73,52.69,44,4,10.87,4,1
5971,0.28,0.39,52.04,71,7,10.81,6,1
5972,0.08,0.83,14.28,3,5,9.0,5,0
5973,0.28,0.59,13.36,73,0,7.46,2,1
5974,0.3,0.88,5.64,67,11,12.63,7,1
5975,0.11,0.79,85.24,99,4,15.85,9,1
5976,0.33,0.88,94.83,8,4,13.26,8,1
5977,0.03,0.12,12.45,26,14,5.53,7,1
5978,0.06,0.32,22.1,15,16,17.05,6,0
5979,0.19,0.18,9.9,5,4,18.97,2,1
5980,0.21,0.5,87.87,13,18,11.61,6,1
5981,0.23,0.9,95.91,79,9,10.5,1,1
5982,0.02,0.52,26.92,12,2,8.45,6,0
5983,0.34,0.86,31.05,99,10,9.53,7,1
5984,0.03,0.39,36.9,63,7,14.67,4,0
5985,0.06,0.41,50.74,8,12,16.55,7,0
5986,0.01,0.91,68.56,74,5,9.98,9,1
5987,0.2,0.48,50.93,34,2,10.1,1,0
5988,0.33,0.81,95.15,72,18,11.77,4,1
5989,0.24,0.31,10.89,22,6,7.55,4,1
5990,0.29,0.95,80.06,50,1,18.91,4,1
5991,0.01,0.62,34.11,12,18,15.58,1,0
5992,0.19,0.78,38.38,22,12,11.5,7,0
5993,0.17,0.18,71.17,91,10,6.83,8,1
5994,0.18,0.54,93.01,58,8,17.73,7,1
5995,0.03,0.91,71.9,82,18,12.26,2,1
5996,0.24,0.89,77.81,19,18,16.95,4,1
5997,0.18,0.14,75.33,5,13,5.5,2,1
5998,0.27,0.37,32.78,16,11,9.1,7,1
5999,0.17,0.5,75.94,41,0,14.33,4,1
6000,0.06,0.26,78.67,74,0,12.32,7,1
6001,0.23,0.76,53.81,19,16,9.43,6,1
6002,0.07,0.27,54.14,65,3,8.02,3,1
6003,0.31,0.41,76.21,22,12,9.53,9,1
6004,0.22,0.7,81.89,17,10,16.14,8,1
6005,0.06,0.53,34.38,35,17,7.76,7,1
6006,0.34,0.76,80.35,39,11,13.91,3,1
6007,0.19,0.97,81.61,73,18,11.36,5,1
6008,0.03,0.2,24.18,55,19,16.45,8,1
6009,0.22,0.74,71.98,5,0,8.02,2,1
6010,0.1,0.31,19.47,73,17,9.05,4,0
6011,0.28,0.47,10.21,11,1,10.98,5,1
6012,0.29,0.13,57.88,78,10,7.5,2,1
6013,0.34,0.22,90.96,40,14,11.92,6,1
6014,0.18,0.39,4.51,88,14,11.24,7,0
6015,0.16,0.41,82.82,84,5,19.85,8,1
6016,0.27,0.91,51.14,97,3,13.91,4,1
6017,0.06,0.77,86.23,4,11,6.04,5,1
6018,0.2,0.97,84.5,80,10,11.9,3,1
6019,0.2,0.64,87.65,89,7,18.18,5,1
6020,0.04,0.32,77.12,58,1,18.0,6,1
6021,0.15,0.39,84.46,65,15,19.43,4,1
6022,0.3,0.39,18.43,88,1,18.41,6,1
6023,0.3,0.39,31.08,64,3,7.64,9,1
6024,0.04,0.71,25.01,67,1,5.05,4,1
6025,0.04,0.58,74.5,96,8,14.24,7,1
6026,0.1,0.45,16.21,34,12,15.54,8,0
6027,0.31,0.23,19.04,89,19,6.97,3,1
6028,0.05,0.12,88.02,58,1,7.5,7,1
6029,0.25,0.3,70.88,67,18,19.45,9,1
6030,0.04,0.2,87.66,7,7,19.16,1,1
6031,0.22,0.81,14.8,35,10,7.35,1,1
6032,0.13,0.2,40.5,29,7,8.71,7,1
6033,0.28,0.75,29.03,25,15,18.38,2,1
6034,0.09,0.45,1.96,28,19,11.52,8,0
6035,0.23,0.17,29.17,88,16,16.97,6,1
6036,0.09,0.83,38.58,69,14,10.94,2,0
6037,0.25,0.62,10.13,27,6,16.05,4,1
6038,0.31,0.31,57.08,74,0,10.95,7,1
6039,0.05,0.91,38.93,76,13,18.49,8,0
6040,0.3,0.14,5.6,82,15,9.88,5,1
6041,0.21,0.28,70.69,8,2,12.85,2,1
6042,0.05,0.78,73.2,38,17,12.83,2,1
6043,0.16,0.74,83.61,94,18,14.73,4,1
6044,0.06,0.36,49.07,9,5,9.6,3,0
6045,0.25,0.16,96.9,43,8,14.64,7,1
6046,0.27,0.87,91.49,25,12,7.12,5,1
6047,0.05,0.38,55.58,94,11,18.4,5,0
6048,0.18,0.28,45.05,66,14,7.16,8,1
6049,0.29,0.56,1.3,17,6,17.6,1,1
6050,0.33,0.92,71.39,7,11,15.4,6,1
6051,0.18,0.14,56.93,22,16,10.12,6,1
6052,0.33,0.79,93.82,10,12,9.91,4,1
6053,0.19,0.62,59.83,90,16,19.49,7,0
6054,0.14,0.48,99.29,13,7,7.92,9,1
6055,0.3,0.77,85.53,42,17,15.84,9,1
6056,0.18,0.97,95.41,28,1,7.76,8,1
6057,0.17,0.31,33.44,59,16,18.58,1,0
6058,0.18,0.23,15.78,11,11,16.13,9,1
6059,0.3,0.92,79.89,9,12,18.99,4,1
6060,0.29,0.7,78.83,80,14,18.19,3,1
6061,0.15,0.49,21.93,81,10,13.24,2,0
6062,0.12,0.62,76.71,55,8,7.28,4,1
6063,0.18,0.77,58.62,5,7,8.32,7,0
6064,0.2,0.8,11.84,69,19,8.03,1,0
6065,0.09,0.93,50.68,38,14,8.31,2,0
6066,0.28,0.48,93.18,95,16,12.15,1,1
6067,0.18,0.36,51.14,66,13,18.02,6,0
6068,0.12,0.68,79.08,91,4,5.35,7,1
6069,0.05,0.47,3.86,83,15,8.58,8,0
6070,0.09,0.64,73.08,64,7,13.95,2,1
6071,0.33,0.48,94.74,25,16,17.98,1,1
6072,0.11,0.24,50.45,52,10,9.46,2,1
6073,0.07,0.52,34.43,38,17,10.74,8,0
6074,0.17,0.72,65.02,77,1,10.6,5,1
6075,0.11,0.82,91.71,93,0,9.41,6,1
6076,0.02,0.54,18.5,19,8,15.48,4,0
6077,0.12,0.25,40.97,99,7,14.84,3,1
6078,0.19,0.47,16.47,25,1,17.65,9,0
6079,0.2,0.81,50.17,48,11,18.76,5,0
6080,0.13,0.47,54.5,73,5,18.51,7,0
6081,0.16,0.73,94.48,61,1,13.1,7,1
6082,0.34,0.56,41.84,35,11,7.79,7,1
6083,0.14,0.32,57.13,51,17,8.33,8,0
6084,0.1,0.82,88.64,15,4,13.85,3,1
6085,0.09,0.18,32.82,86,12,18.78,1,1
6086,0.17,0.57,67.74,77,3,12.96,4,1
6087,0.27,0.29,75.96,49,7,19.04,1,1
6088,0.08,0.16,33.72,30,9,8.93,4,1
6089,0.25,0.55,17.27,21,13,6.3,2,1
6090,0.02,0.55,50.79,89,19,16.94,8,0
6091,0.15,0.74,36.32,89,1,18.19,6,0
6092,0.27,0.77,27.38,86,1,11.72,5,1
6093,0.13,0.76,97.37,41,3,6.54,2,1
6094,0.2,0.47,50.71,3,10,5.63,3,1
6095,0.08,0.67,85.79,73,8,5.94,9,1
6096,0.26,0.62,20.34,24,17,11.59,5,1
6097,0.03,0.48,94.0,96,16,8.52,2,1
6098,0.3,0.64,79.65,17,1,11.93,1,1
6099,0.08,0.95,81.06,88,6,12.33,5,1
6100,0.31,0.27,39.59,8,11,11.87,3,1
6101,0.13,0.92,49.08,6,15,14.3,5,0
6102,0.26,0.15,59.74,9,9,15.19,8,1
6103,0.12,0.38,79.19,15,10,10.94,4,1
6104,0.32,0.36,85.06,64,8,10.06,6,1
6105,0.05,0.66,8.73,88,3,10.53,8,0
6106,0.07,0.22,90.5,50,15,6.05,3,1
6107,0.18,0.89,93.81,11,18,9.82,8,1
6108,0.04,0.85,59.7,95,19,8.0,1,0
6109,0.08,0.69,19.49,46,4,9.36,4,0
6110,0.33,0.51,82.02,45,11,15.72,6,1
6111,0.34,0.94,55.31,77,9,19.83,4,1
6112,0.14,0.85,81.9,94,13,18.85,7,1
6113,0.32,0.55,81.67,59,19,17.32,4,1
6114,0.2,0.73,9.59,25,19,16.06,6,0
6115,0.1,0.61,61.1,12,11,19.17,4,1
6116,0.25,0.63,48.83,85,3,16.28,6,1
6117,0.23,0.4,94.67,88,19,12.06,8,1
6118,0.35,0.52,30.37,26,8,14.02,2,1
6119,0.1,0.17,21.39,76,13,9.59,5,1
6120,0.24,0.42,89.81,37,4,5.05,7,1
6121,0.03,0.73,15.72,85,8,10.3,5,0
6122,0.05,0.96,68.97,23,1,11.07,7,1
6123,0.01,0.97,30.7,65,11,16.0,3,0
6124,0.35,0.6,57.22,45,11,17.89,4,1
6125,0.28,0.65,62.01,74,12,19.44,5,1
6126,0.28,0.27,42.32,35,10,10.28,3,1
6127,0.18,0.73,97.52,48,7,19.36,6,1
6128,0.11,0.16,14.05,28,11,16.99,7,1
6129,0.06,0.36,39.75,1,8,5.46,6,1
6130,0.11,0.7,43.61,72,11,13.93,6,0
6131,0.14,0.38,63.47,41,10,10.48,5,1
6132,0.27,0.14,41.32,23,18,5.51,6,1
6133,0.19,0.85,10.61,84,7,12.97,6,0
6134,0.04,0.38,94.8,32,6,13.77,8,1
6135,0.02,0.16,42.19,87,13,8.78,1,1
6136,0.04,0.17,34.92,7,1,19.1,2,1
6137,0.15,0.33,45.23,75,19,14.16,6,0
6138,0.33,0.26,22.44,55,11,7.64,6,1
6139,0.23,0.8,10.92,72,0,15.82,7,1
6140,0.28,0.39,15.71,43,9,12.49,1,1
6141,0.17,0.82,17.5,14,0,12.1,6,0
6142,0.13,0.26,20.57,14,9,17.52,8,1
6143,0.05,0.54,42.58,41,7,7.07,3,1
6144,0.31,0.72,62.77,91,12,12.36,4,1
6145,0.28,0.69,63.26,84,13,16.71,1,1
6146,0.07,0.64,1.01,89,9,14.91,3,0
6147,0.18,0.93,92.17,93,0,5.08,7,1
6148,0.18,0.31,82.46,14,5,16.81,9,1
6149,0.22,0.54,96.43,28,11,19.17,2,1
6150,0.33,0.9,36.64,30,19,15.57,6,1
6151,0.21,0.17,66.82,79,14,18.14,7,1
6152,0.19,0.15,17.63,54,12,10.41,2,1
6153,0.03,0.31,81.89,59,14,10.26,8,1
6154,0.03,0.67,16.98,85,15,9.81,2,0
6155,0.07,0.33,33.27,12,11,16.02,5,0
6156,0.02,0.27,49.59,75,19,19.13,6,1
6157,0.26,0.51,59.86,39,10,18.28,1,1
6158,0.26,0.65,56.4,70,11,7.25,7,1
6159,0.06,0.32,11.11,67,1,14.39,6,0
6160,0.29,0.37,42.75,15,2,19.94,4,1
6161,0.06,0.65,92.37,98,16,9.43,2,1
6162,0.11,0.95,87.36,4,13,14.52,6,1
6163,0.09,0.71,59.49,98,6,18.6,9,0
6164,0.14,0.8,57.66,44,19,18.49,8,0
6165,0.1,0.43,12.06,39,13,9.82,6,0
6166,0.18,0.35,20.83,70,8,6.41,5,1
6167,0.15,0.51,26.01,86,9,14.69,7,0
6168,0.35,0.83,49.33,37,10,19.2,3,1
6169,0.03,0.51,73.4,58,10,12.62,9,1
6170,0.06,0.86,46.61,32,18,11.87,6,0
6171,0.03,0.99,13.48,28,12,17.96,2,0
6172,0.22,0.16,44.5,90,9,11.37,5,1
6173,0.03,0.14,17.1,4,15,15.21,9,1
6174,0.29,0.23,75.36,10,9,10.83,6,1
6175,0.18,0.45,17.48,27,9,10.66,9,0
6176,0.19,0.22,48.77,84,11,7.82,1,1
6177,0.2,0.88,69.65,36,0,6.33,2,1
6178,0.07,0.12,23.59,5,17,18.28,9,1
6179,0.08,0.38,8.53,81,19,7.72,9,1
6180,0.12,0.27,56.77,50,10,5.93,1,1
6181,0.21,0.94,6.37,32,6,13.73,5,1
6182,0.08,0.7,59.19,99,13,13.19,6,0
6183,0.05,0.92,75.6,23,7,13.52,5,1
6184,0.34,0.98,33.6,77,3,12.02,3,1
6185,0.02,0.55,49.35,61,2,7.13,6,1
6186,0.28,0.31,92.95,1,9,5.31,9,1
6187,0.28,0.27,47.64,31,8,5.7,4,1
6188,0.11,0.3,99.66,19,14,19.15,2,1
6189,0.06,0.74,16.54,87,7,12.98,3,0
6190,0.06,0.14,71.18,54,12,11.0,7,1
6191,0.25,0.15,65.61,34,6,11.16,1,1
6192,0.23,0.65,87.36,4,12,14.78,7,1
6193,0.28,0.68,10.15,48,5,10.65,7,1
6194,0.33,0.7,28.74,48,9,16.95,6,1
6195,0.25,0.43,14.09,49,18,8.9,2,1
6196,0.06,0.83,93.38,60,10,10.51,1,1
6197,0.09,0.58,43.24,44,15,19.02,3,0
6198,0.3,0.19,91.1,34,19,8.9,9,1
6199,0.08,0.82,30.15,94,13,14.92,5,0
6200,0.03,0.96,13.51,56,8,10.47,5,0
6201,0.25,0.15,30.36,74,15,12.07,4,1
6202,0.15,0.45,60.12,6,8,5.68,4,1
6203,0.32,0.54,84.68,76,5,7.51,7,1
6204,0.23,0.23,39.15,76,5,6.53,2,1
6205,0.04,0.88,91.57,82,17,17.67,7,1
6206,0.33,0.36,25.18,36,18,19.43,4,1
6207,0.1,0.8,69.66,35,16,6.02,6,1
6208,0.12,0.7,73.84,25,3,6.15,1,1
6209,0.15,0.64,28.12,49,18,13.28,7,0
6210,0.03,0.27,3.67,55,10,12.56,3,1
6211,0.18,0.3,37.16,41,10,14.76,9,0
6212,0.05,0.14,5.47,57,10,16.05,5,1
6213,0.15,0.32,90.17,22,18,16.96,6,1
6214,0.13,0.41,95.4,94,7,7.24,6,1
6215,0.27,0.85,73.8,44,15,5.57,7,1
6216,0.28,0.43,72.94,29,7,18.34,3,1
6217,0.06,0.78,24.85,71,8,12.04,1,0
6218,0.13,0.5,8.32,48,11,19.57,1,0
6219,0.14,0.81,80.41,3,11,12.99,7,1
6220,0.06,0.98,56.36,85,1,12.65,2,0
6221,0.28,0.32,68.48,45,5,14.34,7,1
6222,0.25,0.88,78.18,20,3,7.55,8,1
6223,0.07,0.66,41.53,73,12,8.81,1,0
6224,0.13,0.84,15.31,36,3,18.59,5,0
6225,0.05,0.69,79.71,60,8,8.18,2,1
6226,0.22,0.48,45.92,78,6,8.49,3,1
6227,0.05,0.31,82.87,18,5,12.65,5,1
6228,0.35,0.16,44.33,97,17,14.62,5,1
6229,0.28,0.58,22.48,66,14,5.01,2,1
6230,0.14,0.99,17.93,31,15,11.85,4,0
6231,0.21,0.76,74.65,86,0,10.99,7,1
6232,0.32,0.39,57.91,9,9,17.98,6,1
6233,0.2,0.84,41.06,20,3,17.6,3,0
6234,0.07,0.79,49.72,20,3,18.59,4,0
6235,0.14,0.35,55.41,47,17,17.63,7,0
6236,0.3,0.11,24.7,1,12,16.8,1,1
6237,0.23,0.21,38.44,94,0,17.89,8,1
6238,0.23,0.89,29.95,83,19,7.62,8,1
6239,0.3,0.85,39.45,14,9,10.11,3,1
6240,0.31,0.37,50.56,1,0,15.25,6,1
6241,0.32,0.36,18.16,69,1,18.85,2,1
6242,0.04,0.81,39.96,10,8,15.0,8,0
6243,0.2,0.94,39.16,73,0,8.12,8,0
6244,0.26,0.8,29.31,49,14,19.17,3,1
6245,0.27,0.65,99.85,14,14,16.41,6,1
6246,0.22,0.32,8.29,60,1,15.75,1,1
6247,0.07,0.57,64.65,82,11,16.44,4,1
6248,0.28,0.31,18.27,42,17,14.89,9,1
6249,0.25,0.83,84.11,59,9,5.33,7,1
6250,0.04,0.45,91.51,25,12,8.8,4,1
6251,0.17,0.85,40.75,36,8,19.35,3,0
6252,0.07,0.44,82.52,95,2,9.33,8,1
6253,0.12,0.84,25.74,35,7,16.57,8,0
6254,0.02,0.4,14.87,91,13,11.37,6,0
6255,0.15,0.5,32.27,86,15,18.61,7,0
6256,0.2,0.65,34.83,11,5,13.37,2,0
6257,0.22,0.16,40.34,10,8,14.48,3,1
6258,0.24,0.95,37.92,8,3,8.59,4,1
6259,0.29,0.62,41.7,92,18,5.86,6,1
6260,0.08,0.56,71.29,23,14,16.35,2,1
6261,0.05,0.86,25.31,6,10,6.01,3,1
6262,0.3,0.88,2.84,78,9,15.83,8,1
6263,0.06,0.57,49.48,88,7,13.33,3,0
6264,0.34,0.93,45.38,64,2,17.3,8,1
6265,0.3,0.16,6.95,73,18,8.09,7,1
6266,0.18,0.2,14.25,46,3,13.12,9,1
6267,0.34,0.64,51.48,38,12,14.21,6,1
6268,0.04,0.42,24.24,25,8,6.11,5,1
6269,0.11,0.52,87.88,94,19,16.08,2,1
6270,0.23,0.4,18.16,86,12,10.84,1,1
6271,0.13,0.46,2.99,2,8,6.93,4,1
6272,0.33,0.84,45.31,89,19,10.81,7,1
6273,0.03,0.63,98.63,24,18,6.47,3,1
6274,0.2,1.0,63.75,67,15,18.32,5,1
6275,0.21,0.81,36.05,90,17,11.85,8,1
6276,0.23,0.35,2.67,94,18,7.07,2,1
6277,0.1,0.34,49.01,93,16,8.78,9,0
6278,0.13,0.4,21.44,71,11,15.87,5,0
6279,0.3,0.86,65.13,61,10,16.79,5,1
6280,0.08,0.12,58.72,9,16,5.62,3,1
6281,0.29,0.31,27.26,45,5,5.9,2,1
6282,0.2,0.91,7.82,94,14,18.76,9,0
6283,0.27,0.68,75.75,16,1,9.96,4,1
6284,0.25,0.3,58.96,14,13,7.9,5,1
6285,0.08,0.3,84.37,26,2,6.85,3,1
6286,0.2,0.88,26.72,46,11,12.14,6,0
6287,0.31,0.9,65.63,58,5,16.57,5,1
6288,0.16,0.33,12.75,74,4,12.82,3,0
6289,0.34,0.48,29.89,30,6,5.31,1,1
6290,0.16,0.85,66.0,86,5,12.26,3,1
6291,0.06,0.79,82.73,56,18,9.67,3,1
6292,0.14,0.83,32.77,94,13,15.24,5,0
6293,0.33,0.57,80.09,32,17,12.85,9,1
6294,0.12,0.92,68.1,78,13,19.48,4,1
6295,0.31,0.39,35.52,23,7,13.97,2,1
6296,0.31,0.24,87.76,17,13,14.49,1,1
6297,0.13,0.74,51.41,93,18,12.8,7,0
6298,0.04,0.59,65.18,24,2,9.67,9,1
6299,0.26,0.87,50.07,47,14,14.46,6,1
6300,0.12,0.17,45.82,11,15,9.99,9,1
6301,0.28,0.86,84.95,41,14,15.76,4,1
6302,0.16,0.36,30.18,15,13,8.55,6,0
6303,0.17,0.69,4.63,86,14,10.51,2,0
6304,0.27,0.14,88.1,91,6,13.75,5,1
6305,0.14,0.65,82.68,52,4,14.43,7,1
6306,0.16,0.75,37.29,34,8,15.03,6,0
6307,0.14,0.43,19.36,60,15,15.5,1,0
6308,0.13,0.29,67.88,57,1,9.77,3,1
6309,0.19,0.58,8.8,33,6,18.39,5,0
6310,0.28,0.85,42.95,21,11,5.45,9,1
6311,0.13,0.39,9.5,24,15,7.83,1,1
6312,0.19,0.33,60.19,20,3,6.05,9,1
6313,0.24,0.35,3.69,68,1,15.07,1,1
6314,0.1,0.95,63.29,60,16,9.1,2,1
6315,0.1,0.42,67.65,46,16,7.99,4,1
6316,0.33,0.1,49.23,33,2,12.21,6,1
6317,0.26,0.8,18.33,31,15,14.29,1,1
6318,0.21,0.73,11.04,34,4,14.29,7,1
6319,0.23,0.22,32.02,22,6,13.36,9,1
6320,0.02,0.99,47.06,30,12,19.88,9,0
6321,0.22,0.65,64.58,5,8,17.9,9,1
6322,0.18,0.55,1.12,41,7,8.58,2,0
6323,0.2,0.44,71.4,45,0,16.38,2,1
6324,0.13,0.91,71.56,87,3,13.54,1,1
6325,0.04,0.32,45.01,61,6,6.06,2,1
6326,0.08,0.36,35.0,13,10,5.74,3,1
6327,0.33,0.21,84.39,9,7,16.99,2,1
6328,0.15,0.78,78.67,78,7,13.17,5,1
6329,0.17,0.64,98.34,81,19,13.57,4,1
6330,0.03,0.65,37.82,35,10,10.04,7,0
6331,0.02,0.3,90.78,18,6,18.96,7,1
6332,0.25,0.69,9.65,12,10,15.7,7,1
6333,0.19,0.79,41.74,41,17,18.92,5,0
6334,0.18,0.42,47.07,16,3,6.49,4,1
6335,0.09,0.82,44.65,94,5,13.76,8,0
6336,0.26,0.41,62.88,13,6,14.56,4,1
6337,0.07,0.78,17.85,18,9,6.89,5,1
6338,0.07,0.13,86.78,76,7,10.19,8,1
6339,0.17,0.6,55.62,98,3,8.22,3,0
6340,0.11,0.97,90.52,51,8,19.77,7,1
6341,0.09,0.98,1.26,33,5,13.15,1,0
6342,0.23,0.35,63.37,70,16,9.73,2,1
6343,0.23,0.5,41.83,82,18,14.97,2,1
6344,0.29,0.16,51.0,67,13,14.89,5,1
6345,0.15,0.89,74.64,54,0,10.21,2,1
6346,0.03,0.61,23.49,6,5,19.91,4,0
6347,0.1,0.45,21.29,36,6,17.13,1,0
6348,0.34,0.2,70.6,55,0,11.0,6,1
6349,0.21,0.95,52.62,50,16,14.9,1,1
6350,0.25,0.58,24.13,86,16,15.66,2,1
6351,0.01,0.35,48.92,71,6,7.61,4,1
6352,0.19,0.42,46.5,94,13,18.17,4,0
6353,0.02,0.34,69.45,66,6,17.39,9,1
6354,0.2,0.64,1.26,96,12,16.34,5,0
6355,0.32,0.94,59.09,15,17,8.34,4,1
6356,0.34,0.87,60.96,22,6,7.04,5,1
6357,0.19,0.51,74.81,49,1,7.71,7,1
6358,0.17,0.84,89.03,38,18,6.4,9,1
6359,0.33,0.48,44.58,8,13,19.1,9,1
6360,0.24,0.33,34.91,8,0,17.77,1,1
6361,0.03,0.99,11.13,84,15,6.36,4,1
6362,0.17,0.37,34.35,37,6,15.17,4,0
6363,0.09,0.39,7.78,72,15,8.68,7,0
6364,0.17,0.99,80.48,78,19,5.26,6,1
6365,0.16,0.22,80.89,84,11,9.39,8,1
6366,0.21,0.78,42.31,99,4,11.6,4,1
6367,0.13,0.94,26.7,25,16,5.3,8,1
6368,0.07,0.56,12.68,82,12,9.86,6,0
6369,0.18,0.1,85.27,54,13,15.51,2,1
6370,0.29,0.44,87.87,21,15,8.43,1,1
6371,0.24,0.2,27.36,59,12,12.27,9,1
6372,0.13,0.47,62.55,31,17,18.31,8,1
6373,0.33,0.81,26.61,6,17,5.43,1,1
6374,0.32,0.49,23.29,42,8,16.78,4,1
6375,0.08,0.49,3.1,52,0,10.76,2,0
6376,0.02,0.6,58.14,47,1,13.12,2,0
6377,0.26,0.62,15.84,84,7,8.46,7,1
6378,0.29,0.87,2.22,28,12,13.68,5,1
6379,0.34,0.38,11.38,36,5,15.96,2,1
6380,0.31,0.84,32.06,40,18,8.02,1,1
6381,0.21,0.61,67.25,90,18,10.15,1,1
6382,0.19,0.37,21.06,13,1,13.51,4,0
6383,0.02,0.37,88.87,49,9,11.25,4,1
6384,0.09,0.43,29.56,4,4,9.4,2,0
6385,0.17,0.66,33.79,98,0,11.78,2,0
6386,0.22,0.31,22.58,64,12,9.36,4,1
6387,0.2,0.93,26.13,98,11,9.53,8,0
6388,0.26,0.62,8.34,80,9,14.16,6,1
6389,0.11,0.93,30.18,23,2,12.16,1,0
6390,0.2,0.14,86.1,58,14,15.16,8,1
6391,0.04,0.41,69.15,87,4,17.56,5,1
6392,0.15,0.12,87.65,15,18,19.14,6,1
6393,0.27,0.35,11.38,89,18,7.27,7,1
6394,0.25,0.88,46.11,93,12,14.39,6,1
6395,0.35,0.13,23.7,79,7,13.74,3,1
6396,0.1,0.49,72.4,99,7,18.0,2,1
6397,0.18,0.21,97.05,46,5,18.44,2,1
6398,0.12,0.48,81.72,39,8,16.41,3,1
6399,0.16,0.85,4.49,47,13,13.93,6,0
6400,0.3,0.66,32.35,37,4,7.99,1,1
6401,0.24,0.76,3.83,41,15,9.15,3,1
6402,0.31,0.41,4.98,92,13,14.04,2,1
6403,0.08,0.95,8.87,45,9,7.09,4,1
6404,0.31,0.74,28.36,30,16,7.76,1,1
6405,0.03,0.48,31.12,71,15,18.67,3,0
6406,0.31,0.48,40.64,68,19,19.34,4,1
6407,0.12,0.93,41.09,7,16,5.08,5,1
6408,0.12,0.62,77.37,97,15,17.94,4,1
6409,0.18,0.74,15.0,47,9,19.07,5,0
6410,0.33,0.48,16.62,47,17,12.89,1,1
6411,0.03,0.3,63.03,82,5,11.73,8,1
6412,0.13,0.75,57.6,79,16,18.78,2,0
6413,0.3,0.65,16.25,99,8,5.11,6,1
6414,0.14,0.55,85.37,60,7,17.61,2,1
6415,0.08,0.66,33.58,5,7,9.45,2,0
6416,0.15,0.29,37.33,48,11,14.62,8,1
6417,0.14,0.81,42.63,87,17,9.85,3,0
6418,0.32,0.95,32.95,74,1,12.84,8,1
6419,0.27,0.9,56.19,89,2,17.12,2,1
6420,0.18,0.39,39.48,22,10,7.72,1,1
6421,0.35,0.47,26.68,95,12,14.96,1,1
6422,0.17,0.83,90.54,23,17,18.48,7,1
6423,0.03,0.64,31.53,92,10,18.52,8,0
6424,0.1,0.59,70.15,45,13,18.41,1,1
6425,0.16,0.93,35.38,79,19,12.78,3,0
6426,0.06,0.58,44.09,52,3,16.52,4,0
6427,0.33,0.56,24.36,71,3,11.7,8,1
6428,0.27,0.14,75.48,46,9,11.9,7,1
6429,0.1,0.16,73.98,38,1,9.26,5,1
6430,0.21,0.11,3.2,40,17,9.28,7,1
6431,0.26,0.92,6.96,15,10,5.57,2,1
6432,0.33,0.47,92.32,69,4,12.97,7,1
6433,0.31,0.52,88.99,12,16,9.63,1,1
6434,0.19,0.86,51.1,77,1,7.82,6,1
6435,0.27,0.65,49.84,67,2,6.83,8,1
6436,0.2,0.65,81.43,57,6,10.2,7,1
6437,0.2,0.37,14.71,19,1,18.49,5,0
6438,0.05,0.85,65.72,90,1,12.75,3,1
6439,0.05,0.25,48.12,30,7,13.35,7,1
6440,0.19,0.15,74.59,92,15,5.81,9,1
6441,0.1,0.27,3.98,79,2,12.8,7,1
6442,0.02,0.34,59.68,18,5,15.01,1,0
6443,0.26,0.35,56.12,63,18,7.26,7,1
6444,0.02,0.7,84.24,7,12,19.75,2,1
6445,0.21,0.3,68.01,60,3,18.73,7,1
6446,0.19,0.71,88.14,78,16,19.9,5,1
6447,0.34,0.18,88.84,88,8,10.4,6,1
6448,0.17,0.23,41.41,63,2,17.33,6,1
6449,0.03,0.56,14.61,57,0,9.93,3,0
6450,0.2,0.93,63.4,88,0,16.24,9,1
6451,0.3,0.87,87.5,75,16,19.22,3,1
6452,0.35,0.97,8.42,39,12,7.33,2,1
6453,0.16,0.69,56.23,43,4,7.1,2,1
6454,0.12,0.71,12.38,56,18,6.57,7,1
6455,0.32,0.66,3.67,10,9,16.98,7,1
6456,0.08,0.66,68.28,97,8,15.0,2,1
6457,0.22,0.23,68.5,20,5,12.83,4,1
6458,0.15,0.59,60.47,64,16,16.61,5,1
6459,0.02,0.45,86.06,39,6,17.75,2,1
6460,0.13,0.5,9.01,86,15,19.24,8,0
6461,0.1,0.57,11.42,99,18,8.02,6,0
6462,0.24,0.22,86.59,28,4,11.63,5,1
6463,0.33,0.42,50.82,30,17,18.85,8,1
6464,0.1,0.16,28.03,58,6,11.92,6,1
6465,0.29,0.98,74.08,70,4,12.31,9,1
6466,0.03,0.21,89.55,62,7,19.14,7,1
6467,0.19,0.33,69.27,1,8,16.02,8,1
6468,0.03,0.9,79.4,68,19,13.28,7,1
6469,0.33,0.53,28.97,25,3,10.36,7,1
6470,0.27,0.22,29.59,39,2,18.73,8,1
6471,0.23,0.45,86.55,11,11,5.13,6,1
6472,0.29,0.2,61.87,59,8,9.82,4,1
6473,0.23,0.28,24.18,37,9,19.19,9,1
6474,0.34,0.15,52.89,76,10,12.47,8,1
6475,0.25,0.49,68.9,29,15,14.36,4,1
6476,0.32,0.83,22.64,98,10,12.99,3,1
6477,0.19,0.63,65.84,82,7,10.96,9,1
6478,0.05,0.65,5.17,9,13,14.98,5,0
6479,0.19,0.28,31.07,46,1,16.5,8,1
6480,0.05,0.41,67.72,76,3,10.47,9,1
6481,0.21,0.86,15.79,9,14,13.86,6,1
6482,0.17,0.18,23.0,65,17,6.24,9,1
6483,0.22,0.87,88.03,71,10,13.21,3,1
6484,0.01,0.54,67.76,42,18,16.22,6,1
6485,0.08,0.85,50.39,34,17,13.78,9,0
6486,0.18,0.39,21.88,96,8,18.18,2,0
6487,0.33,0.4,34.8,28,4,9.29,3,1
6488,0.14,0.78,57.86,90,9,12.38,7,0
6489,0.15,0.81,16.38,61,16,6.31,5,1
6490,0.25,0.31,48.69,40,19,15.5,9,1
6491,0.22,0.98,41.49,54,12,11.64,1,1
6492,0.11,0.18,48.19,59,3,12.96,8,1
6493,0.15,0.16,11.45,78,13,6.93,6,1
6494,0.08,0.64,11.54,45,7,19.96,2,0
6495,0.34,0.75,96.45,95,14,16.58,6,1
6496,0.05,0.96,97.96,80,2,11.01,1,1
6497,0.14,0.46,43.19,39,16,13.55,7,0
6498,0.02,0.12,79.11,42,14,14.28,9,1
6499,0.09,0.64,65.92,11,0,19.41,3,1
6500,0.28,0.36,12.57,75,4,16.53,4,1
6501,0.08,0.49,30.37,38,7,10.25,6,0
6502,0.04,0.54,32.05,57,8,19.67,5,0
6503,0.17,0.16,59.98,12,1,9.53,2,1
6504,0.01,0.54,58.42,42,4,13.65,8,0
6505,0.04,0.48,92.43,63,3,15.51,8,1
6506,0.28,0.74,79.21,9,11,9.07,2,1
6507,0.27,0.68,85.83,22,18,19.35,2,1
6508,0.32,0.27,89.23,38,1,8.24,7,1
6509,0.3,0.29,80.33,73,15,11.63,3,1
6510,0.24,0.33,33.96,57,1,7.7,9,1
6511,0.03,0.26,22.29,67,9,18.12,6,1
6512,0.28,0.69,57.6,99,9,8.32,3,1
6513,0.3,0.99,69.27,30,16,5.52,6,1
6514,0.28,0.69,39.27,26,11,5.58,8,1
6515,0.18,0.65,84.99,72,6,11.21,7,1
6516,0.09,0.47,96.1,54,8,12.84,7,1
6517,0.3,0.38,57.37,32,13,5.62,5,1
6518,0.26,0.92,46.2,22,17,6.39,4,1
6519,0.34,0.97,84.45,8,9,6.46,8,1
6520,0.06,0.55,3.4,66,15,15.03,9,0
6521,0.09,0.36,13.77,14,0,9.5,2,0
6522,0.08,0.79,84.72,5,8,13.44,5,1
6523,0.28,0.22,73.47,13,12,6.11,7,1
6524,0.07,0.79,42.2,87,15,18.38,5,0
6525,0.03,0.84,89.0,77,15,9.57,8,1
6526,0.35,0.21,35.79,83,1,16.67,8,1
6527,0.02,0.98,63.75,24,8,17.4,5,1
6528,0.29,0.99,63.8,35,12,19.82,8,1
6529,0.13,0.94,19.25,78,7,16.12,2,0
6530,0.3,0.55,29.2,68,10,11.64,5,1
6531,0.2,0.32,91.68,26,16,7.29,5,1
6532,0.32,0.62,19.16,74,19,5.72,9,1
6533,0.32,0.48,18.18,38,10,18.29,2,1
6534,0.01,0.29,48.48,34,10,11.7,3,1
6535,0.04,0.48,10.13,34,15,16.25,9,0
6536,0.1,0.7,89.57,19,6,12.44,6,1
6537,0.24,0.16,10.91,3,0,18.19,6,1
6538,0.31,0.4,62.04,36,14,16.24,4,1
6539,0.17,0.12,34.64,4,17,6.28,3,1
6540,0.22,0.77,80.62,26,13,16.28,8,1
6541,0.07,0.68,59.39,75,12,9.0,1,0
6542,0.28,0.16,39.44,3,1,16.6,9,1
6543,0.34,0.97,98.4,49,19,19.23,1,1
6544,0.1,0.12,7.56,9,10,18.95,2,1
6545,0.18,0.63,58.2,46,18,6.88,4,1
6546,0.04,0.8,98.97,66,5,5.82,5,1
6547,0.2,0.81,69.4,14,16,16.65,4,1
6548,0.18,0.13,74.24,3,0,15.65,8,1
6549,0.06,0.92,4.18,2,19,7.64,9,1
6550,0.16,0.93,3.11,86,4,15.27,5,0
6551,0.12,0.61,4.57,93,0,5.23,2,1
6552,0.19,0.53,99.18,33,12,14.47,1,1
6553,0.21,0.14,97.97,10,0,17.48,9,1
6554,0.01,0.61,34.12,53,11,14.63,5,0
6555,0.27,0.47,29.81,44,8,5.98,3,1
6556,0.25,0.8,15.45,38,12,19.86,4,1
6557,0.13,0.46,33.58,21,9,10.34,1,0
6558,0.03,0.72,37.64,95,15,10.71,8,0
6559,0.27,0.19,75.08,35,5,6.27,1,1
6560,0.33,0.22,86.76,67,7,7.51,5,1
6561,0.09,0.23,74.93,83,6,9.07,1,1
6562,0.12,0.14,65.0,22,12,16.99,8,1
6563,0.07,0.59,76.82,20,16,15.38,5,1
6564,0.21,0.81,74.11,83,11,13.75,5,1
6565,0.06,0.65,48.1,68,10,17.96,7,0
6566,0.13,0.62,34.25,96,5,19.97,6,0
6567,0.25,0.71,29.0,8,14,10.77,9,1
6568,0.2,0.41,68.26,51,4,10.87,8,1
6569,0.14,0.43,95.97,26,15,16.04,8,1
6570,0.15,0.38,58.52,51,10,14.67,3,0
6571,0.2,0.74,91.34,65,9,5.2,3,1
6572,0.01,0.25,2.41,26,7,14.83,5,1
6573,0.04,0.11,79.65,47,4,15.79,8,1
6574,0.31,0.64,85.51,43,9,19.79,3,1
6575,0.04,0.95,63.47,9,9,13.8,3,1
6576,0.25,0.65,93.47,35,0,15.27,8,1
6577,0.32,0.8,59.4,82,12,16.83,4,1
6578,0.1,0.71,24.81,19,19,6.44,1,1
6579,0.14,0.55,22.36,48,17,16.02,5,0
6580,0.2,0.75,56.03,80,4,13.2,5,0
6581,0.31,0.84,90.74,28,15,6.5,4,1
6582,0.33,0.3,8.16,3,5,15.05,6,1
6583,0.26,0.4,60.83,18,9,8.52,4,1
6584,0.04,0.3,77.21,13,6,13.07,7,1
6585,0.24,0.51,12.42,27,19,9.21,8,1
6586,0.15,0.9,12.56,40,15,6.57,1,1
6587,0.17,0.41,37.25,39,0,8.76,8,0
6588,0.03,0.44,28.11,58,6,11.58,4,0
6589,0.07,0.87,20.63,57,11,12.41,9,0
6590,0.28,0.56,20.67,24,14,7.23,2,1
6591,0.16,0.58,13.94,93,1,9.81,2,0
6592,0.11,0.87,61.47,22,17,17.89,3,1
6593,0.14,0.54,69.12,51,3,18.66,6,1
6594,0.3,0.71,70.59,90,12,13.03,4,1
6595,0.26,0.18,53.7,84,8,12.36,5,1
6596,0.1,0.26,95.34,88,3,13.72,8,1
6597,0.05,0.46,88.17,76,8,8.22,7,1
6598,0.1,0.55,95.81,82,0,19.9,8,1
6599,0.32,0.97,39.49,76,7,16.18,3,1
6600,0.21,0.97,87.9,38,0,8.58,2,1
6601,0.19,0.87,76.52,96,15,9.08,6,1
6602,0.21,0.38,34.66,61,14,14.73,3,1
6603,0.13,0.97,11.55,49,14,9.84,1,0
6604,0.28,0.72,68.58,23,4,10.33,8,1
6605,0.19,0.45,14.51,4,18,16.71,3,0
6606,0.05,0.73,30.08,76,10,9.0,6,0
6607,0.05,0.11,50.54,81,18,15.58,9,1
6608,0.19,0.23,68.31,85,2,19.02,7,1
6609,0.33,0.85,92.7,37,3,6.86,4,1
6610,0.11,0.68,59.73,93,15,7.16,6,1
6611,0.31,0.43,67.47,6,11,19.14,9,1
6612,0.27,0.55,31.69,28,6,8.05,1,1
6613,0.09,0.91,69.04,8,0,5.31,2,1
6614,0.02,0.67,44.34,95,10,18.03,1,0
6615,0.04,0.46,85.84,20,14,9.23,5,1
6616,0.26,0.21,39.85,16,18,9.48,5,1
6617,0.08,0.36,47.36,13,14,8.4,1,0
6618,0.14,0.98,43.83,79,8,18.77,1,0
6619,0.18,0.49,81.3,62,12,16.62,8,1
6620,0.26,0.52,95.42,77,17,13.95,8,1
6621,0.05,0.55,33.4,66,16,11.8,1,0
6622,0.15,0.9,48.03,53,4,7.15,7,1
6623,0.17,0.64,70.89,84,15,18.89,4,1
6624,0.19,0.72,89.64,28,6,16.24,1,1
6625,0.29,0.45,49.88,18,4,9.18,4,1
6626,0.07,0.13,11.78,7,10,19.21,8,1
6627,0.28,0.94,37.5,21,15,19.03,2,1
6628,0.25,0.95,55.49,41,12,14.89,9,1
6629,0.2,0.95,42.33,39,1,19.78,7,0
6630,0.25,0.95,19.47,73,11,7.81,5,1
6631,0.15,0.83,4.66,10,11,15.97,8,0
6632,0.06,0.72,69.05,31,9,7.28,7,1
6633,0.24,0.86,99.28,42,12,15.38,9,1
6634,0.19,0.64,92.0,77,11,18.8,6,1
6635,0.23,0.22,68.64,69,18,13.04,9,1
6636,0.12,0.45,84.31,59,16,16.45,1,1
6637,0.32,0.97,26.32,38,15,7.15,3,1
6638,0.21,0.42,62.62,43,16,14.5,1,1
6639,0.04,0.88,7.0,2,5,5.95,4,1
6640,0.16,0.18,71.01,6,17,5.55,7,1
6641,0.27,0.4,97.02,77,10,14.51,1,1
6642,0.28,0.42,86.22,29,11,13.59,3,1
6643,0.18,0.15,53.91,78,16,9.94,4,1
6644,0.31,0.21,79.09,30,1,12.69,3,1
6645,0.1,0.27,94.45,89,12,15.27,9,1
6646,0.15,0.85,22.39,40,18,14.67,6,0
6647,0.32,0.16,79.53,99,18,6.1,6,1
6648,0.31,0.37,27.71,37,3,15.17,9,1
6649,0.24,0.11,87.82,7,0,14.89,8,1
6650,0.3,0.73,10.74,50,1,15.04,6,1
6651,0.04,0.66,18.64,18,17,17.71,8,0
6652,0.3,0.68,72.34,8,11,13.65,9,1
6653,0.12,0.44,18.3,71,8,19.07,4,0
6654,0.07,0.29,16.65,98,4,19.7,5,1
6655,0.09,0.75,55.99,55,15,16.28,6,0
6656,0.15,0.83,83.66,48,3,10.38,7,1
6657,0.1,0.22,27.58,74,19,7.15,5,1
6658,0.12,0.54,84.27,58,2,17.3,5,1
6659,0.06,0.32,80.99,93,17,7.2,5,1
6660,0.11,0.25,58.33,16,7,7.19,7,1
6661,0.2,0.76,65.01,25,1,18.79,3,1
6662,0.16,0.58,5.0,29,11,13.4,8,0
6663,0.13,0.29,37.35,8,0,9.4,4,1
6664,0.26,0.38,27.08,84,17,19.44,4,1
6665,0.31,0.97,15.85,55,9,15.61,6,1
6666,0.27,0.86,39.58,52,7,13.02,8,1
6667,0.12,0.89,36.14,91,3,9.94,9,0
6668,0.26,0.51,73.16,77,17,15.15,1,1
6669,0.06,0.66,60.21,26,2,15.96,2,1
6670,0.05,0.44,91.4,25,2,15.68,6,1
6671,0.13,0.17,15.4,92,11,7.93,7,1
6672,0.28,0.46,6.92,73,18,15.46,5,1
6673,0.09,0.63,53.93,26,16,13.72,5,0
6674,0.03,0.36,1.1,76,16,17.75,6,0
6675,0.05,0.86,78.98,90,3,14.37,6,1
6676,0.3,0.24,51.09,47,6,7.19,4,1
6677,0.23,0.43,49.32,86,6,9.78,7,1
6678,0.1,0.21,36.89,1,6,16.16,9,1
6679,0.2,0.46,38.12,64,7,16.1,2,0
6680,0.19,0.14,43.68,12,18,8.34,8,1
6681,0.23,0.35,2.59,24,8,10.32,6,1
6682,0.09,0.46,9.27,30,8,5.23,3,1
6683,0.3,0.53,51.0,14,13,9.98,2,1
6684,0.12,0.59,15.86,23,17,5.4,6,1
6685,0.25,0.35,78.1,2,8,18.09,6,1
6686,0.02,0.57,28.17,3,4,15.0,5,0
6687,0.14,0.56,10.69,6,7,19.54,4,0
6688,0.13,0.38,24.29,83,3,18.38,9,0
6689,0.19,0.85,36.35,21,19,14.05,2,0
6690,0.03,0.59,4.5,20,13,12.54,4,0
6691,0.28,0.4,15.03,21,16,18.26,1,1
6692,0.08,0.95,33.06,40,15,9.48,4,0
6693,0.24,0.86,31.74,68,8,8.35,8,1
6694,0.28,0.98,80.24,25,4,11.15,3,1
6695,0.2,0.72,84.48,71,4,5.8,3,1
6696,0.26,0.44,20.15,71,5,9.53,6,1
6697,0.24,0.35,13.27,33,5,6.26,2,1
6698,0.13,0.7,63.78,51,7,5.79,4,1
6699,0.29,0.98,80.66,90,15,13.27,5,1
6700,0.11,0.66,96.41,81,13,15.62,8,1
6701,0.2,0.89,1.67,72,0,13.05,4,0
6702,0.26,0.4,41.95,90,15,6.06,5,1
6703,0.14,0.47,73.66,79,14,10.92,4,1
6704,0.11,0.92,83.03,20,4,6.66,3,1
6705,0.17,0.78,7.17,19,8,14.75,6,0
6706,0.29,0.98,68.38,71,2,17.4,9,1
6707,0.33,0.8,29.6,56,6,6.75,6,1
6708,0.2,0.5,8.39,56,6,6.0,7,1
6709,0.23,0.58,49.42,1,15,11.09,8,1
6710,0.32,0.91,16.66,39,2,9.55,1,1
6711,0.04,0.6,73.96,37,14,8.91,7,1
6712,0.09,0.33,74.38,18,6,8.17,8,1
6713,0.25,0.49,84.36,72,2,9.75,7,1
6714,0.29,0.56,38.38,79,15,19.48,1,1
6715,0.3,0.19,2.32,6,5,17.87,2,1
6716,0.15,0.77,26.71,22,7,14.02,4,0
6717,0.04,0.2,47.31,11,15,17.01,5,1
6718,0.16,0.46,69.71,90,5,5.22,9,1
6719,0.09,0.82,38.82,72,15,6.67,9,1
6720,0.11,0.52,54.07,9,1,9.39,2,0
6721,0.27,0.86,52.9,13,0,14.66,7,1
6722,0.04,0.41,17.33,3,18,18.25,3,0
6723,0.29,0.96,62.68,67,13,8.47,8,1
6724,0.16,0.29,44.49,7,18,7.09,9,1
6725,0.21,0.13,80.98,67,3,17.72,4,1
6726,0.04,0.89,69.37,75,1,11.14,2,1
6727,0.12,0.78,12.04,46,1,15.49,9,0
6728,0.04,0.31,49.39,58,11,13.22,2,0
6729,0.34,0.99,70.55,28,10,7.64,2,1
6730,0.28,0.55,9.61,31,17,15.51,9,1
6731,0.17,0.96,79.46,52,18,11.31,6,1
6732,0.09,0.55,22.98,9,16,9.32,5,0
6733,0.33,0.52,50.81,91,3,18.54,6,1
6734,0.13,0.5,94.12,76,11,5.09,9,1
6735,0.06,0.4,57.56,8,2,11.07,1,0
6736,0.2,0.58,42.98,86,15,9.51,7,0
6737,0.33,0.51,1.67,18,3,5.82,8,1
6738,0.01,0.13,14.21,94,5,6.21,4,1
6739,0.09,0.33,58.29,49,0,7.58,8,1
6740,0.33,0.29,49.89,11,4,12.57,1,1
6741,0.07,0.88,37.02,2,9,9.24,8,0
6742,0.05,0.64,92.4,29,13,17.57,3,1
6743,0.2,0.79,33.92,55,4,8.6,4,0
6744,0.3,0.96,54.18,53,9,15.8,8,1
6745,0.17,0.68,57.3,26,8,8.16,8,0
6746,0.35,0.98,53.22,51,12,5.64,2,1
6747,0.24,0.38,48.28,78,16,8.97,9,1
6748,0.04,0.27,34.37,92,18,17.56,4,1
6749,0.35,0.46,90.97,99,19,6.23,6,1
6750,0.15,0.52,45.63,6,0,10.17,8,0
6751,0.11,0.91,53.32,12,8,5.12,4,1
6752,0.2,0.6,65.99,34,17,14.45,8,1
6753,0.11,0.36,7.7,70,4,19.14,7,0
6754,0.04,0.77,78.35,64,13,10.77,8,1
6755,0.01,0.56,51.74,37,18,13.65,4,0
6756,0.16,0.25,66.06,37,14,11.78,2,1
6757,0.29,0.62,77.43,8,3,19.6,4,1
6758,0.2,0.92,87.54,37,3,16.04,5,1
6759,0.35,0.86,39.83,97,17,5.66,4,1
6760,0.11,0.63,81.33,46,17,6.63,8,1
6761,0.11,0.44,26.62,31,7,12.06,5,0
6762,0.06,0.18,66.37,98,1,14.48,9,1
6763,0.07,0.52,11.17,11,15,9.36,7,0
6764,0.11,0.78,2.98,36,13,15.12,7,0
6765,0.28,0.42,10.48,68,0,13.65,5,1
6766,0.32,0.31,32.62,17,16,11.53,3,1
6767,0.34,0.94,4.08,16,9,13.73,8,1
6768,0.09,0.84,63.42,30,15,18.75,4,1
6769,0.31,0.67,32.34,39,2,8.65,3,1
6770,0.12,0.22,73.9,44,18,16.87,4,1
6771,0.05,0.23,5.55,69,10,5.18,1,1
6772,0.31,0.19,22.45,37,14,6.27,8,1
6773,0.23,0.65,41.39,26,17,19.25,9,1
6774,0.07,0.2,38.88,92,19,15.47,3,1
6775,0.16,0.86,13.97,83,18,14.5,6,0
6776,0.11,0.99,99.42,21,6,10.01,4,1
6777,0.26,0.43,29.16,92,5,7.77,9,1
6778,0.16,0.51,72.38,19,8,10.7,2,1
6779,0.35,0.74,22.78,11,12,13.98,3,1
6780,0.03,0.94,87.91,19,7,14.52,1,1
6781,0.13,0.9,39.39,69,17,7.54,7,1
6782,0.17,0.15,90.19,2,2,11.68,9,1
6783,0.18,0.25,34.84,25,0,13.5,1,1
6784,0.12,0.78,1.86,90,17,19.4,3,0
6785,0.26,0.72,52.19,30,3,13.24,7,1
6786,0.31,0.22,52.95,17,17,13.71,3,1
6787,0.33,0.55,12.86,85,15,16.48,3,1
6788,0.28,0.8,24.26,84,17,11.28,3,1
6789,0.3,0.3,78.57,18,2,10.76,4,1
6790,0.2,0.88,4.64,80,13,13.86,4,0
6791,0.29,0.15,49.46,92,9,16.75,8,1
6792,0.11,0.8,53.51,76,4,14.56,5,0
6793,0.15,0.65,69.18,40,7,7.79,3,1
6794,0.12,0.38,4.71,6,17,10.97,5,0
6795,0.17,0.75,58.98,88,4,12.69,9,0
6796,0.11,0.8,1.31,43,11,12.86,6,0
6797,0.34,0.94,27.25,70,3,10.09,4,1
6798,0.12,0.43,50.47,17,11,12.84,1,0
6799,0.04,0.72,91.22,42,12,15.09,8,1
6800,0.19,0.64,13.53,19,13,12.02,5,0
6801,0.03,0.57,17.76,55,13,11.77,9,0
6802,0.05,0.9,67.26,92,18,17.02,7,1
6803,0.08,0.1,38.11,29,9,16.35,2,1
6804,0.17,0.35,62.72,54,8,11.34,2,1
6805,0.16,0.58,99.75,71,17,19.94,8,1
6806,0.28,0.26,98.7,83,16,6.0,5,1
6807,0.26,0.92,36.02,8,4,9.89,5,1
6808,0.15,0.68,50.89,8,1,5.55,6,1
6809,0.12,0.53,90.56,69,9,17.59,7,1
6810,0.12,0.83,10.12,43,0,16.33,4,0
6811,0.27,0.51,45.78,98,7,15.26,9,1
6812,0.03,0.6,38.38,50,7,8.22,8,0
6813,0.01,0.1,30.19,85,5,15.62,6,1
6814,0.28,0.43,99.43,4,4,10.33,1,1
6815,0.17,0.22,73.62,36,17,18.03,6,1
6816,0.05,0.72,39.49,5,6,7.99,1,1
6817,0.09,0.53,83.07,87,3,8.27,5,1
6818,0.33,0.37,49.48,19,0,19.41,6,1
6819,0.3,0.52,87.41,42,1,12.76,2,1
6820,0.25,0.29,27.37,15,18,11.7,3,1
6821,0.17,0.93,23.14,58,2,10.28,7,0
6822,0.19,0.15,25.48,14,0,17.47,5,1
6823,0.34,0.88,54.31,48,12,10.29,9,1
6824,0.34,0.56,29.84,72,7,10.34,8,1
6825,0.08,0.66,15.56,73,11,6.85,9,1
6826,0.29,0.37,99.47,75,7,12.81,6,1
6827,0.08,0.97,90.14,82,6,18.86,2,1
6828,0.08,0.35,63.87,63,7,19.36,6,1
6829,0.24,0.63,89.26,55,14,19.93,5,1
6830,0.15,0.99,93.61,32,6,12.1,4,1
6831,0.33,0.89,67.93,36,11,16.62,9,1
6832,0.04,0.58,52.35,85,17,13.29,2,0
6833,0.18,0.99,88.32,91,3,13.22,3,1
6834,0.32,0.73,57.21,85,5,17.09,4,1
6835,0.32,0.29,13.55,75,10,17.53,7,1
6836,0.06,0.47,37.32,57,9,5.3,1,1
6837,0.13,0.4,45.15,44,18,19.14,9,0
6838,0.22,0.41,93.6,34,17,17.34,5,1
6839,0.06,0.78,66.26,51,11,15.82,1,1
6840,0.34,0.63,87.65,69,16,17.78,8,1
6841,0.32,0.13,76.0,92,19,13.06,3,1
6842,0.07,0.89,31.68,10,1,16.6,1,0
6843,0.05,0.37,72.15,12,18,13.98,7,1
6844,0.04,1.0,20.33,41,11,13.14,4,0
6845,0.32,0.96,41.41,3,10,8.17,5,1
6846,0.08,0.95,80.8,65,14,17.71,2,1
6847,0.15,0.83,61.58,40,10,18.26,4,1
6848,0.16,0.3,82.72,65,10,19.57,5,1
6849,0.21,0.58,26.22,77,9,6.81,4,1
6850,0.03,0.3,75.23,79,18,9.37,3,1
6851,0.09,0.33,21.03,71,2,15.28,5,0
6852,0.33,0.65,54.99,30,3,17.83,2,1
6853,0.32,0.14,43.92,88,2,16.27,1,1
6854,0.28,0.97,56.09,72,14,11.83,7,1
6855,0.02,0.93,14.42,67,5,15.89,3,0
6856,0.12,0.44,36.76,79,8,6.08,6,1
6857,0.22,0.56,67.02,43,7,14.94,8,1
6858,0.1,0.52,56.29,53,1,5.12,3,1
6859,0.32,0.89,55.35,78,18,5.71,9,1
6860,0.23,0.72,51.57,91,14,16.36,5,1
6861,0.03,0.35,94.44,30,7,12.16,8,1
6862,0.32,0.5,93.52,41,18,5.89,2,1
6863,0.34,0.49,36.65,44,4,12.23,2,1
6864,0.04,0.96,35.84,37,11,5.94,6,1
6865,0.19,0.26,55.93,6,11,10.19,2,1
6866,0.11,0.18,10.47,83,8,7.36,6,1
6867,0.14,0.89,31.0,37,17,8.29,9,0
6868,0.07,0.91,23.86,1,9,7.93,3,1
6869,0.21,0.88,23.12,89,4,10.58,8,1
6870,0.34,0.56,64.21,10,14,6.62,3,1
6871,0.18,0.69,39.05,26,19,12.92,9,0
6872,0.04,0.61,17.95,87,18,11.11,5,0
6873,0.22,0.16,88.87,17,9,17.6,8,1
6874,0.13,0.64,87.54,64,16,17.39,1,1
6875,0.3,0.11,86.38,94,5,17.36,1,1
6876,0.16,0.39,39.68,27,8,12.04,9,0
6877,0.08,0.94,6.64,75,16,9.36,7,0
6878,0.07,0.37,11.57,68,17,11.23,5,0
6879,0.27,0.95,28.33,18,13,15.31,1,1
6880,0.1,0.33,22.78,83,5,12.95,3,0
6881,0.27,0.38,87.52,50,10,14.36,9,1
6882,0.08,0.67,98.65,90,18,15.41,3,1
6883,0.12,0.79,81.85,65,15,18.78,5,1
6884,0.17,0.55,73.26,20,1,19.16,2,1
6885,0.33,0.89,59.27,62,6,17.61,5,1
6886,0.33,0.14,77.22,75,5,5.98,7,1
6887,0.08,0.93,94.76,59,14,19.69,5,1
6888,0.13,0.28,60.53,25,12,15.55,5,1
6889,0.06,0.9,16.31,83,6,15.4,4,0
6890,0.18,0.46,17.22,96,19,5.35,4,1
6891,0.17,0.85,58.8,65,2,12.19,5,0
6892,0.32,0.7,34.01,65,14,14.4,2,1
6893,0.33,0.26,91.11,67,19,9.18,6,1
6894,0.14,0.93,61.55,58,2,6.25,2,1
6895,0.18,0.32,67.97,40,14,12.99,9,1
6896,0.31,0.32,1.58,96,2,11.69,6,1
6897,0.28,0.83,50.39,47,14,5.66,5,1
6898,0.01,0.2,43.69,43,0,12.79,3,1
6899,0.12,0.3,70.88,8,19,6.62,9,1
6900,0.15,0.55,38.88,94,10,11.37,8,0
6901,0.09,0.85,97.68,62,3,9.06,3,1
6902,0.08,0.23,67.35,34,18,19.56,1,1
6903,0.02,0.59,66.33,8,9,5.52,1,1
6904,0.23,0.74,92.01,25,3,13.4,8,1
6905,0.1,0.87,99.53,26,15,7.28,7,1
6906,0.03,0.94,20.58,91,0,9.79,7,0
6907,0.09,0.81,81.24,54,12,7.76,3,1
6908,0.28,0.69,17.07,83,18,19.93,6,1
6909,0.3,0.49,46.25,87,13,5.49,5,1
6910,0.17,0.2,10.92,41,12,13.12,5,1
6911,0.15,0.74,62.71,80,3,14.12,6,1
6912,0.34,0.99,47.38,72,9,16.58,8,1
6913,0.08,0.76,63.24,63,7,14.39,9,1
6914,0.08,0.12,68.12,94,8,8.47,5,1
6915,0.11,0.55,62.32,72,13,13.97,7,1
6916,0.07,0.65,30.11,75,7,19.62,1,0
6917,0.14,0.72,83.86,7,0,17.73,5,1
6918,0.32,0.75,55.62,85,10,11.8,3,1
6919,0.22,0.6,49.5,98,15,12.16,2,1
6920,0.15,0.3,98.72,85,0,6.99,3,1
6921,0.33,0.95,29.07,69,18,13.55,9,1
6922,0.03,0.73,53.28,50,19,9.2,9,0
6923,0.08,0.31,68.55,43,17,6.62,2,1
6924,0.2,0.39,13.4,17,6,12.11,9,0
6925,0.22,0.93,36.07,21,8,5.68,3,1
6926,0.02,0.9,80.37,6,5,6.8,3,1
6927,0.15,0.46,24.44,71,19,8.29,5,0
6928,0.23,0.13,49.84,75,5,19.86,4,1
6929,0.25,0.14,63.43,82,0,17.13,1,1
6930,0.23,0.36,67.45,38,5,13.13,1,1
6931,0.12,0.67,73.1,63,15,8.49,5,1
6932,0.04,0.63,86.73,12,3,12.78,4,1
6933,0.16,0.67,39.89,22,2,14.73,8,0
6934,0.05,0.75,70.96,3,8,5.07,2,1
6935,0.33,0.12,73.49,19,7,19.82,8,1
6936,0.17,0.19,30.73,43,6,14.4,6,1
6937,0.12,0.42,96.85,87,11,19.82,9,1
6938,0.27,0.24,86.66,98,0,12.04,6,1
6939,0.18,0.17,29.7,67,11,14.35,7,1
6940,0.12,0.68,67.83,87,15,11.92,8,1
6941,0.29,0.83,72.06,5,13,5.14,1,1
6942,0.3,0.78,43.72,29,10,17.75,7,1
6943,0.24,0.84,86.51,98,19,11.74,7,1
6944,0.03,0.7,69.33,5,18,12.06,3,1
6945,0.2,0.76,66.16,93,18,10.4,7,1
6946,0.27,0.34,22.86,45,12,11.49,4,1
6947,0.06,0.99,41.38,54,11,15.88,6,0
6948,0.09,0.26,43.96,24,9,15.51,2,1
6949,0.31,0.29,73.63,21,14,17.13,4,1
6950,0.02,0.36,62.22,32,12,19.62,4,1
6951,0.27,0.98,9.5,5,12,10.87,5,1
6952,0.17,0.99,31.46,62,14,10.08,6,0
6953,0.16,0.82,47.83,18,16,12.4,4,0
6954,0.01,0.67,73.94,35,10,7.32,6,1
6955,0.29,0.57,74.61,80,9,16.37,9,1
6956,0.13,0.97,49.56,99,3,13.72,4,0
6957,0.19,0.73,12.58,88,16,8.17,7,0
6958,0.24,0.95,30.0,5,13,17.96,7,1
6959,0.25,0.38,26.21,9,1,14.29,8,1
6960,0.34,0.4,78.32,4,6,5.51,2,1
6961,0.19,0.87,18.82,33,15,7.95,1,1
6962,0.15,0.23,47.03,91,16,18.37,9,1
6963,0.33,0.95,67.4,22,3,10.72,9,1
6964,0.23,0.56,96.51,59,2,19.77,4,1
6965,0.11,0.93,99.92,11,4,12.95,4,1
6966,0.05,0.4,95.34,69,5,8.12,3,1
6967,0.3,0.74,72.11,10,5,13.91,3,1
6968,0.13,0.53,74.9,3,5,6.54,5,1
6969,0.23,0.66,76.16,15,18,17.11,5,1
6970,0.17,0.55,86.4,37,10,14.42,4,1
6971,0.08,0.97,95.23,40,18,19.46,5,1
6972,0.21,0.72,45.12,17,13,15.35,3,1
6973,0.03,0.33,42.23,20,14,5.74,6,1
6974,0.15,0.92,46.59,4,4,12.15,8,0
6975,0.2,0.36,66.32,98,11,12.97,6,1
6976,0.16,0.43,77.77,34,12,18.75,7,1
6977,0.26,0.19,87.18,95,17,11.49,8,1
6978,0.29,0.91,46.16,34,2,13.9,7,1
6979,0.27,0.36,36.97,67,11,7.79,5,1
6980,0.02,0.33,98.35,28,4,8.67,6,1
6981,0.08,0.93,23.96,93,12,13.23,6,0
6982,0.19,0.82,22.98,79,12,15.45,9,0
6983,0.33,0.23,71.83,36,5,11.53,5,1
6984,0.29,0.79,18.79,35,15,11.49,4,1
6985,0.3,0.92,40.54,41,2,8.84,2,1
6986,0.11,0.17,29.95,59,6,15.47,4,1
6987,0.16,0.84,17.7,74,9,5.08,2,1
6988,0.17,0.59,58.39,17,3,12.69,7,0
6989,0.06,0.7,37.98,30,11,5.05,6,1
6990,0.02,0.54,46.76,54,5,13.9,6,0
6991,0.33,0.73,20.39,52,17,5.46,1,1
6992,0.09,0.13,77.02,72,6,19.1,3,1
6993,0.09,0.79,32.16,23,1,12.17,2,0
6994,0.04,0.13,34.93,19,7,15.26,4,1
6995,0.33,0.51,25.96,37,17,17.8,9,1
6996,0.21,0.24,44.01,59,12,8.53,8,1
6997,0.24,0.84,46.89,36,2,13.1,1,1
6998,0.32,0.38,53.44,68,12,17.95,7,1
6999,0.13,0.51,96.79,26,6,13.07,1,1
7000,0.22,0.49,90.56,27,0,10.89,9,1
7001,0.02,0.8,61.33,77,17,10.53,9,1
7002,0.07,0.53,4.85,62,15,10.76,3,0
7003,0.29,0.81,61.61,62,10,14.23,2,1
7004,0.27,0.17,9.88,52,16,5.68,8,1
7005,0.13,0.27,71.32,44,4,11.23,6,1
7006,0.14,0.6,39.62,98,5,13.41,3,0
7007,0.19,0.95,83.93,33,13,16.8,5,1
7008,0.01,0.17,94.31,90,13,12.95,9,1
7009,0.09,0.14,42.29,84,18,18.89,8,1
7010,0.08,0.24,46.59,63,4,11.66,2,1
7011,0.1,0.68,59.42,72,17,14.76,4,0
7012,0.28,0.46,20.52,80,10,5.26,9,1
7013,0.11,0.84,92.81,69,11,8.58,8,1
7014,0.08,0.16,43.87,34,18,17.23,3,1
7015,0.18,0.28,17.52,27,16,13.79,2,1
7016,0.3,0.37,76.51,36,16,19.19,4,1
7017,0.09,0.66,22.7,4,1,16.29,2,0
7018,0.04,0.72,15.21,53,5,11.74,7,0
7019,0.13,0.21,56.72,71,18,16.68,6,1
7020,0.26,0.95,67.48,37,5,12.02,1,1
7021,0.2,0.41,57.39,88,0,9.95,2,0
7022,0.29,0.74,65.99,79,13,5.71,8,1
7023,0.34,0.57,12.44,50,1,17.98,8,1
7024,0.28,0.3,48.13,70,11,11.28,6,1
7025,0.22,0.86,36.34,26,16,15.28,7,1
7026,0.18,0.84,97.36,90,3,7.3,2,1
7027,0.02,0.46,5.91,25,3,17.43,1,0
7028,0.34,0.63,30.53,33,6,17.36,6,1
7029,0.14,0.33,94.24,67,12,12.23,3,1
7030,0.06,0.72,98.37,73,16,15.08,1,1
7031,0.24,0.38,82.67,37,13,12.82,1,1
7032,0.11,0.86,8.52,38,16,13.28,3,0
7033,0.21,0.3,56.57,94,15,18.33,7,1
7034,0.21,0.11,40.61,27,15,19.5,2,1
7035,0.16,0.34,80.84,13,5,10.51,4,1
7036,0.29,0.27,6.45,23,1,9.98,4,1
7037,0.1,0.56,20.52,67,16,9.56,6,0
7038,0.16,0.28,49.43,87,1,16.56,7,1
7039,0.19,0.79,16.61,99,17,15.84,2,0
7040,0.24,0.32,69.58,88,19,5.66,1,1
7041,0.28,0.74,82.26,55,11,6.33,6,1
7042,0.14,0.62,70.75,37,3,14.69,3,1
7043,0.23,0.99,44.59,12,8,9.12,6,1
7044,0.06,1.0,87.96,54,10,6.37,2,1
7045,0.33,0.88,14.63,20,16,11.2,7,1
7046,0.14,0.78,26.77,18,12,18.16,8,0
7047,0.26,0.45,49.46,7,18,10.49,5,1
7048,0.02,0.78,7.07,90,7,15.43,9,0
7049,0.08,0.96,10.47,76,4,18.51,6,0
7050,0.18,0.12,40.35,98,9,7.54,3,1
7051,0.31,0.58,94.44,96,14,14.15,2,1
7052,0.19,0.3,90.93,94,18,18.61,7,1
7053,0.33,0.6,47.13,2,8,7.9,1,1
7054,0.17,0.52,15.07,54,15,19.83,1,0
7055,0.18,0.62,18.63,8,15,10.48,8,0
7056,0.05,0.6,38.38,33,7,8.26,6,0
7057,0.28,0.96,21.8,46,2,17.57,3,1
7058,0.09,0.6,9.21,42,2,12.02,9,0
7059,0.32,0.86,67.7,94,9,15.06,1,1
7060,0.32,0.39,58.56,63,11,12.34,5,1
7061,0.33,0.49,29.84,92,14,14.65,1,1
7062,0.19,0.52,78.12,77,14,5.53,7,1
7063,0.24,0.35,77.82,88,18,10.25,1,1
7064,0.27,0.44,49.61,33,13,14.86,4,1
7065,0.05,0.64,10.56,69,10,10.26,2,0
7066,0.21,0.62,91.93,70,5,16.64,9,1
7067,0.02,0.67,67.2,4,11,19.41,3,1
7068,0.18,0.42,25.46,58,17,5.56,6,1
7069,0.06,0.38,61.44,98,1,17.83,7,1
7070,0.07,0.65,41.1,29,15,7.54,2,1
7071,0.13,0.22,63.9,21,3,18.76,1,1
7072,0.16,0.33,47.91,26,3,19.2,2,0
7073,0.22,0.14,49.06,96,16,13.54,8,1
7074,0.04,0.17,73.85,86,19,12.19,9,1
7075,0.18,0.32,61.76,41,9,16.38,8,1
7076,0.07,0.12,8.92,78,17,18.77,1,1
7077,0.21,0.32,7.47,34,18,8.49,2,1
7078,0.23,0.69,31.2,44,10,10.74,4,1
7079,0.2,0.15,43.59,1,13,11.26,8,1
7080,0.26,0.49,28.25,32,3,17.69,9,1
7081,0.12,0.92,65.49,32,15,7.05,7,1
7082,0.27,0.81,20.32,51,2,14.35,8,1
7083,0.16,0.37,70.71,24,10,10.26,9,1
7084,0.17,0.93,77.54,44,4,18.28,4,1
7085,0.23,0.4,13.31,85,1,10.1,4,1
7086,0.02,0.17,65.43,76,11,19.67,3,1
7087,0.23,0.99,96.18,84,12,5.23,7,1
7088,0.22,0.88,20.09,37,1,8.59,4,1
7089,0.12,0.52,91.02,84,4,11.86,1,1
7090,0.04,0.7,61.0,66,18,8.84,8,1
7091,0.04,0.7,59.5,14,4,16.06,1,0
7092,0.32,0.28,6.14,17,2,17.22,3,1
7093,0.24,0.28,75.08,88,18,15.46,9,1
7094,0.05,0.52,48.35,94,18,19.56,1,0
7095,0.13,0.92,72.4,15,10,11.84,1,1
7096,0.21,0.11,81.11,61,11,19.7,3,1
7097,0.29,0.8,52.86,49,18,6.87,7,1
7098,0.02,0.15,27.1,98,19,17.69,6,1
7099,0.09,0.53,15.02,8,9,5.58,5,1
7100,0.31,0.67,16.89,3,16,12.98,4,1
7101,0.01,0.72,86.83,75,11,12.27,5,1
7102,0.08,0.15,13.23,27,2,17.84,5,1
7103,0.34,0.48,39.08,9,7,15.51,7,1
7104,0.22,0.63,34.09,15,7,11.62,6,1
7105,0.1,0.16,86.68,32,12,18.44,9,1
7106,0.03,0.22,48.29,11,12,18.29,3,1
7107,0.02,0.7,99.65,3,9,5.37,7,1
7108,0.09,0.57,73.97,26,14,18.07,6,1
7109,0.31,0.25,85.24,7,15,12.9,3,1
7110,0.15,0.58,10.77,92,12,17.58,7,0
7111,0.25,0.92,26.06,55,10,7.72,7,1
7112,0.32,0.11,14.41,39,11,7.27,1,1
7113,0.15,0.68,46.9,4,13,15.83,6,0
7114,0.08,0.17,72.11,30,19,9.13,7,1
7115,0.19,0.11,17.74,38,2,13.38,2,1
7116,0.32,0.24,13.89,51,14,15.33,3,1
7117,0.28,0.48,61.85,78,10,14.16,9,1
7118,0.03,0.82,23.8,36,2,15.48,8,0
7119,0.25,0.35,48.45,95,17,14.31,1,1
7120,0.2,0.66,6.06,83,7,10.69,3,0
7121,0.32,0.47,68.38,60,7,6.36,3,1
7122,0.05,0.31,54.59,51,12,17.83,3,0
7123,0.19,0.56,65.09,76,5,17.69,2,1
7124,0.31,0.82,28.27,49,9,5.09,5,1
7125,0.15,0.85,28.58,15,14,17.61,3,0
7126,0.17,0.86,80.33,73,4,7.26,3,1
7127,0.03,0.4,72.14,91,0,9.99,1,1
7128,0.1,0.81,58.39,84,7,11.2,6,0
7129,0.12,0.29,63.19,28,1,15.19,9,1
7130,0.33,0.76,10.31,25,0,6.39,6,1
7131,0.11,0.95,85.76,80,15,17.4,6,1
7132,0.17,0.11,77.22,82,4,19.14,4,1
7133,0.24,0.5,59.46,36,18,19.29,1,1
7134,0.07,0.68,91.94,4,10,6.38,2,1
7135,0.18,0.73,17.7,21,7,18.79,2,0
7136,0.26,0.26,68.98,91,3,13.52,1,1
7137,0.3,0.97,96.34,65,13,15.9,2,1
7138,0.22,0.65,31.69,69,16,18.96,5,1
7139,0.24,0.25,2.51,10,8,14.91,4,1
7140,0.05,0.12,73.75,50,3,11.85,8,1
7141,0.33,0.8,1.69,85,1,12.88,3,1
7142,0.06,0.17,87.38,10,9,15.27,4,1
7143,0.27,0.23,6.57,90,18,19.17,8,1
7144,0.1,0.62,65.62,16,8,18.35,1,1
7145,0.33,0.64,38.34,38,15,13.66,7,1
7146,0.25,0.72,21.13,67,19,8.17,6,1
7147,0.27,0.45,89.93,20,16,10.2,5,1
7148,0.08,0.8,74.88,69,1,10.43,1,1
7149,0.16,0.98,34.7,70,18,9.34,2,0
7150,0.22,0.34,29.13,25,1,16.2,5,1
7151,0.27,0.73,73.87,89,15,17.54,9,1
7152,0.05,0.94,83.82,54,15,9.8,7,1
7153,0.34,0.72,71.87,12,13,17.69,7,1
7154,0.31,0.71,64.36,65,19,16.02,1,1
7155,0.1,0.3,23.56,54,0,11.62,8,0
7156,0.29,0.58,85.43,67,8,15.48,4,1
7157,0.19,0.61,75.22,21,14,16.54,2,1
7158,0.17,0.73,52.21,5,14,13.42,7,0
7159,0.12,1.0,51.65,58,10,11.65,6,0
7160,0.21,0.13,57.35,79,4,6.53,9,1
7161,0.26,0.16,83.0,4,7,5.02,9,1
7162,0.15,0.17,74.48,19,6,19.06,4,1
7163,0.22,0.77,85.77,81,5,9.01,5,1
7164,0.25,0.22,51.22,55,6,14.94,5,1
7165,0.25,0.66,62.84,61,18,19.15,8,1
7166,0.03,0.39,85.6,72,13,17.27,1,1
7167,0.3,0.51,24.0,24,10,6.84,6,1
7168,0.17,0.29,44.96,68,18,17.03,5,1
7169,0.1,0.88,62.44,88,13,15.9,2,1
7170,0.09,0.63,91.6,19,18,9.94,4,1
7171,0.17,0.95,2.57,24,5,15.34,7,0
7172,0.31,0.62,22.04,54,0,17.39,2,1
7173,0.14,0.21,24.21,21,13,9.37,6,1
7174,0.26,0.25,33.33,81,11,18.04,5,1
7175,0.04,0.99,28.9,72,11,6.18,1,1
7176,0.17,0.75,59.42,95,8,12.91,1,0
7177,0.35,0.14,88.68,19,8,8.5,8,1
7178,0.27,0.73,64.06,75,13,15.92,9,1
7179,0.08,0.47,24.91,53,19,7.62,7,1
7180,0.18,0.38,86.51,50,1,10.12,9,1
7181,0.09,0.24,63.57,23,13,6.91,2,1
7182,0.15,0.86,22.68,37,6,17.18,8,0
7183,0.28,0.16,36.8,28,14,6.98,6,1
7184,0.27,0.36,79.21,87,7,15.85,7,1
7185,0.09,0.38,74.15,76,18,15.61,7,1
7186,0.32,0.24,58.08,80,1,7.14,6,1
7187,0.21,0.56,15.33,80,0,13.49,4,1
7188,0.14,0.11,80.53,78,18,12.45,3,1
7189,0.18,0.37,31.45,71,7,13.92,9,0
7190,0.22,0.94,77.39,21,6,19.06,5,1
7191,0.2,0.38,65.11,21,17,6.21,1,1
7192,0.18,0.42,27.15,41,18,17.31,1,0
7193,0.18,0.53,22.02,35,12,17.93,8,0
7194,0.07,0.61,13.96,88,15,6.89,5,1
7195,0.29,0.83,24.95,1,10,14.84,5,1
7196,0.19,0.27,16.63,78,9,15.53,2,1
7197,0.05,0.88,62.09,84,18,13.23,8,1
7198,0.27,0.78,60.28,92,4,12.54,6,1
7199,0.33,0.75,59.03,82,11,9.77,1,1
7200,0.33,0.18,64.55,67,3,15.34,9,1
7201,0.14,0.12,81.66,91,15,9.28,6,1
7202,0.06,0.63,91.44,70,1,11.9,3,1
7203,0.19,0.88,23.81,4,3,17.86,6,0
7204,0.05,0.63,59.19,1,15,6.34,4,1
7205,0.33,0.29,8.76,21,10,12.93,9,1
7206,0.07,0.18,12.89,99,5,12.29,8,1
7207,0.1,0.73,65.78,92,10,10.68,2,1
7208,0.15,0.75,49.17,82,9,13.96,3,0
7209,0.14,0.26,76.07,52,14,5.23,8,1
7210,0.28,0.13,43.14,99,6,12.39,2,1
7211,0.17,0.47,13.63,53,14,12.29,8,0
7212,0.07,0.62,87.33,85,0,12.74,8,1
7213,0.1,0.74,9.21,80,7,8.19,5,0
7214,0.18,0.83,19.71,56,4,8.11,5,0
7215,0.06,0.65,28.42,90,5,14.71,8,0
7216,0.22,0.2,99.53,73,3,6.39,7,1
7217,0.2,0.71,42.27,87,14,9.59,8,0
7218,0.25,0.99,50.67,66,3,17.46,1,1
7219,0.33,0.92,77.2,67,2,6.56,7,1
7220,0.32,0.88,64.01,33,15,12.02,7,1
7221,0.33,0.37,84.3,88,15,15.03,2,1
7222,0.09,0.78,49.16,23,7,7.12,9,1
7223,0.05,0.87,97.25,6,5,9.69,6,1
7224,0.11,0.71,79.88,85,12,13.38,8,1
7225,0.31,0.33,40.74,47,8,9.91,6,1
7226,0.34,0.96,38.75,58,8,6.65,7,1
7227,0.3,0.51,93.02,5,10,8.49,3,1
7228,0.05,0.22,68.76,77,7,6.64,2,1
7229,0.33,0.2,62.52,77,12,19.75,4,1
7230,0.15,0.68,76.03,83,18,8.53,4,1
7231,0.01,0.49,56.52,9,0,12.96,5,0
7232,0.16,0.19,16.76,3,16,11.43,7,1
7233,0.03,0.77,32.6,61,5,13.54,3,0
7234,0.19,0.82,56.24,95,11,12.47,6,0
7235,0.13,0.75,2.8,64,3,15.91,8,0
7236,0.17,0.28,44.3,46,15,18.1,8,1
7237,0.22,0.72,75.82,56,2,9.28,9,1
7238,0.31,0.11,17.26,39,16,7.75,2,1
7239,0.24,0.37,7.39,13,17,19.77,4,1
7240,0.16,0.46,83.77,41,17,17.99,1,1
7241,0.29,0.85,62.11,11,17,10.46,7,1
7242,0.32,0.45,18.48,41,7,18.42,6,1
7243,0.05,0.11,80.82,75,7,15.06,3,1
7244,0.19,0.42,66.15,47,12,11.56,5,1
7245,0.11,0.55,34.08,49,11,18.1,3,0
7246,0.03,0.95,38.24,65,14,15.13,7,0
7247,0.24,0.95,16.43,35,9,17.4,8,1
7248,0.3,0.26,83.69,35,8,11.27,8,1
7249,0.07,0.27,51.39,67,2,16.98,9,1
7250,0.29,0.25,56.14,4,9,10.5,9,1
7251,0.3,0.81,88.47,24,16,16.03,4,1
7252,0.32,0.11,2.57,94,14,11.53,5,1
7253,0.1,0.21,7.63,96,9,11.08,9,1
7254,0.32,0.58,17.0,84,19,16.95,5,1
7255,0.12,0.32,3.97,36,13,6.88,3,1
7256,0.2,0.18,66.16,77,15,18.92,9,1
7257,0.03,0.42,63.75,56,5,12.63,8,1
7258,0.02,0.35,21.87,4,6,14.54,8,0
7259,0.25,0.56,15.79,92,9,11.08,6,1
7260,0.16,0.98,15.42,40,18,14.69,2,0
7261,0.1,0.21,95.37,43,17,15.65,6,1
7262,0.07,0.44,69.66,58,8,18.03,3,1
7263,0.24,0.94,58.96,62,1,17.82,2,1
7264,0.01,0.89,32.93,7,8,10.37,6,0
7265,0.28,0.45,43.87,9,3,14.24,8,1
7266,0.04,0.73,9.85,22,10,16.71,7,0
7267,0.08,0.18,99.82,4,16,16.47,4,1
7268,0.14,0.74,75.75,36,2,18.36,8,1
7269,0.17,0.98,62.52,97,14,17.48,8,1
7270,0.13,0.58,59.19,70,1,15.77,7,0
7271,0.12,0.55,50.93,67,15,16.23,2,0
7272,0.34,0.27,26.49,35,3,17.11,4,1
7273,0.23,0.67,23.41,33,17,17.57,3,1
7274,0.02,0.63,55.4,7,9,10.29,7,0
7275,0.16,0.69,7.95,99,5,16.73,3,0
7276,0.31,0.12,8.37,55,10,19.24,7,1
7277,0.11,0.59,56.52,47,9,8.49,8,0
7278,0.04,0.64,92.06,62,0,5.72,4,1
7279,0.27,0.29,91.51,67,15,6.09,7,1
7280,0.22,0.29,2.07,64,4,8.25,9,1
7281,0.2,0.35,11.63,43,8,18.8,7,0
7282,0.03,0.74,58.72,18,16,6.9,2,1
7283,0.06,0.65,85.0,3,3,16.21,9,1
7284,0.22,0.86,95.49,59,1,18.01,5,1
7285,0.08,0.37,86.2,62,1,18.16,6,1
7286,0.18,0.92,68.08,39,4,11.25,2,1
7287,0.2,0.77,20.85,91,1,12.43,7,0
7288,0.11,0.46,8.19,64,12,9.85,9,0
7289,0.33,0.19,5.7,73,4,7.21,2,1
7290,0.3,0.33,61.6,81,0,8.18,9,1
7291,0.26,0.96,4.58,60,14,7.02,5,1
7292,0.04,0.38,74.18,42,18,11.11,1,1
7293,0.05,0.4,71.53,5,13,7.56,5,1
7294,0.18,0.27,8.88,46,11,11.05,2,1
7295,0.06,0.83,90.76,4,1,17.77,8,1
7296,0.34,0.35,52.67,14,19,14.82,3,1
7297,0.06,0.4,90.54,93,0,14.94,9,1
7298,0.18,0.47,90.26,11,2,17.18,5,1
7299,0.13,0.49,20.51,60,10,5.62,3,1
7300,0.23,0.47,38.68,22,16,16.92,1,1
7301,0.05,0.55,14.33,5,4,7.95,4,1
7302,0.16,0.83,77.72,53,16,10.19,7,1
7303,0.1,0.84,50.91,12,17,9.62,3,0
7304,0.31,0.82,92.95,21,2,6.58,9,1
7305,0.02,0.19,21.61,79,14,7.61,5,1
7306,0.32,0.82,69.15,24,15,19.35,6,1
7307,0.29,0.21,98.93,13,14,14.0,7,1
7308,0.11,0.21,66.87,96,16,12.11,5,1
7309,0.28,0.95,7.81,26,17,16.37,2,1
7310,0.02,0.84,59.25,40,7,17.21,3,0
7311,0.34,0.6,18.8,26,13,6.65,9,1
7312,0.19,0.89,4.02,45,3,16.11,3,0
7313,0.11,0.99,34.16,30,9,18.99,2,0
7314,0.13,0.65,27.34,64,19,13.78,8,0
7315,0.03,0.65,79.09,73,6,14.21,8,1
7316,0.35,0.78,37.99,88,19,18.06,7,1
7317,0.02,0.31,73.56,38,0,15.19,2,1
7318,0.23,0.25,2.61,18,6,19.93,2,1
7319,0.16,0.78,2.47,9,11,9.24,3,0
7320,0.33,0.41,3.9,86,3,17.68,1,1
7321,0.09,0.22,22.72,56,6,14.19,5,1
7322,0.19,0.38,38.02,38,14,10.49,3,0
7323,0.17,0.42,61.18,21,1,18.25,4,1
7324,0.25,0.97,98.61,71,1,19.94,9,1
7325,0.03,0.73,36.09,12,4,5.87,7,1
7326,0.08,0.58,6.51,36,2,18.88,7,0
7327,0.08,0.97,20.3,11,15,8.05,3,0
7328,0.26,0.91,89.89,67,3,8.08,7,1
7329,0.07,0.56,70.24,27,14,5.63,9,1
7330,0.2,0.92,79.23,63,16,18.83,9,1
7331,0.08,0.46,13.29,71,10,16.39,1,0
7332,0.3,0.31,14.36,66,3,5.8,9,1
7333,0.33,0.31,12.11,74,3,14.5,3,1
7334,0.19,0.7,85.86,67,3,6.8,6,1
7335,0.13,0.55,21.79,81,18,16.27,2,0
7336,0.09,0.69,64.67,65,1,11.14,4,1
7337,0.03,0.72,52.1,34,15,5.78,3,1
7338,0.1,0.12,54.89,77,19,17.44,6,1
7339,0.23,0.15,20.35,78,12,13.59,1,1
7340,0.19,0.58,63.89,81,7,16.59,4,1
7341,0.33,0.27,5.27,34,18,15.12,1,1
7342,0.14,0.67,99.35,64,1,11.52,1,1
7343,0.25,0.6,3.65,17,16,15.48,4,1
7344,0.18,0.63,5.97,51,11,5.22,5,1
7345,0.18,0.37,33.14,56,13,10.1,7,0
7346,0.1,0.68,83.33,89,11,16.67,8,1
7347,0.16,0.85,26.46,94,12,16.45,3,0
7348,0.17,1.0,47.72,48,9,18.31,3,0
7349,0.25,0.85,2.78,62,3,14.17,4,1
7350,0.33,0.6,8.81,56,6,19.13,6,1
7351,0.12,0.27,61.19,11,1,13.37,2,1
7352,0.02,0.71,20.24,85,14,12.51,6,0
7353,0.18,0.94,69.73,20,3,7.96,6,1
7354,0.2,0.29,78.75,93,8,16.68,2,1
7355,0.07,0.33,85.18,68,5,15.38,5,1
7356,0.27,0.23,14.25,34,16,11.91,7,1
7357,0.34,0.76,46.1,42,6,6.31,9,1
7358,0.33,0.47,94.76,41,15,6.89,3,1
7359,0.08,0.16,77.44,62,16,6.72,7,1
7360,0.31,0.89,12.58,17,7,10.63,3,1
7361,0.25,0.6,50.75,12,2,7.38,2,1
7362,0.16,0.4,92.32,68,19,17.91,4,1
7363,0.19,0.41,44.56,41,5,18.49,8,0
7364,0.3,0.36,83.9,14,17,17.85,5,1
7365,0.17,0.51,50.09,4,10,14.13,8,0
7366,0.14,0.4,11.57,98,5,13.95,6,0
7367,0.18,0.59,15.64,82,12,18.36,1,0
7368,0.21,0.8,5.62,77,8,11.09,3,1
7369,0.07,0.71,20.34,74,7,5.94,8,1
7370,0.32,0.37,89.47,14,12,12.06,4,1
7371,0.24,0.58,65.37,9,13,13.31,2,1
7372,0.23,0.86,74.15,43,0,13.24,8,1
7373,0.04,0.16,62.54,20,4,7.39,5,1
7374,0.22,0.17,39.27,1,5,16.75,1,1
7375,0.05,0.6,22.47,93,8,15.98,8,0
7376,0.04,0.68,92.64,81,19,8.45,9,1
7377,0.19,0.29,51.97,72,12,13.27,8,1
7378,0.15,0.77,48.63,17,0,16.85,1,0
7379,0.21,0.68,99.61,85,5,5.12,6,1
7380,0.04,0.93,39.01,89,6,9.13,6,0
7381,0.16,0.25,85.56,20,9,12.08,7,1
7382,0.07,0.78,86.37,59,3,17.68,1,1
7383,0.35,0.18,24.03,89,17,16.98,8,1
7384,0.2,0.61,10.39,85,15,7.26,4,1
7385,0.24,0.6,97.59,13,18,11.94,4,1
7386,0.12,0.45,43.16,77,10,9.57,4,0
7387,0.04,0.86,1.22,47,16,11.02,6,0
7388,0.34,0.1,50.4,50,1,13.11,6,1
7389,0.11,0.57,62.31,94,6,12.49,6,1
7390,0.15,0.3,77.83,77,8,7.12,2,1
7391,0.23,0.77,94.35,40,13,6.83,5,1
7392,0.02,0.14,91.6,7,16,6.95,2,1
7393,0.29,0.85,94.07,55,14,17.62,6,1
7394,0.19,0.85,4.18,51,6,5.3,7,1
7395,0.1,0.85,71.47,76,6,8.04,6,1
7396,0.03,0.24,23.36,2,13,19.34,3,1
7397,0.07,0.67,19.57,14,8,5.99,5,1
7398,0.31,0.11,80.23,17,8,5.54,9,1
7399,0.24,0.86,42.3,77,16,10.81,6,1
7400,0.09,0.75,91.74,1,1,7.27,3,1
7401,0.03,0.58,5.2,1,11,13.49,9,0
7402,0.24,0.76,80.42,26,15,10.08,5,1
7403,0.2,0.18,14.55,46,1,8.13,1,1
7404,0.15,0.58,18.48,13,14,19.98,3,0
7405,0.13,0.36,48.26,34,5,10.12,3,0
7406,0.08,0.98,40.16,62,10,14.62,2,0
7407,0.24,0.87,49.13,73,16,18.11,2,1
7408,0.34,0.76,94.06,51,3,18.84,9,1
7409,0.07,0.94,66.08,83,18,11.15,3,1
7410,0.21,0.41,29.74,87,4,19.64,4,1
7411,0.15,0.91,18.12,41,11,15.87,6,0
7412,0.16,0.39,42.58,55,18,13.75,9,0
7413,0.1,0.76,45.71,28,0,15.4,1,0
7414,0.29,0.76,60.53,94,10,10.4,3,1
7415,0.17,0.12,27.33,61,5,11.37,3,1
7416,0.19,0.42,76.98,7,3,13.79,6,1
7417,0.11,0.12,10.75,78,16,9.9,9,1
7418,0.07,1.0,56.48,2,11,16.53,9,0
7419,0.04,0.21,62.73,76,9,8.77,5,1
7420,0.25,0.59,21.48,2,13,16.95,9,1
7421,0.08,0.81,82.78,28,6,7.28,6,1
7422,0.24,0.28,61.93,54,10,8.26,5,1
7423,0.14,0.54,64.93,92,2,16.3,8,1
7424,0.15,0.65,50.28,76,7,8.95,7,0
7425,0.17,0.24,91.05,94,19,16.93,7,1
7426,0.14,0.8,69.7,58,4,16.76,4,1
7427,0.04,0.37,38.8,47,3,8.86,1,0
7428,0.12,0.29,24.62,61,12,6.1,5,1
7429,0.24,0.6,8.04,40,3,7.5,9,1
7430,0.24,0.47,17.37,86,5,16.29,8,1
7431,0.11,0.93,99.28,18,1,17.7,4,1
7432,0.17,0.89,41.27,14,4,10.75,9,0
7433,0.08,0.54,89.97,25,14,7.46,6,1
7434,0.08,0.42,17.89,10,7,6.13,7,1
7435,0.02,0.39,43.11,48,1,8.24,8,0
7436,0.31,0.34,96.09,48,4,19.7,1,1
7437,0.08,0.59,10.02,61,8,7.55,4,1
7438,0.09,0.82,59.8,53,7,6.29,6,1
7439,0.11,0.38,92.0,9,13,16.78,4,1
7440,0.05,0.27,95.02,11,15,14.23,3,1
7441,0.23,0.53,84.75,27,1,13.02,5,1
7442,0.04,0.16,85.74,59,2,11.72,4,1
7443,0.06,0.73,65.57,58,3,15.53,5,1
7444,0.23,0.57,22.82,13,14,15.48,2,1
7445,0.13,0.55,73.34,65,4,11.37,3,1
7446,0.25,0.37,97.86,11,14,8.51,8,1
7447,0.2,0.91,53.07,57,17,17.62,8,0
7448,0.1,0.18,26.81,67,12,7.47,8,1
7449,0.23,0.88,57.77,66,10,13.01,3,1
7450,0.05,0.44,69.37,24,9,15.39,1,1
7451,0.19,0.89,21.62,84,3,14.58,2,0
7452,0.16,0.76,72.2,49,19,14.28,3,1
7453,0.1,0.19,59.16,40,4,14.94,2,1
7454,0.22,0.85,61.62,79,0,18.13,3,1
7455,0.31,0.71,31.29,70,12,10.48,7,1
7456,0.35,0.13,16.37,84,13,14.41,5,1
7457,0.22,0.22,62.72,86,15,15.45,5,1
7458,0.15,0.67,59.04,2,12,13.85,2,0
7459,0.09,0.7,34.46,54,14,18.55,9,0
7460,0.1,0.77,30.29,15,8,14.82,9,0
7461,0.17,0.75,35.38,48,2,11.37,1,0
7462,0.13,0.69,49.5,98,1,17.68,8,0
7463,0.32,0.79,97.51,54,11,12.34,8,1
7464,0.14,0.62,76.59,46,17,12.95,9,1
7465,0.14,0.33,85.32,57,3,13.73,2,1
7466,0.14,0.92,51.06,55,19,9.84,6,0
7467,0.29,0.12,53.09,60,14,15.84,2,1
7468,0.23,0.43,21.23,95,0,6.47,1,1
7469,0.22,0.76,72.38,30,7,18.03,7,1
7470,0.12,0.48,42.74,28,16,16.32,3,0
7471,0.29,0.12,74.5,52,4,10.3,8,1
7472,0.02,0.16,41.5,97,6,8.4,3,1
7473,0.31,0.68,11.74,41,2,10.82,2,1
7474,0.18,0.97,18.13,21,5,17.08,8,0
7475,0.15,0.6,81.35,87,12,5.47,8,1
7476,0.18,0.56,26.6,42,15,12.02,1,0
7477,0.24,0.39,27.17,13,16,8.81,1,1
7478,0.01,0.33,93.01,45,5,18.12,3,1
7479,0.31,0.12,66.11,90,4,11.21,4,1
7480,0.16,0.35,12.32,54,17,15.47,8,0
7481,0.13,0.5,15.21,19,3,10.37,8,0
7482,0.06,0.28,27.96,27,11,9.95,8,1
7483,0.16,0.18,59.81,40,15,9.89,7,1
7484,0.18,0.75,75.53,7,10,15.17,1,1
7485,0.15,0.91,28.18,25,10,19.46,1,0
7486,0.24,0.94,87.19,49,5,8.12,5,1
7487,0.15,0.66,11.81,36,15,14.66,5,0
7488,0.34,0.15,21.55,71,5,8.98,5,1
7489,0.21,0.77,97.08,84,8,13.24,1,1
7490,0.28,0.2,14.34,24,17,13.12,3,1
7491,0.05,0.7,88.92,61,0,11.75,1,1
7492,0.15,0.8,70.69,92,17,12.48,2,1
7493,0.12,0.75,8.24,69,18,18.2,8,0
7494,0.2,0.96,48.89,52,8,6.33,4,1
7495,0.3,0.76,52.38,36,13,17.45,4,1
7496,0.04,0.72,93.28,95,11,11.93,5,1
7497,0.03,0.34,42.69,51,9,10.0,2,0
7498,0.3,0.93,45.23,33,8,7.66,9,1
7499,0.08,0.26,12.14,53,11,17.22,9,1
7500,0.24,0.91,64.28,88,4,13.88,3,1
7501,0.19,0.38,21.88,74,18,15.93,1,0
7502,0.29,0.22,8.68,38,9,9.72,2,1
7503,0.05,0.84,99.69,44,1,10.89,8,1
7504,0.05,0.1,27.69,5,5,18.7,8,1
7505,0.2,0.85,14.96,31,4,19.42,2,0
7506,0.33,0.34,70.25,9,0,16.1,5,1
7507,0.15,0.9,82.35,32,17,16.24,9,1
7508,0.12,0.72,7.34,41,14,15.42,4,0
7509,0.22,0.7,11.43,5,1,13.81,1,1
7510,0.33,0.43,9.93,51,14,13.93,1,1
7511,0.29,0.15,5.65,54,10,19.46,6,1
7512,0.35,0.85,66.29,91,12,16.26,7,1
7513,0.02,0.25,59.24,28,19,14.83,9,1
7514,0.05,0.44,66.62,43,14,7.84,6,1
7515,0.22,0.64,51.06,12,9,19.66,5,1
7516,0.29,0.53,81.93,69,16,12.8,5,1
7517,0.11,0.28,55.12,72,4,19.16,3,1
7518,0.09,0.23,91.96,17,0,15.7,4,1
7519,0.28,0.21,49.08,8,18,5.6,3,1
7520,0.03,0.88,79.28,98,11,13.08,9,1
7521,0.14,0.13,41.33,87,6,18.39,7,1
7522,0.18,0.98,44.09,18,1,5.78,1,1
7523,0.2,0.28,85.05,10,14,18.0,5,1
7524,0.26,0.2,11.66,39,19,14.2,1,1
7525,0.13,0.62,56.93,41,12,5.67,4,1
7526,0.22,0.17,72.91,44,6,10.6,1,1
7527,0.21,0.64,75.29,69,13,5.45,9,1
7528,0.2,0.87,59.56,43,19,5.03,9,1
7529,0.23,0.14,45.36,81,15,18.45,4,1
7530,0.1,0.82,26.82,47,8,16.23,1,0
7531,0.04,0.46,91.03,75,18,9.34,6,1
7532,0.05,0.24,37.61,48,4,6.71,5,1
7533,0.09,0.26,80.1,19,9,5.82,4,1
7534,0.18,0.93,4.13,21,7,18.76,2,0
7535,0.3,0.2,23.98,3,13,14.38,6,1
7536,0.25,0.88,35.21,56,10,7.41,7,1
7537,0.28,0.59,67.49,43,0,15.22,1,1
7538,0.13,0.14,32.61,1,9,19.98,3,1
7539,0.15,0.52,5.1,88,1,16.82,7,0
7540,0.14,0.84,18.21,36,6,11.7,6,0
7541,0.08,0.75,26.66,6,16,17.21,2,0
7542,0.03,0.54,18.43,74,4,16.16,8,0
7543,0.21,0.87,21.17,46,9,6.33,6,1
7544,0.35,0.21,77.13,98,4,18.89,1,1
7545,0.07,0.92,41.79,88,4,18.26,7,0
7546,0.03,0.86,41.11,23,8,13.86,9,0
7547,0.28,0.74,96.69,20,10,12.62,8,1
7548,0.1,0.84,45.22,53,14,8.42,7,0
7549,0.29,0.59,92.84,38,4,17.52,8,1
7550,0.25,0.71,30.61,35,16,11.48,8,1
7551,0.33,0.6,40.66,34,18,13.69,4,1
7552,0.15,0.42,40.23,50,13,7.55,5,1
7553,0.24,0.61,55.06,47,1,8.21,5,1
7554,0.17,0.33,58.84,36,13,19.78,8,0
7555,0.22,0.5,25.56,16,19,12.41,9,1
7556,0.16,0.35,79.56,87,3,17.24,8,1
7557,0.07,0.21,50.16,49,2,17.45,2,1
7558,0.18,0.39,1.7,65,14,19.72,7,0
7559,0.19,0.87,59.54,63,15,19.74,3,0
7560,0.29,0.44,80.01,52,9,11.85,2,1
7561,0.26,0.77,25.8,73,17,19.25,2,1
7562,0.24,0.26,4.75,76,18,10.48,2,1
7563,0.05,0.48,80.91,60,1,14.11,3,1
7564,0.26,0.2,97.65,17,9,17.33,4,1
7565,0.18,0.22,8.58,67,1,18.71,6,1
7566,0.31,0.66,93.87,38,15,12.86,1,1
7567,0.32,0.65,36.57,29,4,11.27,8,1
7568,0.03,0.29,94.2,31,3,15.93,8,1
7569,0.29,0.53,65.24,99,16,11.84,4,1
7570,0.02,0.88,89.13,59,12,15.08,1,1
7571,0.13,0.26,78.8,54,11,17.06,6,1
7572,0.19,0.12,3.77,53,16,17.62,7,1
7573,0.06,0.69,7.48,26,8,8.81,1,0
7574,0.26,0.15,53.05,13,19,13.57,8,1
7575,0.01,0.98,13.83,57,0,5.38,4,1
7576,0.07,0.65,46.64,19,0,16.97,1,0
7577,0.21,0.52,95.51,96,1,6.88,9,1
7578,0.25,0.49,30.18,27,13,18.08,8,1
7579,0.32,0.62,49.4,13,4,11.1,9,1
7580,0.25,0.18,39.04,52,0,7.51,4,1
7581,0.24,0.94,63.35,98,0,16.94,8,1
7582,0.14,0.66,20.19,64,14,8.0,8,0
7583,0.01,0.27,26.73,58,0,10.92,2,1
7584,0.05,0.61,86.02,19,15,13.5,8,1
7585,0.19,0.22,81.32,83,9,10.4,6,1
7586,0.24,0.12,79.13,3,4,7.69,3,1
7587,0.15,0.67,77.32,67,1,11.09,8,1
7588,0.26,0.68,46.48,26,13,7.16,1,1
7589,0.19,0.63,73.16,6,10,15.79,2,1
7590,0.04,0.27,39.33,13,18,7.57,7,1
7591,0.08,0.64,10.97,27,18,12.24,8,0
7592,0.3,0.15,39.94,88,18,13.41,9,1
7593,0.26,0.65,16.71,10,2,19.18,1,1
7594,0.31,0.6,39.69,16,10,6.17,9,1
7595,0.05,0.69,30.45,23,19,18.96,2,0
7596,0.35,0.91,60.32,47,15,8.12,8,1
7597,0.08,0.87,36.79,12,16,17.61,7,0
7598,0.01,0.98,70.85,28,19,6.36,6,1
7599,0.35,0.98,51.7,77,3,19.83,6,1
7600,0.11,0.8,92.03,18,14,17.11,3,1
7601,0.24,0.96,10.01,58,10,5.94,5,1
7602,0.07,0.88,69.08,2,15,8.21,2,1
7603,0.21,0.75,67.57,46,19,13.23,5,1
7604,0.32,0.17,95.11,17,3,12.85,3,1
7605,0.12,0.14,37.78,87,4,14.44,9,1
7606,0.24,0.85,31.24,64,18,11.95,1,1
7607,0.07,0.54,18.07,87,15,16.01,3,0
7608,0.22,0.83,27.26,65,18,10.23,1,1
7609,0.12,0.38,50.69,54,15,7.65,9,1
7610,0.08,0.46,83.93,43,0,5.51,5,1
7611,0.12,0.73,29.14,78,2,9.87,7,0
7612,0.07,0.92,16.62,76,1,11.4,3,0
7613,0.32,0.18,27.94,55,9,14.89,9,1
7614,0.15,0.88,10.99,14,5,17.1,1,0
7615,0.09,0.81,92.74,44,7,8.6,1,1
7616,0.16,0.38,87.39,38,5,12.4,4,1
7617,0.12,0.42,31.54,58,19,8.51,6,0
7618,0.26,0.14,25.45,49,18,19.27,9,1
7619,0.34,0.11,90.63,16,15,14.71,9,1
7620,0.16,0.53,1.18,98,3,15.17,2,0
7621,0.3,0.19,60.46,82,15,12.97,5,1
7622,0.2,0.27,91.68,74,8,9.23,5,1
7623,0.06,0.86,51.35,83,8,8.01,2,0
7624,0.24,0.61,1.29,30,7,14.85,9,1
7625,0.18,0.67,22.67,68,4,18.83,9,0
7626,0.23,0.27,92.32,71,16,8.19,4,1
7627,0.31,0.85,2.69,80,15,13.58,3,1
7628,0.16,0.88,40.08,37,17,12.94,5,0
7629,0.32,0.57,79.18,69,5,14.62,5,1
7630,0.27,0.92,83.97,55,9,13.82,7,1
7631,0.18,0.86,48.28,39,19,9.09,8,0
7632,0.22,0.76,24.02,57,15,15.37,5,1
7633,0.12,0.76,60.37,49,18,9.09,8,1
7634,0.34,0.19,27.11,97,7,14.79,1,1
7635,0.24,0.34,26.27,63,17,9.5,9,1
7636,0.02,0.16,80.95,99,4,6.24,3,1
7637,0.12,0.11,16.27,34,12,6.91,7,1
7638,0.22,0.24,1.55,57,14,17.51,2,1
7639,0.03,0.89,34.34,97,5,6.82,2,1
7640,0.02,0.32,49.61,62,1,9.96,5,0
7641,0.16,0.97,70.8,39,14,9.31,7,1
7642,0.12,0.64,78.33,74,10,5.87,9,1
7643,0.16,0.31,66.69,67,4,13.99,3,1
7644,0.1,0.55,63.02,62,9,16.98,3,1
7645,0.07,0.3,66.91,29,19,19.88,4,1
7646,0.24,0.99,27.88,99,19,19.04,8,1
7647,0.18,0.86,38.85,31,17,5.74,2,1
7648,0.08,0.12,62.03,60,11,8.86,6,1
7649,0.12,0.95,7.49,39,16,11.18,8,0
7650,0.21,0.75,30.24,79,16,18.13,9,1
7651,0.03,0.17,41.24,1,3,10.4,2,1
7652,0.06,0.7,53.81,56,18,13.55,7,0
7653,0.03,0.68,49.16,83,17,14.89,3,0
7654,0.29,0.3,72.1,58,19,9.47,3,1
7655,0.27,0.78,47.87,91,9,13.73,5,1
7656,0.27,0.18,90.51,21,13,5.76,8,1
7657,0.25,0.54,38.65,54,19,12.2,5,1
7658,0.24,0.11,53.01,71,12,10.68,8,1
7659,0.17,0.97,1.32,43,13,10.34,4,0
7660,0.23,0.78,31.74,97,3,8.52,7,1
7661,0.02,0.24,86.79,54,3,17.27,5,1
7662,0.22,0.41,34.02,2,3,18.23,3,1
7663,0.27,0.24,26.07,14,10,18.32,5,1
7664,0.18,0.79,54.81,3,0,10.94,9,0
7665,0.13,0.15,8.79,14,5,8.89,7,1
7666,0.1,0.86,53.63,5,4,6.48,8,1
7667,0.23,0.95,31.06,81,4,15.09,9,1
7668,0.25,0.71,38.93,39,11,9.95,1,1
7669,0.31,0.29,79.35,1,14,9.15,7,1
7670,0.13,0.42,66.53,43,5,10.57,8,1
7671,0.27,0.53,45.16,92,11,13.32,8,1
7672,0.2,0.64,58.17,59,13,7.43,9,1
7673,0.31,0.7,76.92,78,10,19.42,6,1
7674,0.19,0.6,74.83,81,7,15.99,7,1
7675,0.19,0.42,19.35,15,19,5.7,8,1
7676,0.21,0.9,30.79,46,6,9.6,9,1
7677,0.26,0.17,35.48,7,5,5.75,2,1
7678,0.34,0.52,19.57,42,12,8.44,4,1
7679,0.04,0.8,2.2,7,5,9.3,4,0
7680,0.03,0.15,18.22,47,19,15.77,4,1
7681,0.33,0.73,81.02,88,1,15.78,1,1
7682,0.19,0.84,55.05,90,10,5.68,2,1
7683,0.22,0.69,34.82,78,7,13.82,9,1
7684,0.17,0.11,61.23,19,3,19.41,8,1
7685,0.04,0.26,74.24,53,6,14.43,1,1
7686,0.27,0.41,36.09,90,14,19.41,8,1
7687,0.26,0.31,47.14,16,18,10.71,3,1
7688,0.12,0.97,7.36,98,9,11.9,4,0
7689,0.11,0.69,60.11,62,2,12.43,8,1
7690,0.29,0.37,36.28,66,9,18.86,8,1
7691,0.03,0.94,43.92,65,18,10.7,3,0
7692,0.31,0.77,42.84,51,2,19.75,4,1
7693,0.1,0.36,63.61,36,17,13.15,3,1
7694,0.21,0.44,57.67,35,4,8.27,8,1
7695,0.33,0.28,42.79,24,0,6.56,8,1
7696,0.24,0.97,2.68,69,5,7.59,8,1
7697,0.15,0.57,62.48,29,6,5.59,1,1
7698,0.24,0.91,88.08,1,1,15.38,5,1
7699,0.13,0.41,77.19,57,16,12.75,1,1
7700,0.1,0.87,98.18,9,2,16.07,9,1
7701,0.35,0.15,14.77,80,1,16.73,7,1
7702,0.27,0.98,23.03,15,17,18.97,1,1
7703,0.23,0.92,54.39,74,13,6.75,9,1
7704,0.13,0.43,24.35,16,15,7.79,6,1
7705,0.03,0.8,4.42,48,11,13.22,9,0
7706,0.02,0.78,40.83,36,17,6.94,7,1
7707,0.2,0.91,29.48,53,7,6.39,7,1
7708,0.27,0.38,27.11,79,0,15.0,7,1
7709,0.19,0.52,95.36,3,2,15.87,8,1
7710,0.3,0.88,24.61,19,6,17.65,1,1
7711,0.02,0.8,13.81,41,1,18.74,4,0
7712,0.13,0.45,13.41,37,15,11.64,7,0
7713,0.09,0.86,80.83,59,8,19.7,9,1
7714,0.16,0.14,71.77,67,2,5.57,2,1
7715,0.03,0.8,13.82,8,18,18.05,6,0
7716,0.33,0.29,22.76,88,13,9.82,2,1
7717,0.09,0.36,74.99,14,14,18.83,4,1
7718,0.32,0.54,28.19,61,15,8.34,7,1
7719,0.15,0.5,98.17,35,18,16.11,2,1
7720,0.35,0.57,54.52,16,14,11.38,9,1
7721,0.2,0.59,20.01,71,13,10.72,6,0
7722,0.33,0.4,86.02,35,4,5.89,8,1
7723,0.01,0.26,32.63,8,6,15.59,9,1
7724,0.26,0.79,29.59,60,2,7.63,9,1
7725,0.32,0.46,33.42,12,1,11.94,3,1
7726,0.06,0.56,77.05,49,15,7.12,9,1
7727,0.04,0.68,18.15,80,1,14.07,4,0
7728,0.15,0.92,38.8,68,2,8.47,8,0
7729,0.33,0.74,4.05,35,11,13.92,6,1
7730,0.19,0.14,82.84,45,0,19.2,1,1
7731,0.19,0.85,34.73,41,14,18.81,8,0
7732,0.06,0.99,25.57,61,0,8.01,4,0
7733,0.01,0.53,58.41,96,0,6.49,1,1
7734,0.29,0.97,70.79,76,14,5.64,4,1
7735,0.04,0.59,81.48,85,2,17.43,3,1
7736,0.23,0.51,35.43,15,13,8.74,2,1
7737,0.32,0.4,81.42,99,9,9.26,8,1
7738,0.08,0.69,47.02,67,2,8.39,6,0
7739,0.24,0.31,11.01,59,19,17.6,8,1
7740,0.04,0.19,84.78,2,17,19.68,8,1
7741,0.22,0.12,55.22,6,3,16.33,5,1
7742,0.07,0.36,60.64,57,16,17.35,2,1
7743,0.26,0.46,93.81,16,19,14.31,5,1
7744,0.11,0.6,56.36,23,3,12.93,6,0
7745,0.17,0.36,1.55,95,14,15.82,8,0
7746,0.21,0.99,87.19,41,10,5.54,2,1
7747,0.07,0.36,29.19,30,2,5.92,7,1
7748,0.26,0.5,50.67,67,6,15.31,9,1
7749,0.11,0.19,21.28,55,9,10.03,9,1
7750,0.24,0.33,30.4,80,18,12.33,4,1
7751,0.06,0.14,68.98,4,19,16.73,6,1
7752,0.24,0.6,43.53,28,7,13.66,6,1
7753,0.05,0.78,63.09,50,14,17.08,7,1
7754,0.15,0.28,82.53,28,12,11.29,7,1
7755,0.09,0.43,34.74,53,2,9.31,2,0
7756,0.26,0.11,57.27,67,14,8.52,5,1
7757,0.1,0.86,77.98,26,9,6.98,1,1
7758,0.31,0.8,71.8,39,14,5.55,2,1
7759,0.31,0.16,54.44,13,13,5.8,6,1
7760,0.08,0.43,38.95,71,8,9.06,5,0
7761,0.22,0.96,41.34,54,14,9.18,8,1
7762,0.04,0.45,43.88,13,13,10.73,1,0
7763,0.14,0.57,35.54,59,14,13.87,9,0
7764,0.25,0.42,70.21,4,13,16.39,4,1
7765,0.23,0.64,13.42,80,9,7.97,1,1
7766,0.22,0.98,96.78,57,11,16.39,5,1
7767,0.11,1.0,78.12,92,19,7.08,9,1
7768,0.14,0.8,30.52,60,13,19.83,7,0
7769,0.05,0.46,5.21,47,14,9.28,3,0
7770,0.25,0.54,71.42,77,11,17.56,8,1
7771,0.18,0.42,73.7,74,1,7.86,2,1
7772,0.25,0.99,96.4,5,18,19.26,4,1
7773,0.09,0.74,26.12,36,16,17.4,7,0
7774,0.12,0.5,9.19,19,14,10.39,4,0
7775,0.12,0.11,91.6,30,9,11.32,9,1
7776,0.02,0.57,26.61,41,10,5.06,3,1
7777,0.13,0.99,72.43,48,13,8.77,1,1
7778,0.28,0.57,7.01,28,8,9.34,2,1
7779,0.32,0.26,76.3,31,2,11.79,9,1
7780,0.19,0.12,13.58,57,0,7.09,5,1
7781,0.16,0.42,69.86,43,5,12.18,5,1
7782,0.02,0.93,53.7,65,5,15.03,5,0
7783,0.31,1.0,95.59,9,4,10.57,1,1
7784,0.01,0.95,4.65,12,3,8.48,3,0
7785,0.33,0.76,29.91,87,2,13.22,3,1
7786,0.18,0.6,7.88,12,12,5.44,2,1
7787,0.13,0.63,88.04,42,3,10.11,7,1
7788,0.32,0.59,59.8,73,6,12.91,5,1
7789,0.02,0.74,53.96,53,18,10.04,1,0
7790,0.21,0.48,14.01,90,10,10.18,1,1
7791,0.2,0.7,49.41,94,9,17.72,4,0
7792,0.08,0.21,40.47,57,18,19.01,8,1
7793,0.16,0.34,32.26,84,18,17.41,9,0
7794,0.23,0.85,77.45,16,4,6.48,3,1
7795,0.26,0.91,7.07,77,0,9.35,8,1
7796,0.01,0.59,65.02,99,10,15.67,8,1
7797,0.33,0.13,82.48,50,12,19.62,7,1
7798,0.07,0.93,90.82,4,7,8.63,1,1
7799,0.09,0.73,74.85,89,15,18.47,7,1
7800,0.1,0.47,28.96,13,8,16.09,4,0
7801,0.02,0.64,60.45,60,3,19.75,1,1
7802,0.05,0.49,15.0,28,18,6.4,8,1
7803,0.35,0.52,12.59,12,6,10.92,3,1
7804,0.12,0.9,64.22,24,11,12.17,4,1
7805,0.05,0.24,85.26,92,8,15.08,1,1
7806,0.05,0.19,7.66,1,12,14.81,8,1
7807,0.25,0.1,11.49,34,11,18.6,8,1
7808,0.3,0.38,57.0,3,8,17.58,7,1
7809,0.1,0.23,22.6,22,11,5.83,3,1
7810,0.02,0.3,61.57,85,15,12.3,2,1
7811,0.09,0.11,22.24,27,12,11.11,4,1
7812,0.03,0.3,12.53,21,2,19.96,2,0
7813,0.05,0.4,55.01,86,5,11.41,1,0
7814,0.16,0.13,86.36,13,13,15.24,9,1
7815,0.09,0.65,68.83,44,1,9.27,5,1
7816,0.19,0.61,82.05,80,19,14.22,3,1
7817,0.1,0.19,27.37,24,2,8.1,3,1
7818,0.33,0.64,88.71,46,15,14.05,9,1
7819,0.32,1.0,38.33,17,7,18.02,1,1
7820,0.2,0.95,85.39,5,5,5.29,1,1
7821,0.13,0.1,47.65,38,2,12.57,3,1
7822,0.14,0.82,27.52,59,4,19.74,5,0
7823,0.15,0.42,26.77,27,3,7.39,1,1
7824,0.26,0.16,57.2,54,5,7.75,5,1
7825,0.16,0.37,8.82,96,1,12.06,5,0
7826,0.3,0.39,93.08,90,2,18.06,6,1
7827,0.33,0.57,27.87,71,7,13.44,8,1
7828,0.12,0.69,34.23,55,14,12.63,1,0
7829,0.2,0.77,24.1,71,9,6.3,9,1
7830,0.04,0.32,1.3,43,14,19.43,9,0
7831,0.08,0.39,69.56,91,5,10.21,1,1
7832,0.15,0.38,59.46,38,11,8.78,6,0
7833,0.08,0.43,81.15,88,7,11.18,6,1
7834,0.31,1.0,5.06,88,5,11.21,8,1
7835,0.06,0.8,92.94,61,15,11.88,8,1
7836,0.16,0.98,33.76,45,14,15.33,2,0
7837,0.22,0.72,91.39,58,19,18.02,9,1
7838,0.25,0.47,11.61,29,14,5.86,1,1
7839,0.14,0.45,74.65,54,7,12.36,5,1
7840,0.31,0.54,58.36,91,18,11.21,2,1
7841,0.2,0.48,36.46,34,13,5.16,1,1
7842,0.16,0.85,8.84,21,15,17.25,7,0
7843,0.03,0.52,60.87,45,11,6.56,9,1
7844,0.17,0.37,3.62,1,2,6.72,2,1
7845,0.29,0.8,50.63,10,19,5.72,8,1
7846,0.22,0.87,60.82,58,4,8.01,5,1
7847,0.29,0.48,73.52,94,12,7.65,6,1
7848,0.18,0.7,99.14,28,14,10.22,7,1
7849,0.05,0.15,26.75,61,7,14.89,4,1
7850,0.01,0.58,32.92,30,13,5.81,3,1
7851,0.11,0.14,34.77,28,14,17.9,2,1
7852,0.25,0.13,73.43,29,18,9.9,1,1
7853,0.28,0.65,93.25,31,7,14.1,4,1
7854,0.11,0.37,97.46,68,9,5.18,6,1
7855,0.18,0.77,94.64,83,12,10.49,3,1
7856,0.15,0.91,88.06,74,3,5.03,3,1
7857,0.15,0.23,99.11,31,10,7.48,8,1
7858,0.09,0.75,38.22,98,1,11.72,5,0
7859,0.06,0.56,94.88,41,18,13.03,2,1
7860,0.08,0.2,76.34,64,17,7.29,9,1
7861,0.03,0.69,17.68,42,5,16.18,1,0
7862,0.08,0.65,5.5,44,13,7.84,6,1
7863,0.01,0.56,22.23,31,17,6.74,5,1
7864,0.22,0.93,78.1,11,10,10.0,3,1
7865,0.12,0.57,63.54,36,6,13.27,1,1
7866,0.34,0.99,23.21,32,14,19.83,1,1
7867,0.08,0.56,74.45,87,0,11.28,5,1
7868,0.13,0.2,14.99,39,9,11.39,7,1
7869,0.13,0.52,82.36,67,8,5.89,8,1
7870,0.01,0.26,79.62,60,15,16.49,3,1
7871,0.3,0.64,97.29,92,15,7.73,7,1
7872,0.02,0.72,15.88,25,16,16.17,8,0
7873,0.33,0.52,90.75,28,11,18.66,3,1
7874,0.31,0.19,34.77,19,6,16.52,8,1
7875,0.19,0.52,42.19,83,1,14.64,5,0
7876,0.19,0.17,47.38,29,2,14.06,5,1
7877,0.23,0.71,63.06,50,5,11.8,8,1
7878,0.14,0.81,99.48,19,18,7.17,6,1
7879,0.23,0.97,60.4,56,7,16.68,6,1
7880,0.03,0.23,92.74,18,3,12.16,6,1
7881,0.03,0.58,26.25,45,6,14.38,1,0
7882,0.17,0.61,40.44,88,3,10.61,1,0
7883,0.2,0.93,50.95,80,17,8.01,3,0
7884,0.31,0.66,32.97,82,6,17.1,2,1
7885,0.05,0.23,97.71,41,0,10.14,9,1
7886,0.29,0.49,72.84,13,4,18.0,2,1
7887,0.08,0.69,48.41,68,9,19.49,4,0
7888,0.14,0.73,75.38,77,13,17.45,7,1
7889,0.12,0.88,47.28,99,0,6.92,7,1
7890,0.15,0.26,2.71,68,11,17.83,6,1
7891,0.06,0.96,54.78,83,18,12.79,5,0
7892,0.18,0.15,62.89,24,1,8.62,6,1
7893,0.28,0.99,98.14,33,13,6.4,3,1
7894,0.16,0.87,5.04,97,2,9.18,7,0
7895,0.18,0.69,51.7,73,18,7.06,6,1
7896,0.3,0.76,10.72,55,2,5.38,4,1
7897,0.25,0.17,15.75,3,12,19.82,2,1
7898,0.18,0.14,61.44,3,16,17.47,1,1
7899,0.1,0.19,23.93,30,2,16.08,9,1
7900,0.31,0.18,75.17,18,13,7.9,8,1
7901,0.21,0.59,51.91,66,1,5.42,4,1
7902,0.09,0.29,22.6,96,12,12.28,1,1
7903,0.1,0.87,49.89,43,8,16.13,4,0
7904,0.28,0.5,1.09,73,9,19.44,5,1
7905,0.03,0.73,86.41,66,7,17.66,1,1
7906,0.35,0.69,2.26,84,6,18.4,9,1
7907,0.05,0.39,1.69,27,0,8.58,7,0
7908,0.28,0.32,61.54,19,7,7.33,7,1
7909,0.14,0.41,97.38,16,7,8.72,1,1
7910,0.18,0.82,85.74,26,5,7.08,9,1
7911,0.31,0.63,25.95,14,17,16.98,8,1
7912,0.15,0.33,20.47,47,3,18.55,6,0
7913,0.19,0.84,62.99,18,10,9.61,4,1
7914,0.03,0.15,82.44,28,19,18.15,6,1
7915,0.01,0.73,36.85,19,15,5.83,4,1
7916,0.09,0.5,43.8,30,11,15.16,2,0
7917,0.24,0.76,12.43,21,3,12.91,9,1
7918,0.05,0.93,16.13,21,8,9.15,2,0
7919,0.05,0.78,57.27,48,0,16.52,7,0
7920,0.15,0.5,11.16,55,5,8.18,3,0
7921,0.23,0.24,21.0,30,0,11.24,4,1
7922,0.25,0.83,24.23,42,19,15.65,3,1
7923,0.07,0.51,44.95,37,7,10.07,3,0
7924,0.04,0.17,5.52,41,12,17.83,6,1
7925,0.33,0.75,50.48,46,18,17.98,6,1
7926,0.1,0.36,92.94,96,19,8.04,2,1
7927,0.3,0.14,3.42,94,3,11.61,1,1
7928,0.3,0.91,63.47,86,6,11.48,6,1
7929,0.27,0.53,83.75,60,17,11.15,1,1
7930,0.07,0.35,31.93,88,9,12.53,6,0
7931,0.29,0.74,14.02,74,14,6.12,6,1
7932,0.27,0.9,5.29,88,12,18.05,1,1
7933,0.21,0.1,64.75,1,19,9.35,5,1
7934,0.12,0.72,55.67,54,17,5.03,4,1
7935,0.1,0.79,23.7,35,11,15.28,6,0
7936,0.05,0.29,83.33,16,14,14.76,8,1
7937,0.18,0.54,73.82,5,7,19.75,1,1
7938,0.21,0.18,28.37,31,10,15.79,2,1
7939,0.13,0.77,75.58,37,2,9.99,2,1
7940,0.17,0.86,25.25,25,13,19.29,9,0
7941,0.13,0.2,67.85,62,7,10.48,6,1
7942,0.23,0.83,12.74,25,5,17.32,9,1
7943,0.32,0.79,69.53,67,0,10.04,4,1
7944,0.07,0.41,24.64,38,9,5.73,9,1
7945,0.14,0.72,57.67,96,1,16.01,9,0
7946,0.06,0.1,18.07,48,7,10.25,1,1
7947,0.22,0.94,72.87,84,13,10.08,9,1
7948,0.26,0.6,7.03,94,0,15.74,5,1
7949,0.33,0.66,17.38,64,6,9.83,7,1
7950,0.1,0.7,19.23,2,0,6.77,5,1
7951,0.33,0.61,5.09,64,4,11.07,2,1
7952,0.03,0.87,74.76,69,17,17.36,5,1
7953,0.22,0.65,98.11,83,16,6.95,1,1
7954,0.03,0.92,78.06,20,16,13.32,1,1
7955,0.31,0.62,86.2,86,12,6.98,2,1
7956,0.19,0.25,1.59,11,3,5.74,4,1
7957,0.24,0.92,12.67,82,15,10.68,9,1
7958,0.29,0.71,56.34,91,16,14.87,6,1
7959,0.06,0.73,97.81,31,17,9.12,9,1
7960,0.02,0.99,66.41,35,1,11.69,5,1
7961,0.31,0.17,38.04,44,11,12.37,9,1
7962,0.12,0.49,15.47,55,9,17.62,1,0
7963,0.05,0.32,16.13,45,8,17.28,1,0
7964,0.17,0.67,36.91,21,3,5.04,6,1
7965,0.21,0.83,71.67,52,14,11.21,2,1
7966,0.02,0.97,4.15,20,9,14.84,7,0
7967,0.1,0.51,85.37,9,8,17.79,9,1
7968,0.02,0.81,94.21,95,6,5.73,7,1
7969,0.15,0.93,88.99,9,10,14.42,9,1
7970,0.31,0.71,91.39,58,1,17.63,4,1
7971,0.34,0.32,2.52,71,19,8.83,7,1
7972,0.23,0.65,97.8,33,19,8.08,1,1
7973,0.06,0.97,37.27,1,15,12.02,6,0
7974,0.32,0.99,87.06,83,5,19.44,9,1
7975,0.19,0.68,19.49,3,7,15.39,6,0
7976,0.06,0.9,45.21,39,17,11.37,7,0
7977,0.32,0.28,5.37,12,10,5.31,1,1
7978,0.27,0.32,4.97,94,3,13.35,4,1
7979,0.26,0.96,94.38,16,3,10.23,7,1
7980,0.25,0.22,81.25,77,9,7.79,6,1
7981,0.08,0.27,53.45,50,15,12.5,9,1
7982,0.08,0.48,53.02,88,2,10.12,4,0
7983,0.24,0.63,75.13,81,11,5.58,3,1
7984,0.08,0.64,34.83,27,16,15.88,1,0
7985,0.16,0.36,76.43,29,4,15.99,8,1
7986,0.28,0.93,49.02,78,2,14.28,1,1
7987,0.28,0.92,64.15,69,15,17.61,5,1
7988,0.16,0.45,96.52,52,18,8.05,2,1
7989,0.28,0.49,47.66,6,3,9.29,6,1
7990,0.3,0.73,42.42,24,8,11.88,8,1
7991,0.23,0.7,90.67,40,3,5.9,4,1
7992,0.09,0.44,90.36,33,9,18.25,1,1
7993,0.1,0.47,99.25,9,16,12.36,7,1
7994,0.12,0.41,55.54,49,15,9.87,5,0
7995,0.05,0.31,35.08,67,6,12.17,2,0
7996,0.1,0.51,24.8,23,14,9.88,6,0
7997,0.08,0.72,4.38,85,17,9.29,6,0
7998,0.16,0.77,72.95,22,5,11.72,5,1
7999,0.32,0.8,24.11,72,14,12.23,6,1
8000,0.05,0.44,61.06,84,10,11.5,9,1
8001,0.25,0.79,91.74,78,19,13.22,9,1
8002,0.24,0.11,95.07,94,4,16.75,7,1
8003,0.04,0.53,1.44,8,15,5.86,3,1
8004,0.32,0.81,32.39,19,11,17.17,9,1
8005,0.2,0.67,83.9,38,3,8.43,7,1
8006,0.13,0.53,54.11,6,1,8.78,4,0
8007,0.27,0.68,80.94,52,15,13.99,1,1
8008,0.1,0.92,85.48,34,7,19.64,6,1
8009,0.25,0.61,44.82,74,16,5.26,6,1
8010,0.02,0.82,36.54,95,8,15.1,6,0
8011,0.3,0.98,46.09,11,5,15.45,4,1
8012,0.16,0.74,65.63,43,3,13.6,9,1
8013,0.23,0.62,37.35,35,12,5.15,5,1
8014,0.09,0.13,77.72,11,13,14.1,1,1
8015,0.24,0.44,90.5,40,11,6.73,4,1
8016,0.27,0.61,28.95,32,2,6.17,3,1
8017,0.17,0.82,96.53,49,14,15.44,8,1
8018,0.22,0.49,62.65,90,14,15.5,6,1
8019,0.17,0.96,87.94,86,14,18.35,7,1
8020,0.31,0.34,11.29,57,14,5.05,2,1
8021,0.18,0.77,25.9,65,7,10.68,1,0
8022,0.3,0.48,32.78,48,16,5.18,2,1
8023,0.28,0.54,30.98,93,13,10.47,6,1
8024,0.15,0.82,18.01,52,5,12.37,5,0
8025,0.09,0.37,86.95,39,16,12.95,8,1
8026,0.15,0.19,42.44,86,1,10.34,4,1
8027,0.29,0.57,96.35,54,10,15.88,3,1
8028,0.09,0.58,58.76,96,15,11.23,4,0
8029,0.19,0.82,14.7,25,18,12.76,9,0
8030,0.28,0.97,55.04,45,16,17.0,8,1
8031,0.13,0.15,99.36,29,5,7.61,8,1
8032,0.23,0.63,56.95,32,13,9.81,6,1
8033,0.09,0.71,1.19,94,12,12.82,5,0
8034,0.05,0.99,93.37,82,6,16.51,8,1
8035,0.28,0.95,24.25,67,12,11.38,4,1
8036,0.04,0.74,69.16,12,5,6.09,6,1
8037,0.1,0.57,51.99,58,1,19.83,9,0
8038,0.3,0.25,33.22,20,4,15.62,3,1
8039,0.13,0.45,28.98,50,11,15.84,9,0
8040,0.34,0.63,92.95,8,14,11.98,8,1
8041,0.34,0.75,91.28,31,5,13.21,3,1
8042,0.1,0.67,51.8,24,0,19.91,7,0
8043,0.02,0.74,26.59,13,10,13.93,5,0
8044,0.25,0.49,11.13,72,11,8.28,7,1
8045,0.16,0.75,16.5,42,2,19.47,4,0
8046,0.04,0.23,52.7,78,18,13.07,3,1
8047,0.25,0.25,31.48,79,12,5.31,7,1
8048,0.02,0.25,5.16,85,10,13.6,6,1
8049,0.31,0.9,46.06,79,6,6.06,5,1
8050,0.06,0.17,74.87,26,11,12.91,4,1
8051,0.05,0.82,89.28,38,17,17.38,6,1
8052,0.07,0.31,58.94,38,15,13.08,1,0
8053,0.34,0.52,72.61,55,7,10.6,8,1
8054,0.25,0.92,37.04,97,12,18.24,6,1
8055,0.28,0.63,50.13,10,16,18.91,5,1
8056,0.15,0.29,73.23,83,3,10.21,8,1
8057,0.12,0.36,73.04,11,8,12.48,4,1
8058,0.09,0.93,43.03,3,8,19.74,2,0
8059,0.17,0.48,54.82,23,9,7.67,5,1
8060,0.2,0.63,92.46,62,10,9.47,7,1
8061,0.22,0.51,63.57,70,0,11.43,5,1
8062,0.1,0.44,64.61,41,16,6.51,7,1
8063,0.33,0.3,78.68,41,6,9.08,2,1
8064,0.07,0.72,12.41,93,10,13.17,1,0
8065,0.34,0.75,52.77,4,12,8.43,3,1
8066,0.02,0.35,95.98,3,5,15.29,1,1
8067,0.17,0.81,36.8,84,7,10.22,3,0
8068,0.12,0.87,30.2,51,9,6.35,3,1
8069,0.16,0.93,60.52,55,13,16.47,8,1
8070,0.2,0.25,22.89,63,11,13.51,5,1
8071,0.16,0.37,56.04,49,10,17.37,3,0
8072,0.15,0.87,16.41,72,6,10.4,5,0
8073,0.26,0.28,58.4,70,12,5.29,8,1
8074,0.24,0.1,60.64,69,1,5.7,1,1
8075,0.29,0.88,42.42,8,2,16.93,7,1
8076,0.09,0.39,38.89,8,0,11.16,5,0
8077,0.22,0.47,25.3,99,5,19.65,4,1
8078,0.21,0.5,33.76,19,0,17.45,3,1
8079,0.14,0.86,50.34,74,1,5.24,7,1
8080,0.18,0.4,25.52,55,9,18.05,2,0
8081,0.12,0.9,78.5,99,11,8.19,8,1
8082,0.06,0.66,71.19,73,4,12.29,4,1
8083,0.08,0.57,27.66,72,8,12.59,2,0
8084,0.05,0.39,10.65,8,11,5.9,2,1
8085,0.24,0.32,1.02,57,7,6.88,1,1
8086,0.23,0.66,60.08,72,9,11.35,8,1
8087,0.33,0.5,21.93,84,13,14.64,8,1
8088,0.26,0.92,2.25,7,19,8.97,6,1
8089,0.03,0.54,36.55,46,14,12.9,2,0
8090,0.31,0.56,96.24,22,7,10.69,3,1
8091,0.3,0.48,69.3,81,8,14.46,9,1
8092,0.16,0.81,85.92,44,4,11.37,7,1
8093,0.21,0.48,15.33,5,0,17.77,5,1
8094,0.34,0.34,8.26,98,10,19.76,5,1
8095,0.19,0.88,2.14,25,3,18.7,7,0
8096,0.32,0.64,95.61,47,5,7.53,1,1
8097,0.04,0.63,30.72,43,16,11.86,1,0
8098,0.07,0.65,46.49,15,3,11.88,3,0
8099,0.16,0.75,40.06,64,4,17.61,9,0
8100,0.21,0.38,73.32,31,13,10.36,8,1
8101,0.29,0.13,31.69,83,17,13.24,3,1
8102,0.35,0.83,54.01,44,2,14.14,8,1
8103,0.14,0.22,99.56,95,10,6.67,4,1
8104,0.03,0.75,44.96,47,14,13.37,7,0
8105,0.28,0.17,55.58,12,6,8.7,2,1
8106,0.22,0.44,50.75,64,3,8.1,5,1
8107,0.08,0.16,80.52,23,5,8.75,5,1
8108,0.18,0.57,27.42,50,9,6.49,5,1
8109,0.26,0.69,17.87,87,6,6.05,9,1
8110,0.27,0.25,75.66,36,2,14.7,9,1
8111,0.18,0.43,42.15,11,14,19.11,2,0
8112,0.11,0.94,91.46,86,15,15.32,9,1
8113,0.34,0.5,64.77,47,2,9.68,1,1
8114,0.24,0.82,56.87,56,11,10.03,5,1
8115,0.15,0.93,7.98,94,4,13.12,1,0
8116,0.11,0.98,73.31,69,4,17.99,3,1
8117,0.26,0.91,68.92,37,0,8.04,6,1
8118,0.09,0.39,64.37,84,5,12.03,9,1
8119,0.07,0.97,27.52,10,14,12.48,4,0
8120,0.19,0.83,94.73,56,12,18.97,2,1
8121,0.11,0.85,32.84,86,6,13.04,5,0
8122,0.22,0.11,16.07,42,17,16.71,1,1
8123,0.05,0.96,98.73,30,18,6.32,7,1
8124,0.23,0.8,74.88,94,5,9.9,2,1
8125,0.11,0.79,42.06,22,7,14.17,8,0
8126,0.01,0.17,93.66,55,2,15.16,9,1
8127,0.05,0.31,10.02,38,16,18.28,2,0
8128,0.33,0.97,9.68,56,13,13.86,2,1
8129,0.3,0.55,68.56,71,19,9.34,9,1
8130,0.09,0.46,18.62,36,13,13.09,8,0
8131,0.27,0.86,91.8,78,1,15.67,7,1
8132,0.22,0.18,84.2,11,3,16.77,1,1
8133,0.34,0.48,31.33,7,8,19.17,9,1
8134,0.14,0.44,89.0,96,15,7.86,4,1
8135,0.24,0.41,5.25,82,0,14.91,6,1
8136,0.03,0.38,55.32,34,1,8.0,2,0
8137,0.14,0.29,93.62,63,11,9.77,5,1
8138,0.34,0.26,85.68,2,15,7.14,1,1
8139,0.19,0.68,36.25,62,14,16.59,5,0
8140,0.11,0.93,19.1,7,18,18.71,8,0
8141,0.05,0.56,21.84,43,19,5.45,5,1
8142,0.25,0.37,51.94,95,5,17.2,7,1
8143,0.23,0.24,60.08,18,19,8.63,8,1
8144,0.14,0.85,4.25,20,18,12.3,1,0
8145,0.33,0.97,41.94,7,14,16.22,8,1
8146,0.02,0.41,83.21,86,3,12.6,1,1
8147,0.11,0.36,44.99,52,15,8.47,8,0
8148,0.32,0.64,17.75,37,10,18.59,2,1
8149,0.12,0.8,95.53,98,6,13.9,4,1
8150,0.1,0.51,27.36,46,1,18.97,1,0
8151,0.19,0.67,80.04,42,6,17.7,1,1
8152,0.29,0.74,20.19,60,11,18.15,4,1
8153,0.05,0.96,42.89,80,13,10.43,4,0
8154,0.33,0.25,49.55,78,14,19.81,4,1
8155,0.28,1.0,50.56,32,19,17.79,8,1
8156,0.07,0.45,52.13,38,6,10.06,4,0
8157,0.25,0.75,23.27,39,17,18.45,5,1
8158,0.14,0.62,52.08,26,10,16.33,2,0
8159,0.15,0.54,48.69,30,9,15.88,9,0
8160,0.28,0.73,21.66,41,13,5.09,7,1
8161,0.34,0.46,98.83,9,2,5.34,1,1
8162,0.05,0.21,86.69,32,17,15.42,4,1
8163,0.15,0.54,88.87,56,11,9.18,7,1
8164,0.17,0.57,68.87,53,0,5.88,9,1
8165,0.14,0.28,16.83,7,12,9.29,4,1
8166,0.13,0.94,57.24,76,1,17.57,7,0
8167,0.03,0.3,82.32,23,14,12.06,8,1
8168,0.24,0.47,4.83,81,10,14.23,8,1
8169,0.16,0.24,50.09,52,5,17.01,3,1
8170,0.08,0.58,40.22,21,5,9.85,5,0
8171,0.29,0.38,22.0,76,11,5.17,7,1
8172,0.28,0.54,38.45,86,15,9.85,6,1
8173,0.18,0.3,98.37,23,15,19.35,8,1
8174,0.11,0.15,72.6,69,9,12.23,2,1
8175,0.23,0.8,30.65,18,16,13.55,8,1
8176,0.11,0.68,60.93,37,19,16.41,9,1
8177,0.09,0.41,25.42,7,1,6.72,3,1
8178,0.26,0.14,61.47,61,12,16.01,5,1
8179,0.02,0.88,89.72,3,16,9.47,8,1
8180,0.04,0.25,56.13,1,8,10.82,5,1
8181,0.01,0.94,73.6,60,14,9.04,2,1
8182,0.06,0.53,45.88,6,6,7.3,4,1
8183,0.03,0.41,52.89,71,12,10.42,9,0
8184,0.35,0.77,69.81,91,9,6.42,9,1
8185,0.11,0.89,81.43,58,17,17.67,8,1
8186,0.06,0.43,66.29,31,9,9.59,6,1
8187,0.09,0.47,97.77,8,17,14.8,5,1
8188,0.33,0.49,82.16,78,13,9.45,5,1
8189,0.19,0.93,77.94,15,18,8.16,1,1
8190,0.13,0.72,84.67,7,0,15.7,7,1
8191,0.31,0.32,28.84,7,3,14.36,5,1
8192,0.14,0.27,43.77,33,13,8.27,3,1
8193,0.12,0.31,56.88,41,4,14.18,5,0
8194,0.08,0.34,46.78,57,4,5.08,1,1
8195,0.14,0.31,84.9,7,19,7.65,4,1
8196,0.12,0.69,3.68,59,13,15.92,2,0
8197,0.24,0.2,21.71,20,7,11.15,4,1
8198,0.11,0.45,88.29,71,11,8.05,4,1
8199,0.21,0.66,6.85,50,16,12.59,8,1
8200,0.03,0.36,23.47,14,2,11.98,7,0
8201,0.08,0.16,35.77,15,3,14.51,1,1
8202,0.15,0.17,75.32,82,4,6.09,3,1
8203,0.33,0.21,56.46,10,0,17.29,8,1
8204,0.14,0.85,95.51,99,1,5.87,3,1
8205,0.24,0.69,23.56,91,4,11.81,6,1
8206,0.1,0.16,87.34,65,18,15.66,2,1
8207,0.05,0.45,29.01,55,4,10.17,2,0
8208,0.03,0.35,25.3,28,12,18.65,3,0
8209,0.11,0.62,50.34,98,4,16.33,3,0
8210,0.06,0.57,8.05,48,7,11.39,8,0
8211,0.07,0.53,39.05,3,8,7.76,2,1
8212,0.27,0.38,36.21,60,14,5.65,2,1
8213,0.02,0.22,16.85,3,2,17.02,8,1
8214,0.2,0.77,86.22,75,0,7.91,5,1
8215,0.14,0.89,39.2,68,19,9.05,9,0
8216,0.18,0.95,98.21,94,6,5.16,7,1
8217,0.2,0.15,90.07,39,12,5.27,7,1
8218,0.12,0.77,20.29,54,2,8.46,7,0
8219,0.11,0.75,51.01,32,9,18.09,5,0
8220,0.26,0.95,60.58,16,17,16.71,8,1
8221,0.31,0.33,82.08,17,15,16.55,8,1
8222,0.08,0.77,88.68,11,8,17.41,3,1
8223,0.04,0.15,62.78,32,14,7.8,8,1
8224,0.32,0.67,4.48,99,13,19.69,5,1
8225,0.13,0.42,48.65,27,18,8.48,3,0
8226,0.2,0.79,88.6,98,5,7.25,9,1
8227,0.13,0.88,71.69,5,6,9.42,4,1
8228,0.05,0.43,87.14,89,4,12.96,6,1
8229,0.21,0.57,67.73,92,12,6.87,3,1
8230,0.19,0.21,5.36,18,4,16.08,3,1
8231,0.08,0.48,96.83,3,13,10.57,5,1
8232,0.16,0.42,91.88,28,0,13.53,3,1
8233,0.28,0.26,13.53,66,19,16.01,1,1
8234,0.21,0.91,12.16,34,0,18.53,2,1
8235,0.04,0.23,54.37,86,8,17.29,6,1
8236,0.2,0.67,75.95,22,8,13.06,2,1
8237,0.25,0.9,38.84,30,14,19.87,8,1
8238,0.28,0.92,14.5,98,4,12.95,6,1
8239,0.22,0.81,51.55,48,6,13.04,6,1
8240,0.06,0.26,34.42,65,1,7.38,6,1
8241,0.25,0.84,35.83,93,10,7.23,5,1
8242,0.24,0.35,64.85,61,9,7.53,2,1
8243,0.02,0.93,88.68,19,18,13.88,6,1
8244,0.15,0.74,56.3,83,4,11.23,8,0
8245,0.12,0.81,69.07,52,14,10.79,7,1
8246,0.24,0.18,66.33,41,1,6.91,3,1
8247,0.08,0.62,55.56,93,10,10.72,6,0
8248,0.21,0.84,31.77,97,3,10.67,8,1
8249,0.32,0.88,38.4,81,16,14.31,7,1
8250,0.28,0.13,32.25,65,1,10.83,1,1
8251,0.32,0.95,91.83,50,9,11.28,7,1
8252,0.34,0.14,82.84,41,10,9.09,4,1
8253,0.01,0.65,58.36,33,0,6.97,3,1
8254,0.22,0.72,91.31,86,17,9.5,8,1
8255,0.15,0.2,88.75,82,4,5.64,2,1
8256,0.3,0.14,92.84,17,4,8.06,7,1
8257,0.1,0.81,22.96,96,3,9.87,6,0
8258,0.34,0.45,72.03,84,8,7.18,8,1
8259,0.22,0.2,61.31,55,18,14.97,4,1
8260,0.28,0.79,73.65,87,2,9.21,2,1
8261,0.04,0.86,27.07,92,14,14.23,9,0
8262,0.07,0.63,69.79,46,13,14.66,3,1
8263,0.27,0.25,41.57,90,0,11.71,3,1
8264,0.02,0.11,83.58,59,9,11.74,5,1
8265,0.29,0.73,79.74,71,12,13.72,9,1
8266,0.01,0.6,21.92,57,11,8.94,1,0
8267,0.23,0.69,19.2,20,0,5.32,4,1
8268,0.13,0.83,72.06,41,1,14.68,4,1
8269,0.22,0.49,55.5,75,10,14.13,2,1
8270,0.25,0.21,56.16,71,11,12.15,8,1
8271,0.13,0.95,75.5,38,0,18.14,1,1
8272,0.05,0.59,85.64,27,9,12.63,6,1
8273,0.03,0.65,24.66,9,2,9.55,7,0
8274,0.21,0.94,56.0,68,8,15.7,3,1
8275,0.19,0.94,83.07,38,16,19.44,5,1
8276,0.26,0.61,87.41,93,18,16.05,2,1
8277,0.18,0.37,29.45,90,17,18.63,6,0
8278,0.15,1.0,11.31,25,4,6.69,3,1
8279,0.15,0.71,24.05,14,6,6.81,1,1
8280,0.02,0.47,94.6,37,14,7.32,3,1
8281,0.12,0.6,46.79,50,5,15.54,9,0
8282,0.34,0.47,42.44,92,4,10.85,7,1
8283,0.31,0.9,2.3,72,18,12.17,4,1
8284,0.12,0.53,6.05,42,12,8.93,7,0
8285,0.21,0.84,67.2,75,6,16.04,6,1
8286,0.3,0.86,59.39,54,1,17.68,2,1
8287,0.16,0.84,57.98,35,5,7.4,2,1
8288,0.02,0.75,11.92,31,14,7.89,3,1
8289,0.04,0.87,35.85,98,4,10.09,6,0
8290,0.18,0.45,81.42,46,4,9.2,4,1
8291,0.34,0.2,18.32,17,3,12.97,8,1
8292,0.25,0.86,88.39,85,12,16.29,7,1
8293,0.03,0.55,13.03,90,17,16.9,6,0
8294,0.07,0.21,17.75,92,0,8.13,8,1
8295,0.27,0.2,48.3,53,2,7.63,5,1
8296,0.3,0.24,94.58,22,6,10.46,9,1
8297,0.22,0.78,33.63,58,0,7.22,1,1
8298,0.23,0.74,66.16,41,13,6.38,4,1
8299,0.02,0.28,59.28,3,14,8.64,2,1
8300,0.29,0.86,15.81,92,15,10.91,6,1
8301,0.28,0.35,25.57,63,4,13.82,9,1
8302,0.1,0.81,93.09,66,2,15.85,8,1
8303,0.25,0.54,19.3,46,16,8.34,9,1
8304,0.08,0.76,69.81,84,4,17.28,6,1
8305,0.02,0.44,96.5,8,0,5.51,9,1
8306,0.08,0.41,12.83,39,12,11.66,6,0
8307,0.07,0.86,40.52,25,17,14.5,5,0
8308,0.12,0.13,23.17,79,0,9.37,3,1
8309,0.15,0.98,22.93,94,18,15.26,3,0
8310,0.18,0.68,12.78,47,5,18.01,9,0
8311,0.17,0.49,65.31,34,8,6.34,9,1
8312,0.1,0.67,74.89,68,13,12.69,3,1
8313,0.02,0.21,68.0,57,10,5.28,3,1
8314,0.22,0.56,92.54,86,3,9.19,5,1
8315,0.14,0.99,15.42,25,6,7.05,1,1
8316,0.11,0.31,32.66,73,17,14.36,1,0
8317,0.3,0.75,35.11,87,17,8.73,2,1
8318,0.26,0.49,23.98,62,5,9.24,6,1
8319,0.3,0.69,15.08,39,4,8.08,2,1
8320,0.18,0.28,49.18,76,5,8.66,2,1
8321,0.05,0.52,83.61,78,1,8.38,6,1
8322,0.25,0.98,95.5,7,1,15.47,9,1
8323,0.08,0.28,13.8,95,0,19.34,4,1
8324,0.16,0.67,82.49,6,17,12.35,3,1
8325,0.03,0.62,82.63,87,9,14.01,2,1
8326,0.29,0.61,39.51,54,6,17.27,2,1
8327,0.05,0.65,11.89,83,1,12.14,2,0
8328,0.32,0.55,99.01,85,18,9.53,7,1
8329,0.3,0.12,65.9,19,9,19.26,6,1
8330,0.17,0.91,98.24,47,11,18.59,7,1
8331,0.26,0.84,48.88,19,11,8.31,3,1
8332,0.22,0.26,40.12,34,14,15.55,2,1
8333,0.28,0.47,25.47,43,17,14.71,5,1
8334,0.16,0.79,98.37,13,0,14.74,7,1
8335,0.28,0.98,26.07,36,5,17.46,2,1
8336,0.17,0.96,3.35,25,8,15.11,6,0
8337,0.33,0.91,51.73,97,5,12.77,9,1
8338,0.18,0.24,38.33,56,5,17.69,8,1
8339,0.17,0.92,26.88,21,5,8.97,5,0
8340,0.28,0.89,63.83,34,15,15.19,5,1
8341,0.29,0.44,37.06,25,14,15.52,4,1
8342,0.2,0.46,40.82,82,7,18.05,5,0
8343,0.07,0.51,3.28,11,1,19.97,5,0
8344,0.17,0.69,59.32,19,10,13.36,7,0
8345,0.34,0.33,13.09,49,8,12.27,2,1
8346,0.27,0.12,22.17,49,15,14.01,5,1
8347,0.29,0.23,71.99,34,1,14.88,2,1
8348,0.02,0.5,32.01,2,10,15.69,5,0
8349,0.17,0.35,17.16,30,16,9.22,8,0
8350,0.23,0.79,58.16,38,5,12.31,5,1
8351,0.29,0.2,22.28,15,5,10.56,3,1
8352,0.03,0.93,27.83,75,8,5.58,5,1
8353,0.3,0.91,62.51,88,0,14.14,1,1
8354,0.2,0.92,74.25,60,11,18.12,2,1
8355,0.08,0.77,74.23,4,10,18.82,1,1
8356,0.12,0.2,48.74,83,16,12.76,1,1
8357,0.11,0.49,45.98,93,6,16.49,1,0
8358,0.19,0.22,78.98,14,3,15.69,6,1
8359,0.03,0.99,20.11,81,8,8.43,7,0
8360,0.06,0.4,16.07,8,18,5.94,5,1
8361,0.29,0.63,66.8,77,14,16.22,4,1
8362,0.06,0.8,41.54,87,5,9.24,4,0
8363,0.09,0.93,71.29,93,3,13.24,7,1
8364,0.16,0.78,26.4,11,4,12.86,4,0
8365,0.19,0.71,33.16,80,12,17.27,5,0
8366,0.27,0.52,89.77,50,4,14.67,6,1
8367,0.16,0.64,42.74,87,1,17.71,5,0
8368,0.28,0.18,59.5,76,10,16.28,7,1
8369,0.22,0.9,11.56,38,17,20.0,6,1
8370,0.05,0.59,18.7,24,14,17.96,6,0
8371,0.06,0.14,4.55,95,16,8.17,6,1
8372,0.16,0.93,43.01,38,16,19.42,3,0
8373,0.14,0.54,98.9,62,19,10.1,6,1
8374,0.26,0.88,87.51,56,18,14.12,9,1
8375,0.21,0.87,63.66,65,19,19.12,2,1
8376,0.14,0.83,86.25,90,15,8.21,3,1
8377,0.07,0.16,59.82,17,10,17.86,3,1
8378,0.09,0.32,37.51,17,16,19.3,3,0
8379,0.21,0.89,18.18,27,7,17.81,6,1
8380,0.15,0.91,65.65,89,7,17.29,2,1
8381,0.19,0.51,20.11,94,11,8.97,9,0
8382,0.07,0.5,42.33,25,14,11.11,5,0
8383,0.24,0.26,82.75,96,3,16.41,3,1
8384,0.3,0.97,13.79,76,7,6.77,8,1
8385,0.1,0.29,13.77,49,14,18.33,7,1
8386,0.18,0.27,23.22,58,4,8.15,5,1
8387,0.34,0.69,55.64,85,9,13.47,6,1
8388,0.12,0.32,25.92,98,19,6.58,1,1
8389,0.21,0.94,50.82,1,18,7.78,6,1
8390,0.04,0.11,30.9,13,14,13.78,8,1
8391,0.22,0.11,51.12,53,5,14.52,6,1
8392,0.04,0.55,28.49,21,8,9.05,4,0
8393,0.34,0.54,98.02,1,5,6.79,1,1
8394,0.25,0.25,49.78,77,8,13.24,9,1
8395,0.28,0.55,74.62,31,7,17.61,5,1
8396,0.25,0.47,70.35,61,15,8.02,1,1
8397,0.21,0.9,49.57,87,9,15.37,3,1
8398,0.16,0.11,24.65,3,8,10.79,8,1
8399,0.3,0.98,51.56,75,7,19.15,9,1
8400,0.34,0.66,68.42,29,13,6.24,6,1
8401,0.18,0.24,46.53,48,6,5.6,2,1
8402,0.33,0.14,9.11,82,10,6.86,6,1
8403,0.21,0.58,2.78,62,19,16.74,5,1
8404,0.19,0.31,33.46,25,15,18.84,7,0
8405,0.16,0.37,15.87,34,16,17.34,9,0
8406,0.08,0.32,90.71,18,7,15.77,6,1
8407,0.01,0.69,18.41,65,11,5.86,5,1
8408,0.09,0.6,40.03,28,16,8.21,3,0
8409,0.18,0.17,71.5,4,14,19.03,3,1
8410,0.14,0.57,81.73,21,6,14.34,5,1
8411,0.16,0.81,48.29,70,18,12.02,4,0
8412,0.34,0.17,18.93,21,16,14.78,2,1
8413,0.13,0.9,27.82,94,12,7.68,2,1
8414,0.16,0.62,42.48,20,7,18.39,3,0
8415,0.06,0.96,37.09,41,13,14.84,8,0
8416,0.03,0.23,35.52,96,7,12.07,5,1
8417,0.27,0.99,14.05,53,13,11.86,5,1
8418,0.2,0.68,91.42,62,4,17.34,5,1
8419,0.27,0.61,3.95,31,11,9.62,2,1
8420,0.06,0.56,44.56,25,19,7.06,6,1
8421,0.2,0.12,98.05,69,10,7.79,1,1
8422,0.1,0.95,66.31,72,3,6.22,4,1
8423,0.09,0.68,36.19,17,19,12.62,8,0
8424,0.01,0.18,15.46,79,1,15.16,9,1
8425,0.05,0.12,96.42,20,9,19.01,6,1
8426,0.12,0.15,2.38,45,9,16.26,6,1
8427,0.05,0.65,68.46,93,6,13.75,4,1
8428,0.35,0.65,88.13,50,11,17.96,7,1
8429,0.11,0.55,3.49,51,15,18.38,5,0
8430,0.05,0.38,72.79,92,9,15.69,1,1
8431,0.08,0.58,99.88,72,7,5.84,9,1
8432,0.21,0.56,64.32,78,7,9.38,8,1
8433,0.03,0.12,42.05,33,4,10.04,1,1
8434,0.3,0.35,87.57,98,3,19.96,1,1
8435,0.34,0.15,55.86,29,11,11.96,9,1
8436,0.09,0.91,75.19,22,10,16.43,2,1
8437,0.16,0.75,59.19,67,14,17.21,4,0
8438,0.02,1.0,4.79,87,12,14.8,1,0
8439,0.23,0.37,22.1,3,0,5.27,3,1
8440,0.15,0.89,8.8,6,4,5.29,6,1
8441,0.1,0.64,11.56,40,5,17.28,3,0
8442,0.08,0.51,2.53,87,12,16.09,4,0
8443,0.23,0.3,42.7,76,9,13.04,9,1
8444,0.15,0.76,18.69,69,11,8.73,3,0
8445,0.07,0.91,85.71,5,2,6.3,5,1
8446,0.24,0.31,75.25,3,10,7.46,8,1
8447,0.2,0.26,57.74,4,14,13.7,5,1
8448,0.3,0.73,49.41,63,16,13.19,7,1
8449,0.05,0.98,26.33,88,4,19.12,6,0
8450,0.28,0.77,48.02,5,4,19.36,8,1
8451,0.24,0.36,64.48,61,10,13.64,6,1
8452,0.05,0.48,78.44,95,7,17.62,7,1
8453,0.25,0.45,9.09,57,10,17.18,8,1
8454,0.16,0.87,71.14,99,19,16.29,5,1
8455,0.33,0.79,74.53,42,14,11.56,8,1
8456,0.06,0.63,56.34,83,8,10.84,2,0
8457,0.23,0.35,22.22,56,17,8.96,6,1
8458,0.14,0.94,54.38,72,5,19.06,6,0
8459,0.34,0.69,50.77,28,5,17.52,7,1
8460,0.12,0.97,48.1,55,10,7.66,7,1
8461,0.34,0.62,46.6,38,19,8.79,4,1
8462,0.32,0.84,11.97,23,2,13.72,9,1
8463,0.1,0.83,19.11,7,10,11.2,3,0
8464,0.28,0.4,10.64,38,2,8.21,9,1
8465,0.35,0.97,25.01,77,17,16.87,9,1
8466,0.1,0.12,27.08,57,2,5.02,3,1
8467,0.16,0.79,25.26,85,19,10.15,3,0
8468,0.19,0.97,21.88,37,9,18.94,1,0
8469,0.11,0.41,73.81,6,3,16.41,7,1
8470,0.02,0.68,82.04,10,3,11.02,8,1
8471,0.08,0.61,33.38,27,0,18.93,7,0
8472,0.11,0.79,31.21,90,16,18.51,7,0
8473,0.16,0.88,84.56,57,5,5.79,5,1
8474,0.07,0.64,62.77,92,3,6.92,7,1
8475,0.31,0.83,30.05,16,8,10.81,4,1
8476,0.25,0.38,71.65,59,9,18.94,1,1
8477,0.04,0.31,35.11,28,4,17.66,4,0
8478,0.23,0.49,59.07,3,7,5.72,4,1
8479,0.23,0.71,99.27,57,17,12.68,4,1
8480,0.34,0.27,30.86,65,7,15.8,6,1
8481,0.01,0.71,93.12,67,17,9.14,1,1
8482,0.09,0.45,32.74,30,6,15.84,4,0
8483,0.33,0.82,54.49,19,7,10.55,1,1
8484,0.33,0.13,46.54,97,6,9.11,1,1
8485,0.25,0.7,78.53,8,18,10.89,5,1
8486,0.27,0.68,7.05,62,10,19.26,9,1
8487,0.04,0.95,63.09,19,10,18.58,9,1
8488,0.18,0.74,76.31,36,2,18.71,1,1
8489,0.09,0.82,47.74,69,19,18.76,6,0
8490,0.07,0.91,11.42,60,12,7.67,9,1
8491,0.29,0.71,25.24,34,9,18.44,1,1
8492,0.06,0.36,68.29,55,5,8.18,2,1
8493,0.17,0.88,89.65,27,2,17.57,3,1
8494,0.33,0.77,42.74,39,9,13.13,5,1
8495,0.07,0.48,56.48,42,1,8.6,8,0
8496,0.34,0.74,23.61,42,0,10.98,3,1
8497,0.35,0.88,41.81,88,11,11.5,7,1
8498,0.2,0.98,34.34,48,3,16.0,1,0
8499,0.07,0.96,65.9,31,19,14.09,5,1
8500,0.12,0.39,98.49,22,10,17.25,2,1
8501,0.15,0.48,81.52,87,0,10.95,5,1
8502,0.12,0.2,20.02,41,15,16.15,5,1
8503,0.11,0.32,58.19,24,5,16.89,6,0
8504,0.34,0.89,7.57,40,14,5.95,5,1
8505,0.06,0.42,25.44,32,9,10.63,1,0
8506,0.26,0.66,18.05,51,7,18.29,2,1
8507,0.01,0.7,34.22,33,16,15.57,7,0
8508,0.21,0.8,68.2,28,12,11.28,3,1
8509,0.32,0.26,50.44,81,8,7.74,8,1
8510,0.11,0.37,93.36,90,5,6.45,2,1
8511,0.07,0.5,22.06,82,16,8.44,3,0
8512,0.23,0.43,37.06,79,1,8.67,7,1
8513,0.25,0.98,33.66,63,17,10.56,1,1
8514,0.24,0.85,24.36,22,15,7.65,5,1
8515,0.12,0.53,99.32,18,5,7.19,7,1
8516,0.1,0.89,39.34,85,2,17.66,1,0
8517,0.34,0.41,94.11,83,2,8.74,1,1
8518,0.32,0.81,39.66,2,13,13.42,4,1
8519,0.17,0.3,21.21,94,9,7.99,7,1
8520,0.3,0.8,12.8,89,9,12.38,1,1
8521,0.16,0.51,85.7,26,1,9.15,6,1
8522,0.15,0.2,4.18,39,6,6.3,4,1
8523,0.06,0.35,96.48,17,13,19.73,5,1
8524,0.15,0.46,42.4,16,16,11.87,2,0
8525,0.19,0.77,25.49,27,16,10.9,2,0
8526,0.02,0.17,62.13,49,9,7.99,9,1
8527,0.16,0.69,14.16,3,2,12.43,6,0
8528,0.28,0.74,8.14,42,16,14.53,3,1
8529,0.24,0.69,82.95,63,12,9.57,2,1
8530,0.23,0.78,43.04,29,15,12.21,9,1
8531,0.32,0.26,52.31,2,2,8.56,7,1
8532,0.02,0.63,18.49,14,14,12.92,9,0
8533,0.2,0.95,7.08,12,6,16.81,8,0
8534,0.28,0.65,37.41,24,12,5.9,8,1
8535,0.19,0.65,51.11,28,6,12.77,5,0
8536,0.12,0.76,76.78,18,10,10.99,7,1
8537,0.06,0.4,50.6,89,13,6.11,5,1
8538,0.31,0.73,78.47,6,10,19.11,7,1
8539,0.17,0.92,12.43,30,18,8.9,6,0
8540,0.31,0.11,7.33,95,6,13.47,4,1
8541,0.21,0.88,16.73,34,1,10.59,7,1
8542,0.24,0.3,77.43,83,2,9.07,6,1
8543,0.28,0.51,76.17,58,1,12.91,7,1
8544,0.23,0.87,15.0,28,4,15.34,1,1
8545,0.15,0.84,4.07,72,17,16.78,9,0
8546,0.18,0.9,68.84,75,15,14.51,8,1
8547,0.28,0.95,85.67,53,2,12.89,3,1
8548,0.14,0.5,75.66,16,14,16.66,1,1
8549,0.14,0.69,21.08,26,19,12.76,2,0
8550,0.04,0.45,58.79,65,19,19.61,6,0
8551,0.32,0.42,75.98,57,12,12.9,7,1
8552,0.04,0.49,26.33,31,5,9.76,2,0
8553,0.23,0.77,53.24,27,15,11.7,8,1
8554,0.15,0.55,32.13,49,10,12.35,6,0
8555,0.15,0.83,23.33,9,13,9.25,5,0
8556,0.24,0.77,96.99,26,14,7.38,5,1
8557,0.03,0.12,91.35,6,4,11.47,6,1
8558,0.21,0.67,45.12,7,5,18.46,1,1
8559,0.27,0.49,14.54,13,14,8.83,3,1
8560,0.29,0.51,73.06,49,18,10.43,7,1
8561,0.07,0.84,26.31,10,10,16.37,6,0
8562,0.32,0.59,17.68,43,19,6.23,7,1
8563,0.23,0.9,38.77,49,5,17.38,2,1
8564,0.31,0.74,53.46,95,10,15.8,6,1
8565,0.17,0.6,10.65,18,7,13.25,5,0
8566,0.19,0.78,57.6,11,11,8.14,3,0
8567,0.32,0.13,2.52,10,16,6.39,2,1
8568,0.32,0.12,89.3,28,0,8.48,5,1
8569,0.16,0.18,92.15,85,9,16.42,7,1
8570,0.1,0.49,73.57,53,13,19.0,6,1
8571,0.14,0.31,47.19,54,6,16.07,3,0
8572,0.14,0.99,26.23,25,17,12.91,6,0
8573,0.11,0.59,74.67,6,8,19.26,9,1
8574,0.1,0.7,93.25,11,15,17.43,3,1
8575,0.3,0.35,16.69,33,9,14.84,2,1
8576,0.03,0.39,47.12,69,11,5.57,9,1
8577,0.24,0.4,32.21,98,8,9.32,5,1
8578,0.07,0.73,36.32,96,13,9.62,1,0
8579,0.13,0.53,41.17,46,1,10.21,1,0
8580,0.03,0.57,95.23,88,9,10.84,9,1
8581,0.1,0.63,26.61,77,9,19.09,8,0
8582,0.27,0.79,49.77,55,1,16.13,2,1
8583,0.31,0.18,95.2,70,5,15.38,1,1
8584,0.09,0.8,48.13,98,10,11.4,9,0
8585,0.17,0.61,86.5,51,8,10.06,4,1
8586,0.17,0.7,6.82,25,2,6.79,6,1
8587,0.31,0.39,95.35,23,18,11.8,4,1
8588,0.27,0.47,19.57,50,10,8.08,4,1
8589,0.18,0.31,98.01,46,3,10.87,8,1
8590,0.24,0.98,18.38,77,14,7.35,9,1
8591,0.3,0.55,44.99,92,11,10.16,5,1
8592,0.01,1.0,31.55,44,3,5.64,3,1
8593,0.15,0.54,43.89,13,14,5.09,7,1
8594,0.32,0.3,25.8,71,16,18.05,2,1
8595,0.26,0.56,96.57,48,17,14.62,2,1
8596,0.19,0.14,31.27,17,4,13.81,9,1
8597,0.19,0.91,65.67,73,9,12.71,6,1
8598,0.13,0.84,14.61,14,19,15.9,9,0
8599,0.19,0.75,82.61,30,8,16.04,5,1
8600,0.23,0.65,54.71,30,17,19.03,1,1
8601,0.15,0.62,97.97,33,11,8.67,2,1
8602,0.25,1.0,42.92,54,7,16.78,3,1
8603,0.3,0.35,20.35,57,10,19.87,8,1
8604,0.06,0.8,35.26,89,3,5.44,3,1
8605,0.16,0.62,73.96,31,8,10.61,3,1
8606,0.15,0.98,66.25,23,3,11.54,7,1
8607,0.24,0.85,78.06,52,17,17.33,9,1
8608,0.09,1.0,8.27,91,13,5.21,4,1
8609,0.23,0.63,58.46,97,13,13.98,4,1
8610,0.31,0.28,93.28,54,0,18.39,9,1
8611,0.15,0.55,11.68,47,8,7.21,5,1
8612,0.32,0.74,10.34,49,5,6.73,6,1
8613,0.35,0.8,71.94,84,17,20.0,7,1
8614,0.05,0.1,32.2,56,10,17.39,6,1
8615,0.09,0.55,66.2,92,6,15.46,2,1
8616,0.33,0.31,54.99,8,7,10.98,9,1
8617,0.34,0.89,98.62,22,2,17.81,2,1
8618,0.04,0.24,89.02,62,10,18.84,9,1
8619,0.02,0.7,68.13,54,10,15.99,6,1
8620,0.06,0.34,26.91,35,1,10.97,5,0
8621,0.35,0.42,26.93,95,14,13.75,8,1
8622,0.07,0.95,88.34,88,14,6.48,2,1
8623,0.18,0.32,58.95,15,4,7.37,1,1
8624,0.3,0.19,79.14,95,19,16.75,7,1
8625,0.02,0.16,45.54,5,7,5.44,6,1
8626,0.22,0.55,11.2,86,15,5.74,4,1
8627,0.1,0.68,33.94,17,11,12.62,4,0
8628,0.3,0.39,16.95,92,13,7.56,6,1
8629,0.11,0.72,78.4,3,12,9.41,7,1
8630,0.24,0.15,70.35,19,8,10.98,2,1
8631,0.24,0.87,9.75,91,6,12.83,7,1
8632,0.09,0.83,62.52,81,16,9.25,7,1
8633,0.02,0.99,87.54,96,1,12.25,6,1
8634,0.15,0.94,70.04,37,7,10.56,3,1
8635,0.11,0.42,51.6,21,12,6.22,8,1
8636,0.29,0.46,31.87,51,7,18.01,1,1
8637,0.28,0.77,88.82,54,17,9.22,8,1
8638,0.17,0.22,42.86,11,12,14.14,7,1
8639,0.22,0.38,85.68,65,7,13.55,2,1
8640,0.22,0.21,78.52,30,15,7.99,1,1
8641,0.29,0.51,81.81,90,19,5.45,8,1
8642,0.15,0.6,98.99,43,2,17.85,4,1
8643,0.1,0.29,75.13,36,14,12.47,9,1
8644,0.1,0.12,4.37,90,9,11.22,4,1
8645,0.19,0.75,21.34,57,17,16.44,8,0
8646,0.16,0.12,4.48,91,18,5.5,8,1
8647,0.16,0.98,19.8,26,1,16.48,1,0
8648,0.04,0.3,7.08,82,9,11.13,5,0
8649,0.25,0.7,50.66,97,15,13.27,4,1
8650,0.08,0.49,3.79,98,7,16.29,4,0
8651,0.08,0.15,47.79,60,6,13.2,9,1
8652,0.15,0.52,89.99,90,3,5.93,3,1
8653,0.09,0.57,75.11,22,8,15.93,8,1
8654,0.21,0.87,94.45,24,1,16.8,9,1
8655,0.14,0.76,23.44,12,15,11.93,8,0
8656,0.16,0.17,53.58,75,6,11.59,4,1
8657,0.19,0.29,32.54,60,14,8.78,2,1
8658,0.08,0.38,49.89,21,4,14.66,7,0
8659,0.06,0.2,56.15,80,0,18.23,3,1
8660,0.31,0.51,4.58,36,19,14.84,6,1
8661,0.16,0.99,24.09,7,4,16.57,3,0
8662,0.15,0.56,70.77,61,12,17.56,4,1
8663,0.02,0.77,77.52,53,19,8.39,2,1
8664,0.18,0.71,57.38,28,12,11.03,5,0
8665,0.2,0.86,27.81,24,17,11.54,7,0
8666,0.2,0.29,41.1,53,1,13.38,2,1
8667,0.25,0.78,10.51,13,17,5.74,5,1
8668,0.07,0.89,95.36,78,9,13.83,6,1
8669,0.1,0.25,87.0,95,2,6.33,6,1
8670,0.29,0.41,7.49,72,9,17.1,2,1
8671,0.33,0.97,17.48,1,8,19.45,2,1
8672,0.06,0.8,58.53,81,2,9.35,2,0
8673,0.18,0.35,24.01,41,5,12.6,3,0
8674,0.08,0.61,93.51,59,10,17.35,2,1
8675,0.03,0.46,75.8,13,5,9.72,9,1
8676,0.12,0.54,28.06,54,4,7.37,5,1
8677,0.06,0.42,1.6,47,13,16.09,9,0
8678,0.25,0.35,80.15,27,1,15.48,8,1
8679,0.19,0.71,42.98,77,0,13.55,5,0
8680,0.06,0.8,64.6,40,4,19.17,7,1
8681,0.01,0.89,29.41,91,7,19.33,2,0
8682,0.28,0.24,15.14,32,9,17.92,7,1
8683,0.07,0.84,67.86,58,18,9.4,5,1
8684,0.22,0.33,45.58,76,2,8.38,6,1
8685,0.12,0.48,24.28,43,17,17.54,9,0
8686,0.21,0.91,14.63,52,6,14.77,8,1
8687,0.12,0.51,58.47,77,12,10.94,2,0
8688,0.04,0.28,72.83,80,13,11.15,6,1
8689,0.09,0.24,29.1,34,17,17.8,1,1
8690,0.07,0.53,73.78,6,11,7.45,8,1
8691,0.16,0.79,19.13,48,7,19.16,1,0
8692,0.23,1.0,34.5,18,17,14.5,2,1
8693,0.1,0.81,74.74,81,5,16.87,4,1
8694,0.01,0.89,66.35,39,11,10.56,2,1
8695,0.19,0.77,27.78,78,2,13.8,5,0
8696,0.22,0.91,13.09,7,2,16.25,7,1
8697,0.34,0.17,5.2,6,15,11.53,7,1
8698,0.21,0.94,83.95,76,16,12.32,5,1
8699,0.17,0.46,8.44,98,15,13.73,3,0
8700,0.2,0.93,12.37,53,12,5.95,5,1
8701,0.33,0.17,24.53,1,12,17.95,4,1
8702,0.29,0.74,45.12,29,11,18.0,6,1
8703,0.12,0.76,79.19,92,1,9.22,1,1
8704,0.09,1.0,25.5,69,13,18.2,1,0
8705,0.1,0.79,54.81,85,9,16.18,8,0
8706,0.18,0.44,9.95,98,18,12.25,6,0
8707,0.26,0.6,46.99,85,4,10.22,9,1
8708,0.18,0.43,18.59,88,15,10.99,1,0
8709,0.03,0.28,21.91,49,4,13.02,7,1
8710,0.26,0.32,37.32,59,1,11.19,1,1
8711,0.28,0.3,76.37,13,5,11.3,7,1
8712,0.11,0.59,74.65,45,11,8.05,7,1
8713,0.24,0.92,42.08,46,12,15.62,8,1
8714,0.16,0.92,12.75,23,12,14.14,5,0
8715,0.31,0.15,28.79,32,13,19.88,8,1
8716,0.3,0.17,51.03,72,18,7.12,5,1
8717,0.19,0.32,87.07,75,14,6.71,9,1
8718,0.25,0.33,96.86,13,2,12.74,8,1
8719,0.31,0.19,64.11,53,8,7.28,7,1
8720,0.18,0.45,35.72,20,9,14.16,7,0
8721,0.12,0.63,69.65,1,6,7.94,3,1
8722,0.27,0.62,34.29,57,13,12.24,6,1
8723,0.08,0.59,62.92,66,16,14.17,6,1
8724,0.14,0.4,25.13,11,13,11.87,5,0
8725,0.3,0.74,27.43,46,9,9.8,2,1
8726,0.26,0.84,8.45,30,4,16.73,7,1
8727,0.15,0.41,42.59,69,17,17.82,5,0
8728,0.08,0.18,62.2,7,16,9.17,2,1
8729,0.13,0.37,79.09,24,17,17.2,4,1
8730,0.11,0.22,81.22,95,3,10.87,1,1
8731,0.07,0.52,99.25,48,19,12.31,8,1
8732,0.26,0.24,9.69,94,0,8.48,5,1
8733,0.1,0.52,49.82,43,12,14.39,8,0
8734,0.16,0.3,52.62,79,9,6.51,1,1
8735,0.14,0.76,80.65,36,14,13.87,8,1
8736,0.34,0.12,27.37,74,4,19.85,5,1
8737,0.14,0.6,7.87,1,17,16.3,7,0
8738,0.04,0.25,32.06,7,3,18.43,3,1
8739,0.04,0.1,98.41,44,0,11.96,3,1
8740,0.21,0.88,90.04,61,9,7.13,9,1
8741,0.21,0.7,40.13,26,16,9.33,7,1
8742,0.15,0.19,87.75,30,2,5.74,6,1
8743,0.16,0.7,4.24,1,3,12.53,4,0
8744,0.03,0.65,32.11,63,11,14.75,5,0
8745,0.19,0.53,72.95,15,10,11.37,8,1
8746,0.18,0.48,22.92,63,2,13.45,1,0
8747,0.06,0.9,20.64,55,10,9.81,2,0
8748,0.05,0.32,86.32,57,2,6.29,3,1
8749,0.05,0.46,61.98,20,3,11.48,5,1
8750,0.04,0.4,98.91,22,2,13.22,8,1
8751,0.22,0.79,14.33,89,11,19.74,5,1
8752,0.08,0.92,36.26,50,11,10.21,5,0
8753,0.1,0.86,31.81,36,16,15.17,6,0
8754,0.07,0.82,88.13,37,7,17.34,9,1
8755,0.34,0.99,26.27,46,9,10.03,9,1
8756,0.3,0.73,35.99,27,15,18.95,9,1
8757,0.09,0.78,15.14,19,18,10.08,5,0
8758,0.12,0.98,77.76,83,14,19.55,6,1
8759,0.08,0.11,24.53,16,10,5.03,7,1
8760,0.18,0.67,7.76,54,6,14.51,3,0
8761,0.02,0.77,44.08,85,6,16.85,1,0
8762,0.24,0.93,39.75,97,17,9.2,2,1
8763,0.19,0.9,18.58,95,18,6.76,4,1
8764,0.32,0.86,14.23,34,15,5.37,9,1
8765,0.07,0.95,89.76,79,2,6.12,1,1
8766,0.28,0.58,7.72,51,5,13.15,6,1
8767,0.28,0.11,10.83,36,0,17.59,4,1
8768,0.05,0.11,25.26,53,0,5.95,6,1
8769,0.15,0.59,95.33,90,14,6.7,2,1
8770,0.07,0.49,9.45,94,19,5.08,2,1
8771,0.1,0.51,81.79,62,10,9.23,7,1
8772,0.1,0.46,89.31,31,9,18.82,5,1
8773,0.2,0.93,38.41,89,2,9.14,6,0
8774,0.15,0.42,30.1,4,3,11.61,4,0
8775,0.33,0.87,68.06,12,11,7.68,1,1
8776,0.05,0.91,70.56,53,5,6.74,8,1
8777,0.34,0.55,78.22,61,19,7.74,1,1
8778,0.09,0.5,83.23,19,18,8.16,8,1
8779,0.27,0.78,27.57,56,15,6.95,1,1
8780,0.13,0.74,69.01,9,9,16.87,4,1
8781,0.06,0.4,14.36,25,5,12.16,6,0
8782,0.3,0.19,51.56,54,19,13.1,1,1
8783,0.12,0.34,61.68,47,4,10.62,9,1
8784,0.23,0.22,17.01,41,9,8.16,7,1
8785,0.2,0.37,8.57,51,11,6.41,1,1
8786,0.17,0.34,20.28,50,17,6.14,2,1
8787,0.18,0.67,42.64,7,2,7.78,5,1
8788,0.26,0.96,88.9,27,4,17.75,3,1
8789,0.04,0.72,53.66,48,2,8.25,1,0
8790,0.24,0.93,75.1,55,2,10.32,5,1
8791,0.31,0.81,18.24,63,8,13.59,8,1
8792,0.03,0.76,11.49,6,3,12.67,1,0
8793,0.06,0.47,24.72,35,19,14.99,6,0
8794,0.25,0.39,32.07,32,16,7.91,1,1
8795,0.16,0.86,55.26,78,6,12.86,8,0
8796,0.15,0.91,88.24,6,12,16.52,5,1
8797,0.06,0.51,43.18,63,11,10.81,3,0
8798,0.18,0.11,52.36,18,17,19.58,8,1
8799,0.05,0.81,1.46,31,14,13.67,8,0
8800,0.17,0.36,4.3,52,4,15.12,3,0
8801,0.27,0.11,9.29,16,0,11.89,7,1
8802,0.1,0.82,70.2,56,8,17.87,1,1
8803,0.17,0.57,49.13,67,8,11.77,3,0
8804,0.35,0.72,20.1,95,12,19.13,7,1
8805,0.24,0.92,59.67,62,10,9.61,3,1
8806,0.3,0.59,54.92,81,8,17.99,7,1
8807,0.15,0.55,9.79,52,4,14.59,3,0
8808,0.27,0.36,64.4,5,13,16.99,3,1
8809,0.02,0.37,76.95,53,15,5.57,2,1
8810,0.05,0.82,29.37,80,1,9.16,5,0
8811,0.08,0.5,69.06,17,14,17.71,1,1
8812,0.15,0.25,20.77,31,16,9.78,4,1
8813,0.3,0.19,75.92,16,4,15.69,4,1
8814,0.13,0.53,91.27,57,9,19.88,3,1
8815,0.23,0.52,44.74,21,14,7.66,5,1
8816,0.25,0.69,25.22,41,19,11.26,4,1
8817,0.21,0.52,40.52,39,3,7.48,8,1
8818,0.13,0.23,25.76,37,3,7.31,8,1
8819,0.21,0.56,1.12,41,6,14.5,1,1
8820,0.13,0.92,65.4,53,0,7.87,8,1
8821,0.04,0.24,5.21,74,19,12.24,9,1
8822,0.35,0.72,21.83,32,1,19.67,4,1
8823,0.05,0.63,72.52,25,18,10.0,8,1
8824,0.03,0.77,66.91,53,3,18.1,9,1
8825,0.31,0.24,8.26,64,0,10.95,2,1
8826,0.11,0.95,66.35,33,0,8.94,9,1
8827,0.23,0.66,93.13,38,2,10.04,6,1
8828,0.12,0.86,8.38,92,17,6.92,9,1
8829,0.14,0.32,42.15,79,2,15.18,8,0
8830,0.1,0.77,73.21,8,2,12.64,4,1
8831,0.13,0.8,67.1,1,12,14.21,7,1
8832,0.15,0.46,23.42,74,0,9.55,3,0
8833,0.25,0.45,17.14,59,12,14.8,1,1
8834,0.18,0.69,78.64,35,4,7.47,4,1
8835,0.33,0.18,95.67,97,16,14.79,4,1
8836,0.02,0.76,76.99,16,10,6.22,5,1
8837,0.18,0.14,96.36,14,9,11.0,4,1
8838,0.21,0.27,60.89,5,14,14.15,9,1
8839,0.32,0.7,92.98,80,12,17.83,5,1
8840,0.03,0.19,69.35,21,9,17.19,5,1
8841,0.2,0.97,90.98,58,8,12.9,8,1
8842,0.3,0.88,17.0,57,6,18.25,7,1
8843,0.09,0.66,81.74,11,9,12.59,2,1
8844,0.31,0.84,20.48,71,8,12.76,1,1
8845,0.02,0.9,3.72,8,12,15.81,1,0
8846,0.26,0.33,52.24,81,15,18.17,1,1
8847,0.33,0.86,32.51,94,1,14.04,6,1
8848,0.23,0.28,5.31,14,7,19.16,5,1
8849,0.16,0.47,98.05,49,6,8.49,9,1
8850,0.03,0.6,66.98,33,1,18.86,6,1
8851,0.32,0.74,90.28,24,0,8.32,5,1
8852,0.17,0.13,99.91,71,3,12.9,7,1
8853,0.02,0.36,39.8,38,5,16.94,5,0
8854,0.24,0.65,26.22,79,1,17.02,1,1
8855,0.17,0.42,19.2,50,6,9.17,9,0
8856,0.05,0.8,52.0,89,9,19.79,4,0
8857,0.08,0.69,61.0,64,8,6.21,5,1
8858,0.03,0.31,47.77,81,1,5.52,4,1
8859,0.21,0.23,39.34,97,14,17.62,6,1
8860,0.22,0.67,17.66,2,14,17.29,9,1
8861,0.18,0.51,44.74,39,15,15.69,1,0
8862,0.29,0.25,9.44,74,1,17.76,4,1
8863,0.3,0.39,86.64,14,16,7.06,3,1
8864,0.22,0.37,5.64,12,10,6.44,3,1
8865,0.01,0.2,38.68,81,17,19.54,8,1
8866,0.25,0.59,10.91,78,0,14.36,8,1
8867,0.15,0.79,77.72,51,11,18.8,7,1
8868,0.2,0.62,31.96,10,5,18.6,5,0
8869,0.23,0.84,12.2,44,17,14.8,2,1
8870,0.13,0.21,53.62,40,16,14.43,5,1
8871,0.32,0.49,91.71,93,16,10.4,4,1
8872,0.06,0.65,90.96,60,1,7.24,8,1
8873,0.24,0.71,25.72,70,17,15.3,6,1
8874,0.01,0.73,72.25,31,14,17.27,1,1
8875,0.32,0.76,4.0,37,0,13.17,5,1
8876,0.05,0.69,14.05,73,19,5.76,8,1
8877,0.04,0.18,50.45,58,13,7.17,1,1
8878,0.12,0.73,23.65,43,12,6.53,1,1
8879,0.14,0.75,80.03,97,11,14.87,3,1
8880,0.08,0.99,93.18,71,7,13.47,1,1
8881,0.21,0.72,1.43,38,6,12.0,6,1
8882,0.16,0.72,24.06,8,7,13.15,5,0
8883,0.02,0.56,44.52,34,17,9.14,5,0
8884,0.12,0.88,56.74,17,14,17.07,3,0
8885,0.29,1.0,91.67,17,6,9.93,2,1
8886,0.24,0.8,89.3,94,0,14.66,1,1
8887,0.26,0.65,64.08,82,5,10.86,2,1
8888,0.25,0.17,26.48,53,15,6.08,9,1
8889,0.12,0.75,78.55,15,13,8.85,5,1
8890,0.04,0.74,21.06,64,7,19.48,8,0
8891,0.1,0.8,96.55,57,9,7.86,3,1
8892,0.29,0.21,1.58,20,16,6.57,5,1
8893,0.34,0.69,57.41,61,14,9.37,7,1
8894,0.18,0.37,9.75,25,13,18.17,2,0
8895,0.01,0.78,41.35,78,19,9.59,3,0
8896,0.06,0.32,63.86,27,10,11.26,3,1
8897,0.12,0.72,69.27,47,5,9.65,9,1
8898,0.21,0.37,78.77,99,3,19.83,1,1
8899,0.04,0.11,59.74,28,4,20.0,9,1
8900,0.33,0.67,25.88,6,10,12.24,1,1
8901,0.13,0.2,89.04,41,11,16.77,7,1
8902,0.32,0.69,81.3,59,10,8.3,4,1
8903,0.28,0.93,16.85,95,17,10.61,8,1
8904,0.27,0.97,82.82,78,6,15.19,1,1
8905,0.22,0.31,97.29,61,0,9.29,1,1
8906,0.22,0.83,64.08,80,15,8.37,6,1
8907,0.23,0.42,28.9,49,17,18.83,5,1
8908,0.22,0.91,61.05,5,11,8.66,5,1
8909,0.2,0.81,34.91,96,10,5.89,2,1
8910,0.35,0.17,67.92,11,7,16.27,2,1
8911,0.26,0.47,54.94,86,0,8.65,4,1
8912,0.27,0.4,93.02,40,15,11.75,2,1
8913,0.31,0.81,62.17,92,1,6.67,4,1
8914,0.08,0.47,22.18,70,5,6.03,5,1
8915,0.04,0.72,72.79,39,16,11.91,4,1
8916,0.17,0.64,30.79,70,16,10.06,6,0
8917,0.18,0.98,27.97,20,1,12.59,3,0
8918,0.29,0.94,39.79,4,18,19.49,2,1
8919,0.16,0.48,2.19,89,8,11.11,1,0
8920,0.2,0.75,96.94,13,2,14.04,5,1
8921,0.19,0.85,53.7,49,9,6.46,4,1
8922,0.02,0.91,77.58,76,4,18.29,9,1
8923,0.22,0.16,26.53,9,8,17.09,1,1
8924,0.29,0.37,74.92,59,13,12.84,9,1
8925,0.06,0.39,57.15,3,10,7.75,8,1
8926,0.21,0.49,42.99,96,18,11.39,4,1
8927,0.21,0.25,97.1,11,15,9.46,2,1
8928,0.07,0.55,49.89,5,13,19.92,3,0
8929,0.05,0.7,66.09,35,13,12.36,9,1
8930,0.34,0.55,2.52,24,3,11.33,2,1
8931,0.14,0.7,30.84,70,7,7.54,8,1
8932,0.09,0.16,88.98,82,6,8.59,1,1
8933,0.07,0.89,76.14,6,2,15.67,4,1
8934,0.24,0.95,54.14,86,13,13.02,3,1
8935,0.22,0.66,90.12,42,10,10.37,2,1
8936,0.23,0.89,49.14,43,18,9.46,3,1
8937,0.04,0.22,57.08,14,3,8.01,3,1
8938,0.31,0.82,38.83,76,3,5.51,9,1
8939,0.14,0.21,62.38,25,7,19.66,3,1
8940,0.12,0.47,32.58,84,14,16.3,9,0
8941,0.17,0.39,39.16,18,15,18.92,4,0
8942,0.14,0.63,96.67,24,3,11.19,1,1
8943,0.3,0.37,12.02,63,9,18.04,8,1
8944,0.33,0.67,11.42,79,4,8.84,5,1
8945,0.11,0.43,5.29,95,3,12.65,2,0
8946,0.3,0.87,32.68,1,1,8.04,9,1
8947,0.28,0.67,40.42,15,17,16.56,7,1
8948,0.33,0.29,10.36,54,7,12.46,6,1
8949,0.09,0.4,55.36,34,14,13.04,2,0
8950,0.21,0.86,58.75,52,3,17.89,6,1
8951,0.1,0.45,75.35,2,12,16.09,7,1
8952,0.29,0.58,97.62,36,13,19.49,5,1
8953,0.01,0.68,62.32,23,8,11.08,5,1
8954,0.2,0.41,12.05,24,5,11.92,4,0
8955,0.13,0.36,9.76,32,11,14.23,1,0
8956,0.12,0.53,77.98,51,12,11.8,7,1
8957,0.23,0.29,65.38,46,5,11.29,3,1
8958,0.3,0.36,17.03,13,19,10.11,5,1
8959,0.22,0.16,26.08,97,18,17.48,8,1
8960,0.3,0.37,75.27,14,19,13.0,2,1
8961,0.1,0.39,57.05,17,19,14.11,4,0
8962,0.19,0.97,58.92,16,7,8.06,9,0
8963,0.16,0.63,21.79,32,4,8.78,2,0
8964,0.01,0.81,63.28,79,7,10.1,8,1
8965,0.2,0.14,77.29,95,12,11.98,9,1
8966,0.23,0.2,88.64,12,12,5.66,3,1
8967,0.21,0.83,73.94,97,4,18.33,5,1
8968,0.26,0.66,58.06,3,13,18.56,4,1
8969,0.2,0.27,67.65,75,17,14.93,8,1
8970,0.03,0.46,49.03,53,14,9.74,8,0
8971,0.05,0.58,23.46,43,0,10.78,5,0
8972,0.21,0.86,88.34,5,6,16.01,5,1
8973,0.1,0.15,53.73,47,9,9.29,1,1
8974,0.04,0.64,59.84,27,1,14.13,5,0
8975,0.16,0.75,99.02,52,12,18.59,1,1
8976,0.2,0.98,98.52,56,2,11.16,4,1
8977,0.12,0.83,59.04,80,7,13.81,7,0
8978,0.25,0.35,4.36,99,11,18.93,2,1
8979,0.23,0.74,40.22,80,3,10.11,1,1
8980,0.12,0.79,93.79,80,7,16.39,2,1
8981,0.27,0.76,29.54,86,0,16.33,7,1
8982,0.23,0.84,99.93,68,2,18.93,3,1
8983,0.23,0.91,9.35,96,14,17.88,5,1
8984,0.2,0.19,57.24,91,14,16.23,1,1
8985,0.01,0.19,52.03,15,11,14.55,8,1
8986,0.25,0.82,26.28,19,0,8.62,4,1
8987,0.14,0.33,94.91,26,10,15.06,2,1
8988,0.33,0.15,62.3,79,18,9.15,8,1
8989,0.29,0.46,23.79,45,4,11.6,5,1
8990,0.21,0.84,39.02,10,16,15.65,2,1
8991,0.1,0.21,72.4,98,1,15.12,9,1
8992,0.08,0.7,30.47,26,12,11.02,6,0
8993,0.13,0.1,88.08,8,2,7.74,8,1
8994,0.17,0.2,17.4,80,12,12.26,2,1
8995,0.11,0.42,27.19,93,7,9.05,5,0
8996,0.19,0.18,15.34,32,12,8.83,3,1
8997,0.07,0.86,11.31,21,2,9.9,8,0
8998,0.34,0.88,30.73,96,8,15.59,1,1
8999,0.05,0.78,99.92,45,1,12.46,9,1
9000,0.33,0.32,10.34,55,7,10.6,6,1
9001,0.32,0.57,22.09,12,0,18.51,1,1
9002,0.19,0.27,27.89,48,14,15.6,3,1
9003,0.26,0.35,62.29,59,7,12.42,8,1
9004,0.16,0.56,74.79,74,7,11.32,8,1
9005,0.22,0.76,75.44,70,6,17.28,3,1
9006,0.13,0.19,1.85,37,19,7.59,8,1
9007,0.11,0.37,65.53,82,12,14.96,6,1
9008,0.21,0.93,63.44,31,6,5.32,7,1
9009,0.18,0.49,52.25,99,6,5.1,2,1
9010,0.21,0.94,38.54,3,10,18.98,1,1
9011,0.11,0.99,79.95,69,1,12.71,1,1
9012,0.13,0.57,35.04,98,10,9.73,3,0
9013,0.04,0.36,23.77,59,18,16.92,7,0
9014,0.03,0.81,31.7,33,0,19.77,9,0
9015,0.1,0.24,44.53,36,16,5.52,2,1
9016,0.04,0.33,22.19,74,0,5.57,6,1
9017,0.05,0.81,61.15,3,12,17.82,8,1
9018,0.29,0.49,88.54,75,5,13.35,9,1
9019,0.02,0.28,59.95,3,4,18.24,3,1
9020,0.23,0.69,45.22,92,1,15.42,5,1
9021,0.1,0.76,79.89,59,9,12.06,5,1
9022,0.31,0.21,75.06,54,18,7.42,8,1
9023,0.17,0.35,37.34,28,6,10.85,1,0
9024,0.11,0.3,60.81,9,14,16.81,3,1
9025,0.19,0.44,73.25,26,10,8.51,6,1
9026,0.14,0.79,25.3,29,5,15.69,6,0
9027,0.2,0.74,37.26,10,4,8.71,4,0
9028,0.05,0.7,11.47,27,3,11.95,5,0
9029,0.35,0.11,98.78,63,5,6.28,3,1
9030,0.15,0.23,9.5,62,6,11.82,4,1
9031,0.13,0.3,17.69,96,11,14.19,1,0
9032,0.25,0.34,48.5,18,13,13.45,6,1
9033,0.13,0.23,86.66,53,1,11.1,5,1
9034,0.29,0.47,36.23,82,19,10.55,5,1
9035,0.16,0.17,77.09,86,2,9.13,4,1
9036,0.25,0.78,67.93,17,4,16.51,9,1
9037,0.05,0.81,64.23,49,9,16.74,9,1
9038,0.3,0.62,84.66,89,6,12.25,5,1
9039,0.26,0.18,2.4,26,8,10.74,7,1
9040,0.08,0.9,92.99,5,17,14.56,3,1
9041,0.06,0.97,83.09,73,5,13.37,1,1
9042,0.12,0.28,93.85,44,9,15.01,1,1
9043,0.34,0.73,79.57,24,11,9.59,3,1
9044,0.1,0.86,87.98,57,1,16.83,3,1
9045,0.17,0.59,21.1,7,0,9.75,5,0
9046,0.02,0.39,32.6,20,3,11.28,8,0
9047,0.15,0.53,32.21,56,14,6.99,6,1
9048,0.2,0.56,11.81,72,1,17.83,8,0
9049,0.33,0.46,73.23,19,2,14.66,7,1
9050,0.19,0.94,14.48,99,16,8.53,1,0
9051,0.29,0.77,6.2,64,1,17.78,8,1
9052,0.2,0.32,77.77,43,12,15.57,1,1
9053,0.02,0.63,90.56,44,7,11.63,5,1
9054,0.12,0.72,76.65,25,19,19.85,3,1
9055,0.21,0.23,82.71,17,18,10.06,7,1
9056,0.33,0.42,59.97,39,9,6.49,5,1
9057,0.3,0.91,88.89,25,6,16.0,2,1
9058,0.09,0.61,50.17,99,3,16.36,1,0
9059,0.08,0.3,98.84,39,17,5.88,6,1
9060,0.08,0.21,11.24,39,2,17.29,6,1
9061,0.32,0.57,81.11,59,14,16.64,8,1
9062,0.3,0.59,64.5,66,19,18.94,9,1
9063,0.27,0.4,58.48,16,16,6.78,2,1
9064,0.14,0.67,72.86,53,7,14.01,5,1
9065,0.18,0.16,84.19,78,14,8.29,5,1
9066,0.17,0.23,86.43,29,12,10.99,8,1
9067,0.1,0.59,18.36,66,13,8.98,9,0
9068,0.18,0.16,20.51,10,3,11.74,5,1
9069,0.02,0.89,2.6,2,10,6.69,5,1
9070,0.05,0.23,14.05,91,2,9.55,3,1
9071,0.31,0.71,27.12,13,18,6.06,6,1
9072,0.27,0.45,72.38,54,12,12.38,7,1
9073,0.15,0.46,48.1,2,3,9.45,3,0
9074,0.19,0.79,76.03,42,12,13.85,2,1
9075,0.14,0.55,49.17,14,14,11.85,2,0
9076,0.26,0.75,56.0,81,5,8.66,9,1
9077,0.28,0.55,12.0,51,17,6.54,6,1
9078,0.27,0.63,77.88,49,7,16.3,2,1
9079,0.26,0.78,76.05,38,8,14.5,5,1
9080,0.08,0.65,31.45,34,19,5.49,7,1
9081,0.12,0.65,33.53,29,1,19.84,1,0
9082,0.17,0.81,22.75,64,9,14.64,8,0
9083,0.12,0.95,81.57,23,1,8.11,6,1
9084,0.27,0.44,74.95,23,8,17.61,1,1
9085,0.12,0.62,61.31,16,8,18.23,8,1
9086,0.06,0.18,24.64,44,12,13.61,5,1
9087,0.15,0.42,18.01,60,9,18.28,7,0
9088,0.34,0.47,5.98,71,6,5.44,4,1
9089,0.09,0.85,5.52,65,12,19.18,2,0
9090,0.22,0.56,19.53,19,4,5.86,8,1
9091,0.16,0.76,10.95,45,11,14.64,4,0
9092,0.03,0.12,56.05,97,8,10.19,8,1
9093,0.18,0.52,36.45,98,8,5.59,9,1
9094,0.25,0.91,45.05,1,17,18.94,4,1
9095,0.18,0.3,59.81,12,7,7.03,8,1
9096,0.31,0.13,66.25,25,17,17.81,4,1
9097,0.11,0.49,65.17,87,9,9.96,8,1
9098,0.04,0.73,26.82,89,0,16.12,1,0
9099,0.33,0.51,81.15,95,9,8.81,2,1
9100,0.14,0.51,91.85,88,4,13.75,3,1
9101,0.21,0.7,32.28,10,17,16.99,2,1
9102,0.28,0.33,2.69,66,18,13.49,8,1
9103,0.12,0.78,90.02,33,12,9.6,9,1
9104,0.25,0.24,92.43,87,5,8.5,9,1
9105,0.06,0.46,6.04,2,16,7.62,1,1
9106,0.11,0.69,1.49,4,13,17.58,9,0
9107,0.06,0.85,81.82,23,5,14.16,8,1
9108,0.29,0.81,30.84,41,15,12.63,8,1
9109,0.09,0.75,91.54,38,8,8.74,3,1
9110,0.25,0.42,22.46,87,3,11.51,8,1
9111,0.33,0.21,86.25,56,17,14.3,2,1
9112,0.19,0.3,7.8,76,4,6.08,2,1
9113,0.19,0.88,26.8,44,0,10.41,4,0
9114,0.17,0.87,97.34,64,14,8.59,7,1
9115,0.12,0.96,23.89,24,11,14.7,4,0
9116,0.17,0.17,14.17,93,13,14.09,2,1
9117,0.21,0.58,85.85,41,11,9.49,5,1
9118,0.35,0.68,12.66,28,12,5.62,8,1
9119,0.33,0.74,10.65,62,2,7.74,7,1
9120,0.3,0.68,33.02,15,13,7.4,7,1
9121,0.31,0.79,63.9,62,6,13.53,9,1
9122,0.17,0.42,71.36,10,2,7.54,5,1
9123,0.23,0.26,88.24,98,8,12.24,4,1
9124,0.31,0.28,54.55,29,3,14.22,9,1
9125,0.14,0.11,39.95,31,1,18.19,1,1
9126,0.34,0.42,36.52,63,2,8.68,6,1
9127,0.15,0.18,84.84,87,0,7.79,3,1
9128,0.21,0.39,72.66,18,4,7.6,6,1
9129,0.25,0.67,90.64,7,8,10.41,7,1
9130,0.33,0.91,96.44,27,17,14.74,1,1
9131,0.09,0.86,30.71,9,12,15.08,6,0
9132,0.26,0.33,53.44,20,18,8.16,8,1
9133,0.19,0.22,63.55,85,18,6.97,5,1
9134,0.1,0.27,17.22,92,6,11.73,5,1
9135,0.27,0.97,6.28,50,6,7.12,7,1
9136,0.2,0.59,86.91,61,14,17.19,8,1
9137,0.23,0.26,54.02,67,16,6.26,7,1
9138,0.12,0.86,57.51,74,2,16.28,3,0
9139,0.17,0.46,55.94,17,16,5.64,6,1
9140,0.22,0.91,75.74,99,13,17.1,9,1
9141,0.15,0.33,15.4,21,4,14.41,2,0
9142,0.08,0.45,61.79,73,6,9.84,9,1
9143,0.34,0.55,47.48,81,18,11.08,3,1
9144,0.18,0.9,89.8,32,18,15.1,3,1
9145,0.26,0.88,52.44,48,0,7.78,2,1
9146,0.15,0.62,94.35,38,18,18.35,3,1
9147,0.13,0.3,35.97,28,16,12.24,7,0
9148,0.15,0.46,96.72,82,14,16.4,3,1
9149,0.15,0.98,87.64,60,7,12.6,1,1
9150,0.2,0.65,58.84,70,7,11.78,4,0
9151,0.19,0.8,36.02,58,0,12.04,7,0
9152,0.18,0.5,38.22,70,19,10.45,6,0
9153,0.06,0.58,77.5,81,8,15.99,3,1
9154,0.18,0.49,58.48,53,1,17.69,1,0
9155,0.07,0.73,40.76,10,0,17.82,8,0
9156,0.05,0.87,63.97,2,15,6.82,2,1
9157,0.33,0.56,73.59,97,12,16.42,5,1
9158,0.22,0.53,3.27,25,10,8.0,3,1
9159,0.23,0.41,9.9,38,0,5.18,4,1
9160,0.15,0.26,10.35,1,5,9.13,3,1
9161,0.32,0.95,23.96,80,0,9.39,3,1
9162,0.23,0.38,43.27,90,5,17.15,3,1
9163,0.27,0.82,80.56,76,8,16.14,8,1
9164,0.14,0.74,35.76,73,12,6.27,1,1
9165,0.34,0.81,2.73,13,15,9.89,2,1
9166,0.29,0.94,48.85,71,19,8.77,2,1
9167,0.3,0.66,99.67,1,3,13.93,9,1
9168,0.07,0.91,35.55,31,19,13.12,7,0
9169,0.1,0.25,96.16,99,10,15.18,7,1
9170,0.11,0.66,11.03,88,12,18.66,8,0
9171,0.1,0.8,18.14,67,0,11.32,2,0
9172,0.3,0.34,72.69,56,2,14.84,1,1
9173,0.02,0.77,50.62,19,10,18.78,6,0
9174,0.04,0.8,76.75,4,19,13.13,3,1
9175,0.1,0.85,86.49,28,7,9.62,2,1
9176,0.08,0.38,25.86,44,0,11.04,3,0
9177,0.09,0.71,68.6,30,18,16.32,4,1
9178,0.28,0.37,61.15,36,13,15.8,5,1
9179,0.2,0.77,86.29,53,17,16.23,4,1
9180,0.01,0.52,43.58,59,5,16.15,8,0
9181,0.16,0.64,6.14,68,8,18.81,6,0
9182,0.15,0.47,57.84,87,8,16.46,7,0
9183,0.05,0.25,95.93,75,14,17.83,4,1
9184,0.24,0.26,2.45,4,4,13.61,7,1
9185,0.25,0.17,24.79,11,18,14.66,5,1
9186,0.26,0.66,32.29,53,8,19.52,2,1
9187,0.26,0.86,76.82,88,8,18.05,9,1
9188,0.01,0.12,33.0,54,16,16.66,2,1
9189,0.33,0.16,24.67,84,14,15.28,2,1
9190,0.29,0.51,65.21,45,9,10.38,3,1
9191,0.32,0.76,5.59,17,8,13.22,4,1
9192,0.02,0.24,17.89,64,18,5.83,7,1
9193,0.33,0.34,41.39,58,6,11.24,5,1
9194,0.29,0.31,36.2,13,12,6.68,7,1
9195,0.29,0.46,35.37,81,1,15.93,1,1
9196,0.04,0.3,11.75,51,17,18.38,4,0
9197,0.26,0.42,36.72,52,7,7.61,2,1
9198,0.34,0.76,80.0,15,7,8.69,6,1
9199,0.24,0.65,41.97,4,19,17.85,2,1
9200,0.2,0.17,59.03,82,8,13.79,4,1
9201,0.33,0.67,17.19,9,12,13.82,5,1
9202,0.16,0.53,7.9,67,19,13.44,8,0
9203,0.21,0.94,88.12,91,11,8.27,5,1
9204,0.17,0.36,33.81,82,6,8.65,2,0
9205,0.33,0.75,35.68,81,12,19.24,8,1
9206,0.04,0.76,87.89,74,12,15.85,8,1
9207,0.18,0.3,71.07,57,3,6.36,1,1
9208,0.24,0.91,75.87,29,1,8.34,9,1
9209,0.28,0.54,68.52,47,1,14.41,8,1
9210,0.21,0.71,11.47,5,4,9.25,1,1
9211,0.32,0.23,95.84,70,1,8.78,9,1
9212,0.33,0.33,91.0,64,14,8.04,9,1
9213,0.03,0.63,24.39,59,1,7.79,8,1
9214,0.15,0.39,80.6,35,1,14.2,7,1
9215,0.02,0.55,41.53,5,19,18.59,6,0
9216,0.12,0.44,68.69,50,7,10.42,5,1
9217,0.19,0.68,17.39,60,4,6.82,6,1
9218,0.32,0.54,54.32,15,15,6.86,1,1
9219,0.3,0.1,13.54,91,13,19.01,1,1
9220,0.05,0.68,54.08,97,7,12.93,9,0
9221,0.04,0.48,25.12,24,10,11.99,6,0
9222,0.21,0.41,45.79,21,10,18.36,3,1
9223,0.19,0.18,67.13,2,7,12.61,9,1
9224,0.1,0.3,87.83,83,15,12.21,3,1
9225,0.32,0.3,17.36,45,7,18.9,9,1
9226,0.33,0.94,89.43,82,19,12.12,5,1
9227,0.15,0.49,39.61,10,19,10.86,1,0
9228,0.31,0.14,84.54,45,11,13.72,5,1
9229,0.14,0.22,51.74,37,4,19.66,2,1
9230,0.26,0.17,86.36,23,2,19.46,2,1
9231,0.17,0.63,66.62,45,17,16.63,1,1
9232,0.05,0.27,51.36,41,0,12.49,4,1
9233,0.33,0.55,31.94,65,18,18.22,4,1
9234,0.16,0.43,96.92,61,12,11.29,5,1
9235,0.26,0.82,80.29,6,10,14.6,4,1
9236,0.13,0.39,38.74,65,0,7.69,2,1
9237,0.02,0.51,17.51,18,17,14.92,5,0
9238,0.04,0.75,78.17,91,18,9.14,8,1
9239,0.18,0.49,99.0,40,12,16.58,6,1
9240,0.24,0.81,28.62,38,7,11.21,5,1
9241,0.12,0.7,91.67,45,17,10.98,7,1
9242,0.25,0.47,13.41,17,1,16.2,1,1
9243,0.25,0.55,95.27,90,18,11.38,6,1
9244,0.25,0.97,74.79,13,18,15.71,2,1
9245,0.18,0.7,35.31,10,4,17.83,5,0
9246,0.32,0.91,31.16,90,7,7.05,4,1
9247,0.18,0.26,64.7,31,19,12.19,7,1
9248,0.16,0.53,59.76,87,2,19.17,9,0
9249,0.08,0.92,91.97,50,1,17.18,9,1
9250,0.11,0.39,76.86,84,5,19.6,1,1
9251,0.02,0.97,54.5,23,15,17.9,7,0
9252,0.23,0.19,92.83,45,14,9.65,7,1
9253,0.09,0.91,59.68,91,3,7.69,5,1
9254,0.11,0.5,85.12,79,1,8.16,8,1
9255,0.27,0.17,84.25,38,13,8.25,4,1
9256,0.12,0.89,92.0,11,5,6.14,1,1
9257,0.09,0.33,7.69,8,19,18.6,4,0
9258,0.07,0.12,58.8,78,19,12.54,2,1
9259,0.27,0.22,47.37,13,3,6.52,3,1
9260,0.05,0.69,49.56,86,19,16.44,4,0
9261,0.16,0.98,46.53,34,0,9.88,7,0
9262,0.18,0.2,83.91,65,13,6.07,9,1
9263,0.24,0.52,32.52,96,2,7.85,4,1
9264,0.23,0.26,46.81,75,3,14.86,2,1
9265,0.29,0.77,20.87,10,19,16.91,4,1
9266,0.03,0.21,25.92,94,13,8.81,8,1
9267,0.11,0.32,66.38,76,19,13.66,2,1
9268,0.11,0.28,12.58,98,18,5.01,8,1
9269,0.06,0.6,19.59,89,8,9.18,5,0
9270,0.11,0.89,53.28,36,13,7.72,2,1
9271,0.12,0.56,5.33,4,3,6.15,8,1
9272,0.19,0.15,13.57,21,3,12.26,2,1
9273,0.24,0.61,86.47,61,11,14.47,4,1
9274,0.14,0.82,84.77,94,7,5.7,2,1
9275,0.25,0.22,35.43,38,15,7.07,6,1
9276,0.12,0.17,35.45,76,10,18.98,3,1
9277,0.11,0.27,93.72,39,6,8.35,7,1
9278,0.19,0.77,3.56,89,19,16.4,6,0
9279,0.02,0.63,58.45,54,13,16.22,1,0
9280,0.04,0.59,60.14,62,9,9.82,9,1
9281,0.15,0.32,79.0,19,1,8.06,7,1
9282,0.33,0.4,95.22,2,12,8.66,1,1
9283,0.26,0.97,36.23,22,8,13.49,4,1
9284,0.04,0.32,44.35,94,17,10.72,4,0
9285,0.3,0.91,67.46,57,9,12.43,6,1
9286,0.26,0.62,96.76,3,13,17.17,3,1
9287,0.22,0.21,89.19,23,2,12.53,2,1
9288,0.29,0.52,67.04,4,6,19.93,3,1
9289,0.15,0.95,85.82,28,10,14.99,4,1
9290,0.09,0.48,9.44,78,5,8.11,8,0
9291,0.18,0.88,38.34,70,14,12.49,8,0
9292,0.2,0.33,2.3,70,14,17.2,1,0
9293,0.19,0.61,18.57,41,7,8.27,9,0
9294,0.2,0.86,63.42,37,12,15.94,4,1
9295,0.33,0.93,88.67,7,11,5.5,4,1
9296,0.32,0.54,63.65,77,11,19.14,4,1
9297,0.31,0.68,66.75,1,8,14.95,7,1
9298,0.28,0.1,11.28,88,19,7.44,2,1
9299,0.33,0.33,66.82,34,16,18.11,7,1
9300,0.04,0.35,45.98,52,14,6.23,2,1
9301,0.1,0.18,65.49,10,12,11.09,3,1
9302,0.18,0.35,33.29,60,13,16.05,5,0
9303,0.3,0.39,58.57,6,7,19.06,1,1
9304,0.18,0.97,42.98,68,12,10.23,8,0
9305,0.26,0.7,56.31,72,2,17.46,6,1
9306,0.06,0.48,15.56,48,7,7.95,4,1
9307,0.1,0.99,40.19,79,5,5.53,3,1
9308,0.26,0.24,38.05,45,10,5.43,7,1
9309,0.07,0.53,73.9,12,9,14.87,6,1
9310,0.13,0.68,70.93,70,7,7.31,9,1
9311,0.1,0.15,90.98,21,7,5.75,2,1
9312,0.13,0.75,63.57,96,6,19.65,6,1
9313,0.25,0.19,32.14,96,18,8.63,1,1
9314,0.14,0.23,78.54,91,11,11.94,4,1
9315,0.2,0.24,50.2,75,2,14.2,4,1
9316,0.04,0.94,20.16,86,10,7.17,9,1
9317,0.28,0.71,74.99,36,12,10.36,9,1
9318,0.14,0.69,14.12,87,15,14.72,8,0
9319,0.23,0.6,18.64,23,8,14.6,8,1
9320,0.26,0.36,76.12,55,15,17.63,5,1
9321,0.08,0.66,77.24,27,4,11.56,3,1
9322,0.31,0.47,79.29,98,7,18.35,5,1
9323,0.22,0.23,30.04,20,11,15.23,7,1
9324,0.16,0.72,86.79,15,2,13.43,8,1
9325,0.07,0.22,72.54,42,2,6.76,8,1
9326,0.33,0.27,83.56,4,12,13.62,2,1
9327,0.27,0.84,71.15,29,2,13.92,7,1
9328,0.08,0.69,58.38,55,8,16.38,4,0
9329,0.12,0.67,11.83,75,0,15.79,4,0
9330,0.29,0.48,71.38,49,5,12.95,9,1
9331,0.25,0.46,69.36,71,18,13.89,7,1
9332,0.27,0.72,31.94,75,15,16.59,5,1
9333,0.16,0.77,73.85,54,0,10.27,5,1
9334,0.25,0.56,55.5,33,9,7.02,7,1
9335,0.14,0.97,56.38,94,1,18.11,9,0
9336,0.08,0.96,37.39,96,2,19.48,6,0
9337,0.23,0.47,12.56,37,6,11.44,7,1
9338,0.34,0.84,22.48,77,5,19.85,4,1
9339,0.12,0.59,77.11,7,14,9.84,9,1
9340,0.17,0.56,27.87,24,1,6.0,8,1
9341,0.24,0.15,1.22,55,16,13.59,9,1
9342,0.19,0.62,99.7,11,18,18.02,5,1
9343,0.3,0.91,21.86,95,13,14.26,1,1
9344,0.27,0.8,65.88,78,16,5.14,8,1
9345,0.03,0.81,92.77,44,18,5.18,8,1
9346,0.35,0.24,60.37,90,1,15.87,7,1
9347,0.27,0.42,80.1,65,15,17.68,7,1
9348,0.3,0.31,97.66,6,19,8.8,5,1
9349,0.23,0.38,86.18,31,15,12.05,8,1
9350,0.3,0.62,56.23,43,2,19.42,3,1
9351,0.05,0.43,37.01,12,13,11.91,5,0
9352,0.13,0.6,48.76,65,6,7.04,9,1
9353,0.31,0.49,84.34,52,9,18.67,8,1
9354,0.08,0.36,85.48,70,8,12.43,9,1
9355,0.04,0.19,84.74,93,7,10.16,8,1
9356,0.28,0.9,60.13,30,14,6.46,6,1
9357,0.29,0.11,48.22,77,11,11.87,7,1
9358,0.07,0.1,31.82,94,5,16.55,6,1
9359,0.3,0.84,1.33,76,14,15.76,2,1
9360,0.24,1.0,76.68,74,14,12.45,1,1
9361,0.19,0.75,28.42,55,7,15.79,1,0
9362,0.29,0.11,33.64,39,11,10.26,7,1
9363,0.15,0.3,84.5,74,19,16.03,8,1
9364,0.08,0.97,6.17,82,1,6.29,1,1
9365,0.11,0.83,92.83,6,8,7.99,1,1
9366,0.18,0.61,1.13,56,7,18.17,7,0
9367,0.19,0.31,93.98,8,7,9.4,5,1
9368,0.28,0.11,46.02,84,3,8.09,9,1
9369,0.28,0.12,11.11,55,4,6.34,9,1
9370,0.21,0.65,67.74,16,16,10.89,7,1
9371,0.28,0.12,89.69,2,6,6.0,7,1
9372,0.08,0.99,44.37,64,0,12.45,2,0
9373,0.03,0.27,69.44,11,9,18.79,2,1
9374,0.31,0.74,97.96,88,13,16.81,1,1
9375,0.04,0.24,24.83,83,18,5.61,7,1
9376,0.09,0.59,82.22,4,8,9.5,5,1
9377,0.25,0.17,30.23,3,10,7.81,1,1
9378,0.15,0.79,43.21,15,11,6.0,7,1
9379,0.31,0.63,28.89,68,0,6.63,7,1
9380,0.11,0.18,45.16,43,19,18.62,3,1
9381,0.01,0.86,1.5,81,16,9.65,3,0
9382,0.11,0.59,31.04,9,0,10.88,4,0
9383,0.21,0.93,45.08,25,0,12.29,7,1
9384,0.14,0.92,63.59,65,17,16.17,7,1
9385,0.19,0.93,64.1,66,8,16.98,8,1
9386,0.31,0.17,58.79,55,16,19.46,9,1
9387,0.32,0.21,30.01,45,12,8.16,5,1
9388,0.1,0.99,94.79,33,16,9.52,8,1
9389,0.17,0.54,39.81,22,10,9.69,1,0
9390,0.2,0.31,22.47,42,16,11.68,2,0
9391,0.33,0.79,55.9,76,8,17.11,8,1
9392,0.35,0.34,75.14,27,13,8.59,8,1
9393,0.09,0.75,2.21,11,0,16.74,9,0
9394,0.26,0.85,28.36,42,7,8.06,7,1
9395,0.14,0.81,82.67,78,1,15.65,8,1
9396,0.01,0.35,51.2,78,3,16.99,2,0
9397,0.01,0.46,41.44,22,17,17.81,8,0
9398,0.17,0.47,93.16,9,12,12.65,3,1
9399,0.18,0.54,9.86,79,13,9.93,4,0
9400,0.02,0.25,61.94,97,10,16.59,7,1
9401,0.24,0.51,34.88,57,10,9.81,7,1
9402,0.11,0.56,8.01,83,7,7.22,6,1
9403,0.2,0.58,22.16,31,11,17.52,1,0
9404,0.11,0.84,63.17,18,0,11.17,9,1
9405,0.07,0.57,3.8,12,15,13.56,3,0
9406,0.15,0.31,59.63,40,17,18.78,4,0
9407,0.09,0.7,95.73,45,0,7.04,2,1
9408,0.19,0.82,79.71,49,19,13.36,5,1
9409,0.08,0.39,35.21,1,17,13.38,6,0
9410,0.18,0.68,14.68,98,9,17.93,6,0
9411,0.06,0.23,47.04,7,10,10.12,1,1
9412,0.24,0.41,39.9,2,15,11.02,4,1
9413,0.27,0.92,97.2,86,4,12.79,4,1
9414,0.05,0.92,99.0,4,0,7.51,3,1
9415,0.17,0.62,41.65,45,17,12.06,7,0
9416,0.03,0.73,15.73,46,6,11.54,4,0
9417,0.21,0.87,91.15,84,0,7.96,7,1
9418,0.1,0.96,79.56,67,1,17.5,3,1
9419,0.19,0.54,51.62,9,1,11.47,4,0
9420,0.19,0.61,37.17,82,15,9.59,3,0
9421,0.32,0.47,45.37,57,7,6.96,4,1
9422,0.2,0.16,90.29,16,9,6.35,4,1
9423,0.21,0.48,19.28,51,19,19.4,4,1
9424,0.15,0.81,80.87,52,15,19.93,3,1
9425,0.33,0.82,2.8,9,4,18.47,6,1
9426,0.27,0.9,92.14,83,3,11.88,5,1
9427,0.11,0.15,50.53,6,12,17.12,6,1
9428,0.3,0.57,23.45,44,7,17.51,7,1
9429,0.16,0.2,1.28,79,12,9.5,4,1
9430,0.29,0.28,56.4,6,4,13.79,9,1
9431,0.29,0.91,25.2,5,16,19.35,1,1
9432,0.07,0.55,63.5,93,14,9.2,8,1
9433,0.25,0.78,28.84,46,6,14.94,2,1
9434,0.11,0.16,9.71,27,9,14.94,3,1
9435,0.11,0.48,51.0,45,2,11.79,2,0
9436,0.11,0.71,56.88,41,15,12.35,6,0
9437,0.26,0.22,45.81,90,19,11.85,5,1
9438,0.09,0.39,46.35,28,14,12.82,7,0
9439,0.01,0.16,59.38,54,5,7.23,9,1
9440,0.25,0.69,53.11,32,9,16.92,7,1
9441,0.07,0.97,14.12,89,6,14.92,9,0
9442,0.05,0.84,20.51,53,18,19.61,5,0
9443,0.09,0.98,15.04,71,4,8.68,3,0
9444,0.14,0.86,69.64,30,6,7.19,3,1
9445,0.17,0.87,53.33,53,2,10.14,4,0
9446,0.03,0.62,43.56,31,1,12.65,2,0
9447,0.34,0.57,80.04,12,18,8.08,3,1
9448,0.25,0.47,33.25,9,1,11.91,9,1
9449,0.12,0.84,57.24,98,18,14.64,9,0
9450,0.12,0.26,8.37,67,17,5.84,8,1
9451,0.16,0.15,74.7,37,0,16.37,2,1
9452,0.22,0.95,69.82,28,8,19.1,9,1
9453,0.06,0.1,80.44,86,15,9.02,5,1
9454,0.07,0.98,88.56,26,7,16.64,8,1
9455,0.3,0.76,76.04,83,10,11.27,6,1
9456,0.1,0.4,84.6,21,15,14.97,2,1
9457,0.14,0.73,35.22,10,19,16.15,1,0
9458,0.31,0.84,34.99,80,9,9.42,4,1
9459,0.24,0.32,94.49,24,15,16.81,4,1
9460,0.13,0.79,91.54,25,12,6.58,7,1
9461,0.24,0.82,55.3,52,6,19.8,2,1
9462,0.02,0.32,37.29,90,0,10.06,4,0
9463,0.26,0.14,86.73,1,13,8.36,1,1
9464,0.18,0.28,33.02,53,8,7.08,7,1
9465,0.29,0.28,16.21,68,13,17.18,3,1
9466,0.33,0.16,64.31,78,3,13.79,8,1
9467,0.32,0.75,5.22,24,8,19.28,1,1
9468,0.32,0.44,38.53,27,1,14.72,1,1
9469,0.18,0.9,80.96,27,10,10.11,9,1
9470,0.13,0.33,30.23,88,19,17.55,5,0
9471,0.17,0.51,93.2,65,13,9.22,4,1
9472,0.24,0.68,95.63,39,3,9.36,4,1
9473,0.31,0.89,81.77,77,2,5.42,8,1
9474,0.08,0.57,98.78,84,9,8.78,9,1
9475,0.32,0.44,53.55,36,19,8.92,7,1
9476,0.29,0.88,57.35,76,0,9.46,8,1
9477,0.34,0.38,83.78,69,8,10.53,2,1
9478,0.31,0.17,49.79,5,12,13.65,7,1
9479,0.11,0.5,41.27,81,10,8.25,4,0
9480,0.05,0.81,61.86,10,9,14.55,8,1
9481,0.05,0.13,66.11,16,0,7.0,8,1
9482,0.11,0.63,75.34,88,12,18.96,2,1
9483,0.22,0.64,67.15,93,8,5.39,9,1
9484,0.28,0.94,74.83,53,7,18.62,6,1
9485,0.32,0.36,67.78,14,12,13.21,5,1
9486,0.22,0.35,48.56,74,7,15.65,9,1
9487,0.01,0.5,14.36,29,16,9.48,3,0
9488,0.07,0.42,78.76,28,0,7.61,5,1
9489,0.04,0.76,4.05,17,11,19.21,5,0
9490,0.13,0.68,99.26,69,11,11.62,8,1
9491,0.18,0.78,83.02,66,10,12.21,9,1
9492,0.02,0.84,67.42,36,10,19.79,9,1
9493,0.13,0.93,96.69,46,15,10.04,5,1
9494,0.07,0.49,61.63,45,4,6.5,2,1
9495,0.23,0.99,6.59,9,8,13.8,6,1
9496,0.17,0.29,56.38,36,9,13.32,4,1
9497,0.18,0.74,28.44,5,10,16.6,9,0
9498,0.16,0.58,37.58,79,2,19.33,8,0
9499,0.34,0.84,46.5,73,10,9.62,6,1
9500,0.08,0.53,77.69,89,7,15.83,2,1
9501,0.19,0.81,50.79,50,0,11.52,3,0
9502,0.26,0.94,47.99,28,16,16.76,2,1
9503,0.2,0.76,30.9,27,15,7.46,6,1
9504,0.33,0.8,54.45,47,15,12.51,4,1
9505,0.14,0.16,25.59,33,2,6.16,1,1
9506,0.17,0.28,26.84,97,14,13.42,9,1
9507,0.04,0.98,75.97,38,1,7.53,6,1
9508,0.22,0.72,34.91,8,10,19.4,2,1
9509,0.11,0.61,6.09,4,8,13.31,3,0
9510,0.06,0.43,35.02,36,4,12.94,8,0
9511,0.2,0.14,64.22,31,2,19.58,9,1
9512,0.19,0.43,81.58,74,7,12.48,9,1
9513,0.04,0.55,96.23,49,5,15.15,5,1
9514,0.25,0.29,74.88,41,6,5.7,4,1
9515,0.22,0.26,43.46,8,11,15.63,5,1
9516,0.07,0.56,30.61,30,6,6.56,1,1
9517,0.17,0.63,13.83,14,8,16.7,3,0
9518,0.25,0.32,63.14,45,8,18.15,9,1
9519,0.19,0.63,51.48,99,0,9.73,8,0
9520,0.14,0.91,68.09,46,2,18.17,4,1
9521,0.12,0.53,24.48,67,4,12.24,1,0
9522,0.22,0.87,33.04,93,10,13.57,3,1
9523,0.33,0.93,29.92,16,3,11.16,4,1
9524,0.24,0.18,79.97,10,11,12.15,4,1
9525,0.04,0.19,17.95,68,0,18.62,1,1
9526,0.17,0.53,61.24,52,0,19.21,6,1
9527,0.31,0.63,6.08,50,12,11.69,9,1
9528,0.04,0.48,55.4,68,19,12.72,8,0
9529,0.35,0.39,7.33,2,4,6.74,2,1
9530,0.33,0.68,18.41,75,19,9.88,7,1
9531,0.04,0.1,12.19,79,1,12.7,3,1
9532,0.33,0.97,35.33,75,18,8.04,6,1
9533,0.13,0.31,35.03,87,6,13.65,2,0
9534,0.3,0.93,82.82,94,15,15.28,8,1
9535,0.15,0.2,23.34,60,3,14.75,4,1
9536,0.16,0.31,9.55,50,17,11.64,6,0
9537,0.23,0.31,60.75,1,10,16.54,3,1
9538,0.27,1.0,69.06,97,15,9.79,1,1
9539,0.02,0.1,30.19,37,9,12.04,2,1
9540,0.21,0.68,60.68,23,1,9.05,8,1
9541,0.07,0.88,77.83,49,9,14.05,6,1
9542,0.13,0.71,35.41,82,2,11.61,4,0
9543,0.13,0.43,53.01,74,11,8.26,9,0
9544,0.17,0.96,15.52,64,19,9.62,7,0
9545,0.12,0.9,3.34,17,1,9.19,1,0
9546,0.05,0.49,98.16,71,7,18.66,6,1
9547,0.06,0.62,30.67,15,17,12.83,4,0
9548,0.02,0.97,28.61,51,8,14.79,6,0
9549,0.17,0.98,97.35,27,10,19.02,8,1
9550,0.33,0.5,73.1,9,2,7.73,9,1
9551,0.05,0.86,58.94,64,7,19.05,3,0
9552,0.33,0.37,70.23,63,4,13.09,2,1
9553,0.26,0.43,71.28,85,14,17.84,7,1
9554,0.23,0.25,76.57,53,9,7.52,7,1
9555,0.23,0.29,7.65,93,13,9.09,3,1
9556,0.29,0.69,41.87,42,4,7.91,5,1
9557,0.05,0.56,30.22,97,17,14.8,8,0
9558,0.18,0.31,7.99,70,11,7.11,3,1
9559,0.25,0.46,41.85,89,2,16.89,8,1
9560,0.21,0.44,62.0,35,7,8.76,3,1
9561,0.29,0.99,18.67,17,13,8.83,4,1
9562,0.03,0.87,31.2,44,0,9.22,3,0
9563,0.24,0.45,64.28,91,3,16.2,5,1
9564,0.19,0.92,58.35,43,7,18.86,8,0
9565,0.14,0.41,87.01,89,12,18.61,5,1
9566,0.13,0.7,79.33,76,15,6.52,7,1
9567,0.22,0.97,96.6,44,15,8.94,4,1
9568,0.31,0.45,60.12,38,8,15.08,2,1
9569,0.18,0.71,70.15,41,18,14.28,6,1
9570,0.29,0.37,86.19,25,7,10.25,5,1
9571,0.15,0.34,84.16,49,18,17.94,8,1
9572,0.04,0.62,72.15,60,0,6.96,8,1
9573,0.03,0.98,50.53,2,12,14.59,1,0
9574,0.03,0.51,28.05,65,12,9.1,8,0
9575,0.14,0.94,87.84,3,3,12.91,3,1
9576,0.12,0.92,77.89,93,9,10.81,2,1
9577,0.25,0.33,83.95,14,10,19.7,4,1
9578,0.26,0.46,14.94,45,13,12.3,8,1
9579,0.03,0.68,32.17,34,4,19.64,5,0
9580,0.09,0.57,43.06,86,12,8.83,7,0
9581,0.1,0.19,84.0,36,14,16.52,8,1
9582,0.2,0.99,89.4,15,16,15.76,3,1
9583,0.06,0.78,29.2,37,15,17.71,7,0
9584,0.06,0.49,68.96,10,0,15.4,7,1
9585,0.33,0.66,8.7,9,11,15.24,9,1
9586,0.28,0.18,41.55,50,19,14.91,3,1
9587,0.07,0.55,49.18,35,18,19.78,6,0
9588,0.15,0.94,76.8,46,6,8.42,7,1
9589,0.13,0.91,89.31,81,4,5.45,9,1
9590,0.28,0.4,34.39,47,7,15.17,4,1
9591,0.18,0.58,53.25,18,3,7.59,4,1
9592,0.05,0.73,65.1,25,13,15.19,5,1
9593,0.26,0.41,33.54,35,5,9.8,5,1
9594,0.14,0.16,98.57,80,18,5.65,1,1
9595,0.1,0.55,87.7,51,3,16.55,8,1
9596,0.14,0.64,30.34,89,9,5.77,8,1
9597,0.18,0.11,51.29,55,18,8.36,9,1
9598,0.13,0.19,23.85,16,9,10.05,3,1
9599,0.09,0.29,51.94,88,12,6.99,6,1
9600,0.15,0.41,68.65,12,2,18.7,9,1
9601,0.02,0.59,9.47,99,7,14.33,4,0
9602,0.27,0.36,87.14,59,9,18.13,9,1
9603,0.07,0.35,59.78,73,1,15.23,6,0
9604,0.02,0.88,98.97,37,0,19.88,4,1
9605,0.23,0.23,3.53,32,9,12.88,6,1
9606,0.27,0.55,83.32,57,12,5.81,6,1
9607,0.29,0.96,79.4,83,0,7.41,4,1
9608,0.18,0.66,14.15,22,1,13.83,5,0
9609,0.08,0.75,34.2,45,9,10.22,1,0
9610,0.26,0.49,88.59,98,3,6.69,9,1
9611,0.25,0.12,52.33,83,6,8.57,7,1
9612,0.09,0.68,40.73,12,4,12.12,5,0
9613,0.32,0.67,90.64,82,15,12.77,5,1
9614,0.05,0.2,10.24,5,6,19.02,6,1
9615,0.34,0.52,47.84,26,8,6.36,8,1
9616,0.3,0.92,65.59,91,19,10.37,3,1
9617,0.24,0.28,61.25,20,8,12.59,8,1
9618,0.33,0.51,27.16,61,10,6.7,3,1
9619,0.26,0.51,56.77,8,16,15.32,5,1
9620,0.07,0.83,71.15,62,10,12.73,5,1
9621,0.16,0.84,58.9,54,8,11.89,2,0
9622,0.03,0.78,68.76,80,18,14.84,1,1
9623,0.14,0.43,26.35,58,7,9.32,3,0
9624,0.26,0.16,83.45,66,4,10.09,4,1
9625,0.14,0.41,45.52,45,5,7.44,7,1
9626,0.12,0.71,98.74,65,18,12.86,7,1
9627,0.21,0.73,3.31,5,10,10.59,9,1
9628,0.31,0.97,38.65,31,1,8.9,4,1
9629,0.03,0.51,18.87,23,2,6.87,3,1
9630,0.14,0.67,56.01,21,1,5.35,3,1
9631,0.06,0.59,25.08,12,12,7.9,1,1
9632,0.25,0.24,74.01,4,10,8.71,6,1
9633,0.05,0.52,88.3,37,10,12.28,4,1
9634,0.24,0.59,21.88,75,12,8.61,5,1
9635,0.11,0.96,16.91,9,18,17.26,2,0
9636,0.08,0.43,87.66,26,12,12.11,8,1
9637,0.33,0.98,36.77,27,0,14.36,3,1
9638,0.02,0.59,44.02,93,12,8.12,7,0
9639,0.16,0.32,22.88,62,5,11.24,9,0
9640,0.02,0.27,43.11,50,7,14.04,9,1
9641,0.17,0.23,23.9,89,18,9.67,8,1
9642,0.18,0.51,66.93,82,13,10.04,3,1
9643,0.12,0.12,50.39,94,5,17.11,5,1
9644,0.05,0.5,79.02,72,16,17.56,1,1
9645,0.14,0.99,31.96,2,1,12.99,7,0
9646,0.24,0.7,51.05,86,15,18.45,4,1
9647,0.28,0.78,26.69,85,4,16.05,9,1
9648,0.19,0.21,93.51,26,19,5.83,8,1
9649,0.21,0.53,52.67,93,5,13.39,7,1
9650,0.08,0.36,18.17,69,1,15.47,4,0
9651,0.11,0.9,28.0,46,4,13.11,2,0
9652,0.07,0.26,9.21,78,9,17.48,3,1
9653,0.09,0.51,3.75,63,18,9.51,8,0
9654,0.09,0.63,53.07,99,0,5.98,6,1
9655,0.19,0.56,34.38,70,5,14.5,3,0
9656,0.2,0.85,96.41,23,15,15.96,2,1
9657,0.33,0.31,17.96,17,9,16.48,8,1
9658,0.08,0.44,79.6,88,7,5.17,9,1
9659,0.23,0.81,32.28,64,19,15.1,7,1
9660,0.29,0.58,23.13,29,18,5.31,5,1
9661,0.2,0.46,96.99,52,19,16.62,8,1
9662,0.1,0.13,80.46,94,6,15.55,3,1
9663,0.1,0.78,63.43,24,14,13.51,4,1
9664,0.02,0.97,70.01,35,4,12.59,3,1
9665,0.11,0.66,99.15,47,3,15.73,3,1
9666,0.26,0.87,59.73,51,18,5.86,8,1
9667,0.03,0.57,11.09,2,18,17.48,3,0
9668,0.08,0.31,7.42,21,9,8.02,6,0
9669,0.25,0.11,66.99,40,7,12.17,7,1
9670,0.28,0.69,66.1,69,19,12.3,1,1
9671,0.16,0.54,75.07,35,0,16.66,8,1
9672,0.25,0.8,11.77,44,19,7.89,8,1
9673,0.14,0.73,94.55,35,12,9.5,4,1
9674,0.06,0.99,55.56,83,6,14.95,8,0
9675,0.15,0.56,65.31,80,1,11.19,6,1
9676,0.21,0.48,4.45,25,8,9.48,7,1
9677,0.33,0.36,96.14,80,18,14.32,3,1
9678,0.03,0.53,56.7,31,8,6.3,3,1
9679,0.18,0.89,56.77,97,16,16.85,9,0
9680,0.12,0.14,94.41,81,17,12.87,9,1
9681,0.18,0.98,93.01,85,9,8.09,3,1
9682,0.02,0.99,22.81,52,0,11.13,9,0
9683,0.12,0.64,93.18,35,10,6.97,3,1
9684,0.29,0.4,73.93,23,18,14.25,4,1
9685,0.2,0.3,2.87,49,18,15.04,3,0
9686,0.16,0.35,24.74,16,1,11.08,5,0
9687,0.11,0.15,41.89,58,4,10.1,4,1
9688,0.11,0.53,58.7,50,2,17.75,9,0
9689,0.14,0.15,70.43,78,12,13.64,2,1
9690,0.29,0.75,21.81,64,6,15.01,8,1
9691,0.34,0.43,83.83,52,10,6.91,3,1
9692,0.16,0.28,84.73,40,16,15.7,9,1
9693,0.14,0.59,63.86,54,0,11.67,2,1
9694,0.3,0.98,92.19,97,3,10.5,7,1
9695,0.16,0.73,81.49,85,0,18.94,6,1
9696,0.2,0.54,22.94,17,8,5.81,8,1
9697,0.09,0.8,80.07,4,17,7.93,3,1
9698,0.26,0.76,95.37,80,16,10.63,6,1
9699,0.19,0.9,14.62,56,18,9.86,2,0
9700,0.29,0.28,97.89,30,14,12.66,7,1
9701,0.28,0.87,3.47,34,9,11.01,3,1
9702,0.08,0.37,52.69,86,11,16.82,5,0
9703,0.25,0.95,77.62,44,15,16.52,3,1
9704,0.28,0.35,79.25,93,11,16.59,1,1
9705,0.13,0.93,73.73,69,0,10.54,1,1
9706,0.07,0.97,53.41,65,12,11.11,4,0
9707,0.01,0.23,65.45,53,3,15.81,5,1
9708,0.16,0.98,70.29,89,19,6.86,1,1
9709,0.13,0.18,49.96,70,11,17.78,3,1
9710,0.2,0.3,59.97,87,18,13.12,3,0
9711,0.07,0.5,84.79,33,14,17.73,2,1
9712,0.3,0.99,31.98,78,8,16.9,6,1
9713,0.1,0.54,52.8,36,6,10.62,2,0
9714,0.09,0.6,1.84,18,5,6.52,4,1
9715,0.17,0.72,69.06,51,8,18.81,5,1
9716,0.18,0.97,20.34,57,17,10.17,3,0
9717,0.08,0.81,48.62,44,7,10.61,1,0
9718,0.1,0.3,21.81,10,17,18.64,1,0
9719,0.07,0.37,3.33,39,12,18.76,1,0
9720,0.25,0.19,48.84,56,6,8.94,6,1
9721,0.27,0.68,43.06,49,11,6.33,4,1
9722,0.17,0.26,43.09,58,4,5.02,6,1
9723,0.25,0.33,21.67,76,15,11.57,1,1
9724,0.26,0.9,94.77,23,7,13.53,5,1
9725,0.06,0.39,1.35,7,6,9.06,1,0
9726,0.34,0.61,89.26,45,0,8.9,4,1
9727,0.29,0.46,73.95,89,1,10.35,9,1
9728,0.08,0.17,18.04,55,8,8.95,6,1
9729,0.07,0.43,47.75,55,14,17.88,4,0
9730,0.05,0.47,98.9,77,6,14.64,7,1
9731,0.06,0.91,64.73,38,6,17.43,1,1
9732,0.26,0.39,13.61,19,19,17.91,1,1
9733,0.17,0.44,46.31,22,12,11.53,5,0
9734,0.28,0.8,47.35,11,3,12.16,7,1
9735,0.26,0.78,80.42,3,18,19.67,9,1
9736,0.22,0.82,91.7,19,9,17.25,9,1
9737,0.24,0.96,9.14,91,3,16.97,8,1
9738,0.02,0.82,32.09,7,11,13.76,2,0
9739,0.12,0.47,30.55,91,2,11.92,1,0
9740,0.23,0.84,99.61,34,7,18.42,3,1
9741,0.01,0.56,56.36,11,16,17.07,1,0
9742,0.02,0.35,88.1,5,5,12.75,1,1
9743,0.3,0.37,43.18,71,12,9.06,8,1
9744,0.24,0.3,72.55,36,17,7.21,3,1
9745,0.1,0.23,29.37,5,15,13.29,2,1
9746,0.24,0.27,91.27,56,10,9.44,6,1
9747,0.28,0.16,46.06,5,13,8.96,1,1
9748,0.11,0.9,80.57,27,0,6.59,2,1
9749,0.02,0.94,26.33,93,11,5.52,4,1
9750,0.33,0.63,69.67,27,19,16.75,7,1
9751,0.13,0.86,41.11,32,5,6.62,2,1
9752,0.05,0.27,4.11,89,6,18.33,4,1
9753,0.18,0.91,41.89,98,10,8.21,4,0
9754,0.27,0.56,55.45,15,0,16.4,8,1
9755,0.09,0.16,16.02,98,2,17.34,7,1
9756,0.1,0.23,19.21,99,12,16.89,7,1
9757,0.09,0.38,47.02,54,5,18.09,9,0
9758,0.35,0.14,34.93,20,9,10.1,3,1
9759,0.08,0.38,44.63,88,6,19.79,3,0
9760,0.21,0.15,46.62,34,10,9.19,9,1
9761,0.32,0.31,14.87,34,14,19.01,2,1
9762,0.06,0.34,18.94,46,10,11.56,3,0
9763,0.34,0.99,84.97,91,17,5.85,9,1
9764,0.33,0.31,17.11,21,0,16.77,6,1
9765,0.31,0.32,66.93,97,13,16.81,5,1
9766,0.08,0.72,42.43,39,11,7.96,9,1
9767,0.23,0.87,96.86,40,0,17.35,7,1
9768,0.27,0.45,7.54,44,17,7.36,2,1
9769,0.35,0.89,83.21,36,16,7.27,9,1
9770,0.07,0.41,49.65,55,13,17.13,6,0
9771,0.27,0.28,1.53,89,11,9.35,3,1
9772,0.13,0.4,27.1,71,0,6.15,1,1
9773,0.07,0.65,41.36,50,18,19.35,4,0
9774,0.15,0.43,32.11,58,3,13.36,8,0
9775,0.28,0.71,36.88,74,4,11.72,5,1
9776,0.17,0.31,91.75,74,4,12.56,5,1
9777,0.19,0.73,36.73,38,1,15.06,2,0
9778,0.35,0.41,42.46,24,10,17.92,4,1
9779,0.15,0.51,76.35,74,2,15.09,4,1
9780,0.22,0.6,79.59,59,7,16.09,9,1
9781,0.13,0.72,9.32,45,1,7.7,7,1
9782,0.14,0.31,70.7,26,3,10.76,7,1
9783,0.25,0.85,48.77,94,6,13.77,9,1
9784,0.33,0.75,14.25,91,18,14.29,9,1
9785,0.19,0.31,27.21,83,18,9.06,5,0
9786,0.27,0.98,5.46,65,6,19.62,1,1
9787,0.04,0.7,36.66,97,7,6.77,2,1
9788,0.08,0.51,26.29,11,13,6.68,8,1
9789,0.18,0.24,38.83,50,3,8.44,6,1
9790,0.02,0.58,58.45,58,13,16.31,8,0
9791,0.1,0.25,73.5,34,0,5.55,3,1
9792,0.19,0.49,60.93,16,4,19.82,3,1
9793,0.02,0.47,68.16,59,10,19.82,6,1
9794,0.1,0.75,86.7,1,14,7.4,4,1
9795,0.18,0.27,87.51,41,19,11.02,4,1
9796,0.2,0.84,86.21,28,13,8.06,4,1
9797,0.32,0.39,16.16,15,12,11.12,2,1
9798,0.23,0.5,25.86,80,6,12.99,7,1
9799,0.15,0.8,50.73,46,17,17.34,5,0
9800,0.33,0.66,36.52,32,5,5.54,5,1
9801,0.28,0.38,14.04,39,19,19.8,7,1
9802,0.08,0.45,29.49,65,6,19.11,5,0
9803,0.05,0.38,97.57,73,8,13.56,1,1
9804,0.24,0.64,35.35,93,1,12.21,2,1
9805,0.2,0.4,42.47,89,7,13.26,5,0
9806,0.28,0.75,1.63,75,5,5.28,7,1
9807,0.26,0.62,72.22,11,8,16.07,2,1
9808,0.22,0.23,41.94,70,6,12.45,8,1
9809,0.35,0.38,11.21,34,4,9.29,5,1
9810,0.19,0.3,96.89,50,16,11.92,9,1
9811,0.05,0.45,77.97,44,6,9.39,6,1
9812,0.29,0.56,72.89,14,15,15.5,3,1
9813,0.1,0.56,95.83,72,10,14.22,6,1
9814,0.27,0.78,41.34,25,13,10.82,9,1
9815,0.34,0.27,72.13,68,2,9.71,1,1
9816,0.25,0.95,21.41,50,7,18.17,1,1
9817,0.21,0.41,70.01,95,14,15.23,8,1
9818,0.17,0.37,2.39,85,8,15.74,7,0
9819,0.13,0.72,13.5,32,15,14.28,1,0
9820,0.13,0.82,43.1,55,17,6.13,8,1
9821,0.23,0.44,2.2,78,7,5.89,5,1
9822,0.27,0.77,46.73,92,6,11.44,9,1
9823,0.24,0.9,52.76,25,19,18.96,3,1
9824,0.08,0.79,62.54,92,9,12.87,5,1
9825,0.18,0.13,10.94,79,11,18.14,7,1
9826,0.28,0.84,18.92,52,11,6.45,8,1
9827,0.17,0.8,61.72,56,9,15.86,3,1
9828,0.19,0.7,66.16,22,1,8.68,1,1
9829,0.27,0.78,3.56,47,11,12.87,6,1
9830,0.23,0.98,54.5,70,5,9.39,5,1
9831,0.15,0.49,78.71,51,0,15.69,5,1
9832,0.31,0.16,7.84,66,8,11.01,6,1
9833,0.07,0.51,41.9,70,19,11.93,3,0
9834,0.35,0.14,33.32,87,15,8.68,5,1
9835,0.05,0.36,91.45,90,16,9.22,1,1
9836,0.02,0.63,19.39,75,19,7.69,8,1
9837,0.31,0.38,32.52,65,5,13.31,9,1
9838,0.09,0.72,89.95,92,3,7.17,4,1
9839,0.26,0.84,33.73,22,8,9.02,5,1
9840,0.29,0.48,53.6,41,19,12.96,7,1
9841,0.3,0.91,4.27,77,7,9.12,5,1
9842,0.35,0.17,98.51,47,17,13.83,4,1
9843,0.11,0.86,82.67,60,11,5.21,8,1
9844,0.25,0.85,63.81,22,6,19.6,6,1
9845,0.05,0.39,7.01,4,7,15.95,2,0
9846,0.15,0.37,8.41,44,9,12.56,4,0
9847,0.3,0.37,54.95,41,2,18.81,3,1
9848,0.14,0.83,29.22,82,17,18.05,2,0
9849,0.21,0.85,62.66,38,8,10.5,6,1
9850,0.18,0.4,60.22,17,4,6.74,1,1
9851,0.23,0.63,84.03,89,12,8.78,4,1
9852,0.34,0.23,28.86,17,4,8.13,8,1
9853,0.03,0.52,58.21,93,1,16.25,5,0
9854,0.21,1.0,77.96,45,6,13.22,3,1
9855,0.3,0.24,49.59,46,2,17.75,2,1
9856,0.17,0.95,83.23,8,8,12.35,6,1
9857,0.04,0.84,14.0,93,2,16.55,4,0
9858,0.2,0.97,73.66,15,5,9.85,7,1
9859,0.12,0.26,94.36,33,9,14.03,8,1
9860,0.06,0.29,33.86,49,2,14.59,9,1
9861,0.3,0.12,37.27,10,19,16.39,7,1
9862,0.19,0.75,9.27,62,8,16.99,9,0
9863,0.33,0.68,64.51,55,11,9.15,4,1
9864,0.28,0.26,55.69,58,11,10.78,1,1
9865,0.25,0.81,4.99,63,15,8.11,7,1
9866,0.01,0.37,75.47,11,10,16.22,2,1
9867,0.16,0.22,83.1,35,11,9.06,9,1
9868,0.08,0.48,90.8,98,16,10.87,6,1
9869,0.32,0.18,55.03,96,3,17.05,9,1
9870,0.07,0.34,45.81,86,9,10.1,8,0
9871,0.11,0.43,87.74,4,16,9.37,9,1
9872,0.19,0.87,40.47,66,7,14.77,7,0
9873,0.1,0.81,65.89,33,6,19.63,3,1
9874,0.08,0.5,61.92,73,17,5.94,5,1
9875,0.21,0.75,37.84,35,7,17.52,3,1
9876,0.04,0.61,9.6,38,1,6.82,3,1
9877,0.03,0.41,3.12,95,13,10.17,7,0
9878,0.14,0.75,43.4,78,15,11.25,6,0
9879,0.26,0.72,48.64,57,19,15.78,5,1
9880,0.2,0.66,82.45,95,9,18.9,5,1
9881,0.15,0.66,42.03,33,17,6.53,8,1
9882,0.2,0.71,28.83,44,4,16.17,1,0
9883,0.13,0.45,46.75,53,15,9.83,4,0
9884,0.33,0.88,24.56,80,10,18.53,5,1
9885,0.03,0.25,10.04,20,18,9.17,9,1
9886,0.24,0.9,12.19,63,5,15.41,1,1
9887,0.31,0.41,32.6,51,6,7.47,9,1
9888,0.28,0.21,2.25,14,10,19.37,6,1
9889,0.07,0.64,22.8,35,17,5.06,3,1
9890,0.11,0.44,78.96,45,17,8.49,3,1
9891,0.25,0.83,24.23,33,19,15.14,4,1
9892,0.04,0.49,11.96,61,7,17.8,5,0
9893,0.29,0.7,94.96,93,9,19.9,9,1
9894,0.25,0.38,62.62,72,16,7.6,6,1
9895,0.26,0.29,6.94,53,8,9.61,5,1
9896,0.04,0.45,7.16,98,12,18.38,6,0
9897,0.25,0.65,61.6,78,7,5.49,6,1
9898,0.24,0.69,54.47,78,16,16.0,9,1
9899,0.29,0.62,7.77,50,15,11.35,7,1
9900,0.02,0.99,23.21,15,15,15.33,7,0
9901,0.02,0.72,92.98,42,7,12.87,4,1
9902,0.14,0.94,57.63,20,9,14.41,5,0
9903,0.06,0.21,44.59,92,11,15.0,7,1
9904,0.2,0.16,25.77,68,17,14.47,8,1
9905,0.32,0.38,14.24,7,8,14.97,6,1
9906,0.14,0.22,40.86,66,3,13.53,8,1
9907,0.3,0.57,92.31,73,4,15.71,9,1
9908,0.01,0.57,5.82,23,15,16.64,1,0
9909,0.07,0.62,99.11,36,0,16.82,4,1
9910,0.02,0.77,21.57,12,17,17.8,9,0
9911,0.12,0.97,41.47,23,17,9.75,5,0
9912,0.32,0.89,5.46,95,18,16.19,4,1
9913,0.04,0.21,58.89,11,8,19.2,9,1
9914,0.22,0.4,48.87,1,0,10.51,2,1
9915,0.16,0.33,67.0,77,2,16.66,2,1
9916,0.33,0.26,54.73,39,1,9.37,8,1
9917,0.05,0.59,40.42,93,1,7.63,8,1
9918,0.08,0.6,74.04,70,16,11.7,5,1
9919,0.02,0.3,3.48,31,5,17.1,6,0
9920,0.16,0.74,54.56,9,4,9.61,5,0
9921,0.1,0.76,12.27,56,10,9.42,8,0
9922,0.31,0.12,44.16,18,8,9.17,6,1
9923,0.22,0.46,79.32,59,3,8.27,6,1
9924,0.22,0.9,15.1,67,6,14.17,7,1
9925,0.19,0.57,93.65,96,12,8.65,2,1
9926,0.04,0.41,88.96,3,15,19.02,9,1
9927,0.16,0.33,42.08,30,19,10.19,3,0
9928,0.35,0.32,1.59,64,16,13.14,9,1
9929,0.29,0.19,79.18,70,19,11.14,5,1
9930,0.31,0.84,88.21,91,1,19.44,1,1
9931,0.29,0.18,18.3,2,4,11.36,4,1
9932,0.05,0.36,91.7,20,17,13.46,6,1
9933,0.09,0.14,91.5,81,12,16.45,3,1
9934,0.01,0.8,47.66,97,17,7.57,6,1
9935,0.11,0.14,80.01,81,10,5.49,1,1
9936,0.05,0.38,45.05,29,13,11.82,9,0
9937,0.17,0.62,56.84,9,11,13.26,9,0
9938,0.24,0.47,32.66,4,3,9.31,4,1
9939,0.31,0.35,16.79,40,6,11.94,2,1
9940,0.26,0.35,74.91,55,12,14.23,8,1
9941,0.33,0.82,1.14,13,18,19.6,7,1
9942,0.03,0.98,58.38,6,10,14.03,1,0
9943,0.01,0.41,86.6,73,6,11.73,6,1
9944,0.23,0.14,22.91,26,14,5.34,5,1
9945,0.11,0.13,33.96,41,18,9.66,2,1
9946,0.1,0.78,59.16,42,19,10.38,5,0
9947,0.12,0.6,25.44,78,16,12.15,6,0
9948,0.1,0.81,84.9,61,0,16.73,6,1
9949,0.18,0.73,37.29,62,11,16.64,2,0
9950,0.16,0.92,58.58,98,18,17.68,1,0
9951,0.18,0.9,23.39,68,4,9.35,4,0
9952,0.24,0.81,5.1,21,9,10.2,4,1
9953,0.14,0.53,18.2,31,10,7.25,9,1
9954,0.1,0.38,5.57,43,15,17.86,1,0
9955,0.07,0.56,47.39,21,17,14.78,1,0
9956,0.13,0.55,59.08,29,8,6.16,8,1
9957,0.26,0.65,5.42,55,8,9.55,5,1
9958,0.27,0.27,9.96,58,13,7.29,9,1
9959,0.24,0.69,49.07,24,19,19.54,6,1
9960,0.09,0.51,80.12,45,5,9.87,3,1
9961,0.21,0.66,63.17,80,11,12.45,1,1
9962,0.2,0.32,11.37,9,10,9.77,6,0
9963,0.17,0.49,88.87,85,3,12.11,3,1
9964,0.2,0.29,91.83,66,5,19.98,4,1
9965,0.18,0.89,33.17,2,17,9.31,3,0
9966,0.2,0.54,61.99,37,5,9.24,7,1
9967,0.25,0.3,49.74,37,0,10.57,9,1
9968,0.05,0.14,94.26,69,9,7.54,5,1
9969,0.26,0.71,51.37,46,11,16.08,6,1
9970,0.06,0.29,96.04,6,6,10.69,5,1
9971,0.03,0.99,20.73,48,10,13.71,3,0
9972,0.34,0.58,35.21,8,19,14.92,3,1
9973,0.34,0.36,78.35,32,0,5.53,4,1
9974,0.03,0.69,78.58,77,15,14.66,5,1
9975,0.16,0.35,73.49,67,3,12.99,7,1
9976,0.07,0.84,86.1,73,5,6.24,9,1
9977,0.18,0.38,70.55,68,9,6.87,5,1
9978,0.29,0.99,63.97,28,6,11.61,2,1
9979,0.33,0.64,46.43,40,11,10.19,9,1
9980,0.23,0.86,47.24,16,18,11.56,5,1
9981,0.13,0.17,41.21,57,9,14.53,6,1
9982,0.22,0.41,62.4,75,1,7.32,9,1
9983,0.12,0.76,41.26,55,8,14.94,4,0
9984,0.32,0.69,15.6,83,0,17.27,3,1
9985,0.31,0.27,11.55,86,9,5.04,4,1
9986,0.2,0.42,92.52,39,0,10.53,8,1
9987,0.12,0.34,3.45,76,1,9.13,7,0
9988,0.11,0.65,11.44,55,4,11.48,7,0
9989,0.02,0.41,45.09,30,16,14.23,1,0
9990,0.29,0.38,27.03,42,12,7.81,2,1
9991,0.16,0.29,41.18,5,5,7.01,3,1
9992,0.12,0.47,12.63,45,9,15.93,1,0
9993,0.17,0.28,13.96,64,1,15.29,9,1
9994,0.29,0.97,80.27,32,4,11.91,9,1
9995,0.05,0.24,76.15,98,18,12.52,5,1
9996,0.3,0.92,11.32,12,1,9.05,4,1
9997,0.32,0.49,67.11,66,0,9.94,3,1
9998,0.33,0.44,61.32,52,7,9.8,9,1
9999,0.15,0.31,71.62,71,14,15.9,2,1
10000,0.08,0.67,47.97,32,5,13.33,8,0
10001,0.14,0.72,27.73,35,3,15.94,7,0
10002,0.12,0.52,66.7,6,11,13.86,2,1
10003,0.07,0.15,37.76,22,15,13.18,3,1
10004,0.22,0.93,22.68,89,1,9.81,2,1
10005,0.17,0.98,41.45,47,7,10.93,3,0
10006,0.3,0.49,76.56,13,5,18.31,4,1
10007,0.02,0.65,48.1,23,2,13.64,5,0
10008,0.23,0.51,30.69,44,0,12.87,2,1
10009,0.27,0.39,83.35,9,7,5.8,7,1
10010,0.27,0.17,88.28,59,11,15.06,4,1
10011,0.31,0.51,43.89,30,6,15.29,1,1
10012,0.26,0.84,38.09,84,16,15.36,4,1
10013,0.33,0.12,61.66,44,12,6.37,9,1
10014,0.12,0.62,6.74,49,17,9.51,5,0
10015,0.18,0.89,69.44,16,15,10.57,2,1
10016,0.01,0.3,78.45,86,7,17.4,6,1
10017,0.01,0.26,40.35,74,11,19.71,7,1
10018,0.09,0.8,18.29,84,5,11.22,2,0
10019,0.04,0.33,3.85,53,1,13.31,2,0
10020,0.1,0.27,64.09,2,6,5.11,3,1
10021,0.07,0.44,27.63,67,3,5.13,4,1
10022,0.02,0.45,46.93,42,19,6.12,5,1
10023,0.32,0.89,39.25,64,15,15.79,3,1
10024,0.01,0.66,18.31,8,16,7.67,4,1
10025,0.26,0.47,51.33,73,2,16.37,7,1
10026,0.06,0.58,46.5,92,2,11.48,6,0
10027,0.32,0.96,62.79,21,13,17.75,2,1
10028,0.31,0.2,25.94,97,13,18.05,7,1
10029,0.23,0.29,22.25,60,6,18.2,2,1
10030,0.24,0.97,81.62,34,0,13.15,3,1
10031,0.01,0.96,70.52,4,14,16.83,1,1
10032,0.34,0.26,77.45,89,13,14.93,6,1
10033,0.31,0.23,13.21,62,3,7.8,4,1
10034,0.31,0.48,23.18,96,3,10.72,9,1
10035,0.23,0.14,57.98,76,10,19.44,4,1
10036,0.13,0.69,85.86,2,0,16.59,6,1
10037,0.31,0.17,89.32,50,10,8.94,8,1
10038,0.11,0.15,83.36,76,11,9.21,5,1
10039,0.2,0.54,5.3,26,14,8.81,3,0
10040,0.04,0.96,82.27,85,14,9.93,9,1
10041,0.32,0.48,90.01,37,3,18.92,3,1
10042,0.06,0.42,6.62,55,5,11.5,9,0
10043,0.09,1.0,42.21,18,1,10.46,2,0
10044,0.2,0.58,54.12,24,8,8.59,8,0
10045,0.27,0.44,24.04,30,7,18.39,6,1
10046,0.22,0.45,52.15,17,18,19.36,9,1
10047,0.09,0.28,88.71,80,7,9.85,5,1
10048,0.01,0.56,86.83,42,19,14.25,4,1
10049,0.27,0.49,94.04,81,9,19.38,2,1
10050,0.34,0.34,48.93,12,16,12.49,1,1
10051,0.29,0.24,41.65,27,18,12.03,4,1
10052,0.17,0.38,66.91,55,0,12.92,8,1
10053,0.32,0.56,42.26,4,14,5.5,9,1
10054,0.15,0.15,5.15,35,10,9.5,1,1
10055,0.19,0.24,72.27,65,6,15.48,2,1
10056,0.17,0.95,28.82,76,15,19.5,3,0
10057,0.16,0.59,5.86,29,2,13.53,8,0
10058,0.27,0.16,3.04,72,11,7.86,9,1
10059,0.19,0.72,93.2,72,15,11.4,3,1
10060,0.12,0.16,25.96,76,19,12.35,4,1
10061,0.1,0.76,45.34,36,18,7.28,8,1
10062,0.02,0.77,95.11,34,1,9.94,3,1
10063,0.21,0.69,47.28,36,7,11.68,6,1
10064,0.09,0.76,8.78,55,18,8.93,1,0
10065,0.06,0.18,55.64,4,10,10.31,7,1
10066,0.23,0.75,9.73,11,10,9.14,5,1
10067,0.24,0.22,10.41,59,1,14.19,4,1
10068,0.27,0.41,85.3,3,4,13.68,8,1
10069,0.18,0.95,29.65,74,4,13.28,8,0
10070,0.31,0.55,68.19,12,9,6.45,7,1
10071,0.33,0.97,51.38,73,1,7.75,1,1
10072,0.28,0.18,23.01,21,14,6.66,6,1
10073,0.23,0.53,52.26,98,17,5.95,3,1
10074,0.11,0.16,7.83,22,11,8.7,8,1
10075,0.34,0.67,35.37,18,9,7.92,3,1
10076,0.1,0.17,52.76,6,6,15.87,8,1
10077,0.08,0.26,23.61,89,14,15.44,5,1
10078,0.16,0.33,66.36,79,14,8.02,5,1
10079,0.03,0.77,6.13,65,11,7.48,8,1
10080,0.34,0.25,49.0,55,19,7.17,3,1
10081,0.21,0.86,71.78,40,14,9.8,4,1
10082,0.2,0.22,43.56,82,2,9.41,1,1
10083,0.23,0.13,87.58,52,15,5.43,9,1
10084,0.18,0.46,63.59,44,18,13.52,3,1
10085,0.02,0.98,95.89,95,6,18.47,8,1
10086,0.22,0.2,29.13,62,16,13.08,1,1
10087,0.25,0.19,93.94,84,3,5.96,1,1
10088,0.15,0.78,61.08,89,14,13.99,6,1
10089,0.27,0.38,74.77,97,8,12.27,6,1
10090,0.09,0.75,90.31,74,16,18.6,7,1
10091,0.09,0.28,55.57,29,0,10.45,1,1
10092,0.06,0.51,86.36,19,1,16.28,3,1
10093,0.14,0.34,54.63,28,6,5.58,4,1
10094,0.3,0.51,60.32,91,13,15.82,9,1
10095,0.29,0.79,45.06,19,4,5.62,8,1
10096,0.14,0.79,15.42,31,3,10.17,4,0
10097,0.21,0.56,55.8,54,12,19.22,7,1
10098,0.26,0.94,97.77,99,9,15.55,9,1
10099,0.09,0.34,78.93,62,12,18.88,8,1
10100,0.07,0.32,75.0,14,11,12.44,5,1
10101,0.34,0.65,64.69,50,17,14.09,9,1
10102,0.22,0.66,35.44,59,10,12.77,5,1
10103,0.34,0.14,17.79,70,17,12.18,3,1
10104,0.12,0.65,23.23,58,11,13.67,6,0
10105,0.25,0.44,1.63,9,0,5.58,3,1
10106,0.09,0.77,67.67,57,15,7.79,2,1
10107,0.1,0.83,81.38,41,13,8.22,7,1
10108,0.18,0.6,27.62,27,0,10.74,3,0
10109,0.12,0.1,10.09,58,6,11.52,5,1
10110,0.07,0.67,34.24,81,18,16.1,9,0
10111,0.1,0.77,29.91,68,4,7.48,4,1
10112,0.02,0.32,45.64,58,16,13.55,9,0
10113,0.25,0.52,27.15,24,9,9.08,6,1
10114,0.18,0.97,34.63,80,3,12.73,3,0
10115,0.04,0.37,90.85,62,13,14.4,1,1
10116,0.07,0.3,34.15,81,5,13.74,8,0
10117,0.04,0.29,78.77,67,11,8.23,4,1
10118,0.22,0.6,62.96,3,19,15.64,6,1
10119,0.04,0.95,34.42,51,11,14.81,2,0
10120,0.27,0.65,81.96,99,0,18.98,4,1
10121,0.02,0.37,59.91,67,11,14.51,8,0
10122,0.09,0.67,1.85,80,5,15.8,2,0
10123,0.31,0.66,7.8,57,3,17.17,6,1
10124,0.25,0.64,75.51,20,16,6.59,2,1
10125,0.03,0.24,45.21,45,9,15.45,8,1
10126,0.29,0.67,41.15,6,18,9.78,3,1
10127,0.18,0.49,15.44,33,10,17.35,9,0
10128,0.3,0.12,16.57,43,0,12.2,6,1
10129,0.21,0.59,79.98,50,4,13.71,3,1
10130,0.24,0.99,83.07,27,13,8.91,2,1
10131,0.35,0.41,56.44,30,12,14.76,8,1
10132,0.09,0.97,30.22,99,1,5.53,4,1
10133,0.22,0.19,93.34,18,13,16.23,8,1
10134,0.17,0.76,62.77,30,5,7.45,7,1
10135,0.02,0.2,79.87,90,5,8.41,2,1
10136,0.01,0.35,1.33,15,0,5.01,7,1
10137,0.05,0.61,45.58,96,19,9.7,4,0
10138,0.23,0.63,87.22,99,10,10.82,6,1
10139,0.2,0.8,34.49,76,3,8.51,8,0
10140,0.2,0.65,72.93,62,5,8.45,9,1
10141,0.02,0.63,66.11,21,1,18.39,4,1
10142,0.17,0.92,16.07,12,19,9.9,3,0
10143,0.32,0.51,77.72,49,4,15.83,2,1
10144,0.15,0.3,12.14,1,14,8.56,4,0
10145,0.22,0.25,73.06,75,7,17.14,2,1
10146,0.28,0.46,99.11,55,16,15.17,3,1
10147,0.28,0.74,95.84,25,9,16.34,1,1
10148,0.19,0.14,80.22,47,8,11.59,7,1
10149,0.3,0.22,53.92,73,1,18.19,6,1
10150,0.14,0.2,67.81,39,10,10.61,1,1
10151,0.31,0.63,73.08,27,1,14.01,9,1
10152,0.09,0.32,1.83,93,15,14.6,6,0
10153,0.11,0.25,11.13,50,3,19.28,5,1
10154,0.03,0.63,60.11,91,16,7.02,1,1
10155,0.28,0.79,1.65,55,8,7.03,5,1
10156,0.15,0.4,90.98,28,11,11.93,2,1
10157,0.09,0.62,49.48,57,4,18.77,7,0
10158,0.09,0.19,26.52,82,2,5.33,6,1
10159,0.32,0.94,39.99,79,5,9.14,4,1
10160,0.29,0.4,85.23,16,6,9.25,3,1
10161,0.2,1.0,92.79,87,3,9.57,5,1
10162,0.22,0.98,12.51,94,13,5.37,3,1
10163,0.17,0.8,78.02,56,13,17.38,9,1
10164,0.14,0.12,58.24,35,1,5.13,6,1
10165,0.32,0.59,58.96,28,14,12.17,2,1
10166,0.05,0.18,78.17,46,11,5.85,7,1
10167,0.15,0.91,23.06,67,13,16.98,8,0
10168,0.13,0.81,53.57,16,9,16.2,9,0
10169,0.18,0.98,32.62,79,2,15.82,4,0
10170,0.17,0.65,10.36,83,1,16.04,1,0
10171,0.19,0.57,11.4,74,1,19.1,8,0
10172,0.06,0.57,14.51,49,10,11.25,1,0
10173,0.18,0.45,61.88,68,11,17.92,5,1
10174,0.09,0.52,11.48,22,14,7.76,2,1
10175,0.07,0.67,57.44,18,11,11.77,8,0
10176,0.03,0.94,59.24,22,10,5.13,5,1
10177,0.27,0.64,90.49,16,19,9.26,6,1
10178,0.16,0.87,63.01,56,19,11.87,7,1
10179,0.22,0.88,98.57,3,13,18.64,4,1
10180,0.26,0.57,4.07,53,4,9.75,5,1
10181,0.24,0.41,70.71,35,18,15.09,9,1
10182,0.17,0.68,3.62,80,16,17.51,6,0
10183,0.14,0.5,73.21,85,14,9.9,8,1
10184,0.14,0.17,39.2,21,19,7.54,4,1
10185,0.23,0.44,61.52,65,16,13.87,4,1
10186,0.18,0.99,31.64,57,11,9.27,8,0
10187,0.3,0.14,16.75,94,7,14.79,3,1
10188,0.31,0.73,72.63,47,14,7.02,5,1
10189,0.07,0.86,90.56,34,1,7.27,3,1
10190,0.06,0.68,19.17,48,16,15.14,1,0
10191,0.22,0.61,92.15,39,9,19.6,3,1
10192,0.11,0.74,14.88,87,17,8.7,6,0
10193,0.02,0.49,73.83,98,11,15.71,6,1
10194,0.31,0.18,95.99,30,0,12.98,7,1
10195,0.09,0.97,15.59,50,3,17.66,3,0
10196,0.33,0.49,44.07,97,4,10.83,9,1
10197,0.25,0.7,34.41,16,2,19.58,9,1
10198,0.27,0.58,39.46,94,0,6.24,2,1
10199,0.08,0.15,75.56,3,6,19.77,8,1
10200,0.09,0.96,66.46,61,19,17.69,2,1
10201,0.19,0.81,96.9,2,11,18.0,2,1
10202,0.07,0.23,19.36,26,5,17.64,6,1
10203,0.11,0.98,54.78,18,19,17.93,8,0
10204,0.12,0.76,45.46,66,16,17.23,1,0
10205,0.06,0.53,91.97,40,10,18.49,8,1
10206,0.08,0.65,2.05,3,7,11.91,8,0
10207,0.28,0.2,98.93,17,10,19.09,4,1
10208,0.07,0.6,48.49,24,12,10.77,6,0
10209,0.02,0.17,62.93,2,8,15.93,2,1
10210,0.22,0.59,36.65,70,18,15.66,1,1
10211,0.34,0.6,85.4,40,19,17.31,7,1
10212,0.12,0.89,56.64,26,4,16.08,7,0
10213,0.05,0.75,66.62,57,9,5.53,3,1
10214,0.2,0.32,65.24,49,12,16.09,3,1
10215,0.32,0.9,37.03,57,4,5.35,1,1
10216,0.28,0.62,8.52,56,2,13.0,1,1
10217,0.22,0.65,80.96,70,16,17.58,2,1
10218,0.12,0.25,29.68,76,9,17.44,3,1
10219,0.19,0.87,85.04,21,16,17.62,4,1
10220,0.04,0.94,61.26,16,5,14.04,8,1
10221,0.24,0.8,36.02,6,13,7.76,5,1
10222,0.26,0.95,59.83,34,8,12.62,2,1
10223,0.34,0.37,64.9,59,4,12.74,7,1
10224,0.1,0.88,70.96,67,19,9.87,8,1
10225,0.02,0.54,82.41,41,7,11.36,3,1
10226,0.2,0.25,16.82,19,15,18.08,6,1
10227,0.25,0.7,94.47,29,6,12.77,8,1
10228,0.28,0.72,41.67,32,1,15.57,6,1
10229,0.08,0.36,86.18,10,8,12.44,6,1
10230,0.1,0.12,22.83,64,9,14.26,8,1
10231,0.18,0.28,3.87,91,18,6.39,1,1
10232,0.12,0.46,57.76,93,3,18.97,2,0
10233,0.3,0.25,33.14,77,12,11.54,3,1
10234,0.17,0.27,98.46,20,1,16.22,7,1
10235,0.28,0.45,11.34,28,18,15.01,1,1
10236,0.21,0.97,5.68,27,5,16.99,4,1
10237,0.27,0.79,5.46,77,15,5.52,3,1
10238,0.12,0.39,22.47,25,14,19.03,8,0
10239,0.29,0.96,58.34,29,13,17.45,7,1
10240,0.1,0.68,51.05,15,12,17.51,1,0
10241,0.2,0.51,35.66,45,16,12.01,9,0
10242,0.08,0.52,9.79,45,17,16.94,4,0
10243,0.17,0.47,24.14,30,19,13.63,7,0
10244,0.12,0.31,19.23,38,0,12.55,6,0
10245,0.1,0.45,74.82,60,3,16.77,3,1
10246,0.34,0.58,78.21,32,15,14.42,6,1
10247,0.06,0.58,77.92,50,17,6.16,7,1
10248,0.28,0.79,96.94,71,9,9.72,5,1
10249,0.34,0.42,88.54,35,19,14.33,4,1
10250,0.02,0.75,50.28,97,7,18.56,6,0
10251,0.25,0.62,42.08,76,5,19.0,8,1
10252,0.1,0.97,91.66,87,16,17.58,7,1
10253,0.02,0.45,61.51,5,4,8.81,3,1
10254,0.15,0.91,30.15,31,3,12.1,2,0
10255,0.33,0.84,56.88,80,3,11.5,5,1
10256,0.01,0.67,99.22,97,18,11.58,9,1
10257,0.21,0.69,85.1,53,8,5.75,5,1
10258,0.18,0.18,28.85,1,12,7.6,1,1
10259,0.31,0.96,95.34,86,6,7.3,9,1
10260,0.04,0.2,98.16,92,17,14.26,2,1
10261,0.24,0.61,23.89,69,17,11.18,2,1
10262,0.24,0.4,89.66,68,16,9.87,6,1
10263,0.24,0.49,88.44,65,7,11.66,3,1
10264,0.33,0.65,4.94,15,10,9.86,5,1
10265,0.29,0.92,67.3,52,5,16.36,5,1
10266,0.02,0.51,31.22,38,7,7.51,3,1
10267,0.17,0.99,67.79,24,7,5.84,8,1
10268,0.15,0.63,91.44,23,18,14.76,3,1
10269,0.12,0.24,50.38,47,14,8.46,6,1
10270,0.16,0.27,42.03,7,18,14.65,5,1
10271,0.14,0.74,92.23,31,5,5.88,7,1
10272,0.16,0.15,97.44,7,3,8.71,6,1
10273,0.34,0.53,7.16,77,6,7.31,9,1
10274,0.04,0.23,92.36,4,1,9.36,2,1
10275,0.32,0.49,9.19,54,1,9.93,6,1
10276,0.17,0.77,34.39,82,13,12.43,5,0
10277,0.22,0.51,76.49,83,8,12.8,9,1
10278,0.29,0.25,77.93,80,6,14.45,2,1
10279,0.13,0.33,72.86,52,4,9.97,8,1
10280,0.16,0.43,4.87,82,11,12.98,7,0
10281,0.15,0.16,14.16,80,17,19.85,1,1
10282,0.14,0.63,93.69,48,18,8.16,3,1
10283,0.32,0.65,9.06,95,15,7.29,4,1
10284,0.29,0.16,8.78,89,11,17.64,8,1
10285,0.05,0.46,83.73,66,5,11.16,2,1
10286,0.05,0.47,64.49,54,0,17.7,8,1
10287,0.16,0.4,35.81,92,11,11.37,2,0
10288,0.04,0.6,17.41,80,10,5.33,3,1
10289,0.22,0.41,88.53,54,10,10.62,8,1
10290,0.06,0.47,98.87,45,8,14.15,9,1
10291,0.19,0.82,5.95,40,1,11.71,5,0
10292,0.01,0.25,55.86,35,7,11.89,4,1
10293,0.12,0.66,26.87,24,0,19.97,3,0
10294,0.24,0.56,83.41,35,0,13.16,3,1
10295,0.17,0.37,35.26,94,11,15.45,9,0
10296,0.34,0.75,71.75,37,3,15.81,4,1
10297,0.31,0.6,54.41,75,0,5.0,2,1
10298,0.13,0.53,54.61,34,11,13.29,4,0
10299,0.03,0.7,85.94,24,13,19.45,3,1
10300,0.3,0.82,47.57,93,0,16.26,5,1
10301,0.32,0.98,84.71,4,11,10.11,4,1
10302,0.29,0.67,36.98,50,4,10.47,2,1
10303,0.05,0.89,18.3,94,1,9.55,1,0
10304,0.35,0.1,46.09,78,3,14.45,1,1
10305,0.1,0.58,50.34,24,10,6.46,1,1
10306,0.26,0.29,48.36,98,17,9.35,3,1
10307,0.32,0.18,81.02,36,18,12.47,2,1
10308,0.09,0.58,56.9,79,17,13.03,4,0
10309,0.32,0.77,88.96,35,19,14.11,3,1
10310,0.12,0.47,51.9,29,14,16.96,7,0
10311,0.34,0.7,23.25,36,14,7.45,8,1
10312,0.11,0.54,13.82,68,8,8.38,5,0
10313,0.33,0.49,86.97,79,7,18.08,6,1
10314,0.03,0.36,6.56,11,9,17.47,7,0
10315,0.25,0.44,12.64,55,7,17.32,9,1
10316,0.19,0.41,7.3,49,10,8.13,1,0
10317,0.17,0.68,42.95,79,18,5.87,2,1
10318,0.09,0.2,53.73,57,11,12.85,1,1
10319,0.25,0.18,2.97,85,6,18.05,9,1
10320,0.07,0.69,52.04,99,0,8.56,2,0
10321,0.2,0.59,39.98,87,2,18.56,2,0
10322,0.1,0.49,77.59,55,12,7.12,5,1
10323,0.33,0.24,83.17,56,3,9.47,9,1
10324,0.02,0.47,68.81,74,9,9.47,3,1
10325,0.08,0.81,47.88,4,5,7.27,8,1
10326,0.09,0.9,22.4,25,3,18.09,1,0
10327,0.15,0.73,84.86,2,7,11.19,2,1
10328,0.09,0.15,34.83,19,13,7.86,8,1
10329,0.18,0.7,36.27,88,17,7.21,1,1
10330,0.31,0.32,91.69,8,7,11.31,9,1
10331,0.25,0.38,97.58,64,4,5.26,4,1
10332,0.21,0.28,89.91,6,13,6.82,3,1
10333,0.04,0.8,99.83,84,14,5.06,3,1
10334,0.25,0.68,87.02,14,19,5.37,1,1
10335,0.07,0.65,70.73,70,16,19.96,8,1
10336,0.28,0.7,30.09,76,3,11.73,4,1
10337,0.1,0.31,95.34,71,19,15.93,1,1
10338,0.15,0.5,87.79,57,12,16.06,5,1
10339,0.13,0.67,24.83,30,14,18.21,8,0
10340,0.3,0.67,49.43,80,8,6.56,8,1
10341,0.05,0.81,7.94,8,16,12.89,3,0
10342,0.2,0.36,95.38,14,2,9.83,4,1
10343,0.06,0.79,57.7,48,8,13.23,4,0
10344,0.25,0.5,25.27,84,10,9.98,3,1
10345,0.32,0.7,29.95,28,19,7.75,6,1
10346,0.16,0.51,98.08,6,4,15.09,3,1
10347,0.18,0.95,61.95,30,17,5.58,6,1
10348,0.33,0.26,42.65,4,11,18.43,5,1
10349,0.19,0.71,50.48,67,18,7.19,2,1
10350,0.18,0.62,10.76,10,4,14.23,8,0
10351,0.21,0.26,8.43,27,11,16.31,7,1
10352,0.24,0.16,59.68,82,5,6.09,7,1
10353,0.05,0.82,51.69,45,16,18.55,6,0
10354,0.29,0.24,36.56,75,13,10.34,9,1
10355,0.16,0.27,57.05,35,2,19.95,4,1
10356,0.03,0.98,8.19,13,0,6.03,5,1
10357,0.28,0.75,94.46,55,12,15.75,9,1
10358,0.14,0.33,30.08,87,17,7.41,3,1
10359,0.04,0.63,8.11,43,9,11.04,3,0
10360,0.23,0.58,17.78,73,18,11.65,8,1
10361,0.31,0.86,10.45,68,18,11.09,6,1
10362,0.31,0.76,18.68,43,16,10.06,2,1
10363,0.34,0.85,42.26,40,6,16.51,3,1
10364,0.31,0.29,74.07,31,7,17.3,8,1
10365,0.01,0.68,27.96,3,15,10.03,5,0
10366,0.14,0.14,44.16,17,15,12.24,2,1
10367,0.29,0.16,92.95,80,15,11.33,3,1
10368,0.13,0.74,30.29,39,19,13.9,2,0
10369,0.21,0.12,79.68,66,8,7.25,5,1
10370,0.22,0.62,16.62,69,12,17.09,5,1
10371,0.13,0.86,18.65,97,3,16.96,9,0
10372,0.32,0.44,46.16,77,9,13.86,6,1
10373,0.18,0.14,24.18,76,8,16.19,2,1
10374,0.17,0.74,90.4,19,17,19.83,1,1
10375,0.35,0.94,6.02,22,11,18.84,7,1
10376,0.18,0.75,60.13,8,9,14.17,7,1
10377,0.07,0.62,60.82,68,16,12.67,6,1
10378,0.18,0.31,7.54,71,11,13.02,2,0
10379,0.29,0.11,73.52,86,1,12.0,8,1
10380,0.27,0.73,47.42,18,13,12.2,4,1
10381,0.28,0.31,72.58,6,5,15.98,7,1
10382,0.25,0.87,82.87,4,10,19.88,8,1
10383,0.1,0.52,32.97,41,13,5.68,7,1
10384,0.3,0.58,48.96,51,13,8.45,3,1
10385,0.31,0.78,26.82,12,5,8.15,8,1
10386,0.08,0.8,20.95,37,0,17.49,4,0
10387,0.05,0.68,1.06,2,16,11.3,8,0
10388,0.34,0.94,96.4,3,16,12.88,5,1
10389,0.31,0.98,44.65,45,16,12.04,9,1
10390,0.31,0.95,2.29,85,9,17.81,3,1
10391,0.31,0.84,1.88,39,9,12.5,2,1
10392,0.19,0.74,29.55,77,13,15.02,4,0
10393,0.23,0.7,2.38,54,0,5.29,2,1
10394,0.2,0.19,38.08,78,1,14.79,2,1
10395,0.03,0.34,7.23,94,17,8.61,1,0
10396,0.26,0.11,4.89,18,19,18.0,8,1
10397,0.18,0.22,67.27,13,2,16.27,1,1
10398,0.23,0.5,90.78,14,3,6.64,8,1
10399,0.18,0.23,41.53,41,4,6.55,9,1
10400,0.18,0.91,83.84,40,19,9.39,6,1
10401,0.07,0.83,3.9,89,2,6.89,7,1
10402,0.1,0.16,77.99,91,2,16.1,6,1
10403,0.06,0.32,7.22,87,3,19.8,1,0
10404,0.08,0.84,84.01,71,5,14.83,1,1
10405,0.34,0.82,88.35,48,6,8.74,1,1
10406,0.06,0.95,78.81,10,3,13.46,3,1
10407,0.1,1.0,82.25,89,14,17.08,7,1
10408,0.21,0.98,56.59,54,5,19.43,8,1
10409,0.22,0.47,27.22,35,4,5.08,1,1
10410,0.06,0.33,64.68,24,7,12.86,6,1
10411,0.28,0.78,44.51,49,5,11.8,8,1
10412,0.28,0.37,1.53,42,16,11.22,5,1
10413,0.09,0.83,48.21,75,15,12.56,2,0
10414,0.11,0.58,65.47,84,10,11.05,4,1
10415,0.33,0.81,2.37,74,0,10.16,4,1
10416,0.29,0.35,62.51,50,13,6.72,4,1
10417,0.25,0.56,65.6,21,12,12.5,8,1
10418,0.04,0.61,16.65,28,9,17.32,6,0
10419,0.15,0.95,43.68,92,9,6.57,9,1
10420,0.2,0.34,96.47,55,7,16.08,1,1
10421,0.07,0.94,88.53,27,8,9.02,1,1
10422,0.16,0.82,41.67,97,3,10.72,2,0
10423,0.21,0.76,35.63,68,10,19.82,5,1
10424,0.12,0.81,13.28,99,8,15.13,6,0
10425,0.28,0.64,4.48,84,11,15.79,3,1
10426,0.3,0.32,30.45,6,12,14.04,1,1
10427,0.12,0.27,94.09,58,7,9.84,7,1
10428,0.3,0.88,95.9,6,12,15.13,1,1
10429,0.05,0.75,81.44,60,0,11.86,7,1
10430,0.29,0.29,35.73,81,10,17.48,9,1
10431,0.06,0.65,15.22,19,1,13.57,1,0
10432,0.04,0.5,59.96,61,4,16.57,8,0
10433,0.23,0.24,65.0,17,10,17.73,9,1
10434,0.17,0.58,43.03,49,3,17.32,8,0
10435,0.32,0.35,69.47,3,7,11.03,1,1
10436,0.13,0.19,74.92,34,11,10.53,4,1
10437,0.11,0.52,78.52,62,2,18.04,4,1
10438,0.18,0.63,50.73,60,16,7.15,1,1
10439,0.17,0.14,79.37,68,7,9.19,7,1
10440,0.13,0.46,3.52,87,5,6.82,7,1
10441,0.25,0.33,68.36,82,3,5.63,9,1
10442,0.27,0.13,24.33,34,3,14.24,8,1
10443,0.3,0.21,27.78,29,6,18.51,3,1
10444,0.34,0.23,10.04,60,9,6.94,2,1
10445,0.1,0.26,20.05,44,5,16.94,3,1
10446,0.25,0.82,99.21,15,3,10.69,8,1
10447,0.14,0.5,42.12,45,9,14.27,6,0
10448,0.24,0.23,92.85,75,19,16.46,3,1
10449,0.17,0.19,17.13,9,16,15.65,2,1
10450,0.35,0.37,21.2,35,19,7.05,1,1
10451,0.26,0.82,56.22,10,5,6.73,8,1
10452,0.33,0.43,35.6,38,10,18.86,3,1
10453,0.29,0.24,64.75,29,17,6.19,3,1
10454,0.32,0.46,42.78,46,8,8.28,5,1
10455,0.29,0.6,81.35,70,11,11.58,5,1
10456,0.17,0.13,43.72,83,10,17.32,9,1
10457,0.1,0.66,57.66,90,17,14.04,5,0
10458,0.14,0.46,32.79,73,1,13.57,7,0
10459,0.02,0.11,70.7,45,15,15.38,7,1
10460,0.19,0.71,65.82,77,8,17.03,7,1
10461,0.18,0.74,40.3,90,15,8.49,5,0
10462,0.19,0.67,28.33,53,11,5.28,3,1
10463,0.34,0.41,61.8,84,16,6.91,7,1
10464,0.32,0.58,94.37,2,12,7.48,8,1
10465,0.06,0.45,14.13,4,3,5.6,4,1
10466,0.14,0.73,80.11,71,12,16.21,6,1
10467,0.15,0.63,54.76,19,11,18.27,5,0
10468,0.13,0.17,53.03,99,1,15.66,2,1
10469,0.28,0.68,96.21,11,16,7.83,1,1
10470,0.19,0.72,60.98,83,14,14.1,6,1
10471,0.2,0.43,83.22,32,12,12.81,6,1
10472,0.3,0.89,51.93,14,1,17.3,7,1
10473,0.28,0.86,25.74,49,5,19.13,5,1
10474,0.05,0.26,69.75,69,11,16.14,1,1
10475,0.25,0.91,92.39,25,0,12.69,6,1
10476,0.16,0.5,84.28,14,14,12.67,4,1
10477,0.11,0.75,20.64,39,2,17.12,7,0
10478,0.03,0.83,32.37,12,9,6.84,2,1
10479,0.18,0.55,52.17,49,5,7.3,9,1
10480,0.13,0.46,57.59,84,4,10.15,7,0
10481,0.1,0.92,20.19,18,7,16.21,5,0
10482,0.25,0.31,23.77,1,5,5.99,2,1
10483,0.27,0.33,76.12,4,10,10.16,1,1
10484,0.09,0.43,73.3,12,13,9.78,5,1
10485,0.03,0.87,84.08,26,19,12.29,5,1
10486,0.3,0.94,93.36,32,4,11.96,3,1
10487,0.01,0.3,31.52,79,12,15.72,9,0
10488,0.33,0.88,86.1,52,8,14.38,1,1
10489,0.22,0.33,66.94,99,9,18.54,5,1
10490,0.12,0.97,95.82,90,10,7.71,4,1
10491,0.09,0.64,27.94,15,5,11.48,2,0
10492,0.01,0.11,27.7,8,4,11.0,1,1
10493,0.09,0.13,70.73,92,4,6.69,4,1
10494,0.06,0.23,92.91,30,15,7.47,6,1
10495,0.22,0.27,82.63,54,7,10.05,8,1
10496,0.07,0.79,72.98,67,14,16.02,2,1
10497,0.19,0.3,39.34,70,14,7.25,2,1
10498,0.21,0.97,72.06,95,8,8.98,6,1
10499,0.11,0.67,80.31,90,14,15.15,4,1
10500,0.02,0.72,75.58,8,7,13.95,9,1
10501,0.02,0.3,68.0,63,13,6.57,4,1
10502,0.02,0.9,5.67,93,6,19.16,2,0
10503,0.26,0.7,66.31,17,11,7.22,1,1
10504,0.12,0.88,48.35,16,0,5.92,6,1
10505,0.28,0.96,96.2,45,14,9.56,1,1
10506,0.16,0.21,61.11,68,6,5.4,6,1
10507,0.16,0.19,61.21,10,14,5.46,8,1
10508,0.18,0.82,99.41,80,9,13.68,6,1
10509,0.25,0.88,10.27,19,5,18.39,4,1
10510,0.1,0.63,28.36,39,15,11.04,2,0
10511,0.05,0.43,65.95,50,13,9.53,5,1
10512,0.2,0.69,32.21,77,11,18.72,5,0
10513,0.12,0.38,35.27,60,16,5.92,8,1
10514,0.16,0.31,89.37,68,9,12.1,3,1
10515,0.23,0.54,58.36,32,9,8.79,2,1
10516,0.18,0.29,11.18,82,7,10.73,1,1
10517,0.22,0.54,31.78,80,10,11.16,2,1
10518,0.2,0.96,8.53,89,17,13.18,2,0
10519,0.26,0.86,56.06,64,12,11.8,1,1
10520,0.25,0.95,18.15,80,19,19.82,8,1
10521,0.19,0.83,85.85,86,15,5.38,8,1
10522,0.24,0.42,58.15,24,13,16.36,4,1
10523,0.31,0.83,6.88,28,11,5.76,3,1
10524,0.16,0.93,30.79,23,12,11.47,1,0
10525,0.15,0.95,62.02,63,12,8.03,8,1
10526,0.27,0.71,34.21,56,15,19.18,8,1
10527,0.21,0.29,51.8,85,0,15.84,4,1
10528,0.03,0.14,91.03,73,11,11.94,5,1
10529,0.31,0.23,35.65,66,8,19.28,4,1
10530,0.02,0.97,34.25,38,12,15.82,5,0
10531,0.26,0.52,82.16,28,12,19.28,4,1
10532,0.27,0.87,32.56,26,7,15.57,9,1
10533,0.33,0.52,8.72,60,17,6.17,1,1
10534,0.03,0.69,18.91,60,17,14.24,3,0
10535,0.21,0.12,94.93,91,8,19.71,7,1
10536,0.16,0.32,93.4,55,0,8.21,6,1
10537,0.12,0.49,23.26,25,6,16.89,8,0
10538,0.04,0.67,55.8,21,12,7.77,6,1
10539,0.2,0.25,14.6,25,14,11.78,8,1
10540,0.17,0.79,67.79,58,1,6.27,1,1
10541,0.05,0.43,19.35,38,7,10.11,9,0
10542,0.22,0.84,5.93,46,19,16.64,5,1
10543,0.26,0.19,82.66,75,4,5.68,2,1
10544,0.27,0.71,33.21,92,8,9.8,1,1
10545,0.32,0.36,11.74,4,16,14.45,4,1
10546,0.15,0.82,83.56,19,13,19.23,8,1
10547,0.33,0.46,76.48,62,8,8.68,3,1
10548,0.3,0.7,68.69,24,14,7.6,4,1
10549,0.11,0.94,91.21,86,19,8.06,2,1
10550,0.06,0.12,49.43,55,0,8.55,2,1
10551,0.16,0.11,13.68,25,12,14.57,2,1
10552,0.15,0.79,7.07,72,9,19.98,1,0
10553,0.21,0.68,32.53,84,11,12.85,5,1
10554,0.21,0.36,9.6,65,13,9.07,5,1
10555,0.26,0.54,54.02,68,5,16.2,3,1
10556,0.18,0.14,2.44,12,10,7.37,3,1
10557,0.05,0.27,44.93,25,6,5.45,8,1
10558,0.3,0.48,18.67,21,19,14.08,7,1
10559,0.12,0.85,37.46,19,3,8.15,4,0
10560,0.34,0.53,67.83,98,11,10.99,8,1
10561,0.05,0.63,35.75,70,1,8.47,9,0
10562,0.34,0.89,34.79,52,19,18.77,6,1
10563,0.04,0.38,99.08,54,13,10.07,7,1
10564,0.09,0.73,72.16,35,8,11.74,7,1
10565,0.03,0.88,51.87,3,13,8.52,5,0
10566,0.25,0.28,58.36,33,5,6.27,4,1
10567,0.3,0.42,62.4,73,4,12.69,2,1
10568,0.16,0.98,3.43,7,19,18.03,1,0
10569,0.33,0.98,8.95,27,18,10.28,8,1
10570,0.21,0.3,65.27,1,17,16.71,2,1
10571,0.22,0.16,37.08,40,6,5.49,8,1
10572,0.3,0.34,6.49,18,0,8.53,9,1
10573,0.11,0.46,30.45,35,19,6.97,4,1
10574,0.13,0.5,13.9,81,8,11.04,1,0
10575,0.32,0.66,91.72,39,7,18.41,6,1
10576,0.32,0.91,21.09,11,10,10.6,8,1
10577,0.34,0.4,15.23,45,6,14.05,1,1
10578,0.32,0.86,62.99,75,16,18.47,5,1
10579,0.05,0.18,52.67,3,14,10.4,1,1
10580,0.29,0.14,58.02,77,7,10.49,7,1
10581,0.15,0.55,44.16,52,19,6.32,6,1
10582,0.35,0.15,47.25,60,11,10.24,4,1
10583,0.17,0.45,78.1,92,4,16.19,8,1
10584,0.2,0.91,22.77,58,7,17.67,8,0
10585,0.19,0.32,40.26,54,4,15.84,2,0
10586,0.12,0.74,95.82,34,13,5.1,5,1
10587,0.04,0.37,19.81,28,3,6.75,1,1
10588,0.31,0.14,30.08,61,14,15.96,3,1
10589,0.28,0.6,19.97,66,19,19.14,3,1
10590,0.06,0.85,3.03,66,9,15.43,3,0
10591,0.27,0.47,27.71,37,16,8.39,3,1
10592,0.22,0.66,5.6,16,3,6.61,2,1
10593,0.15,0.91,16.31,72,0,18.16,7,0
10594,0.1,0.81,36.91,75,5,6.49,7,1
10595,0.3,0.27,3.05,45,7,7.27,4,1
10596,0.25,0.76,75.54,15,3,13.95,8,1
10597,0.2,0.55,79.76,4,13,7.85,8,1
10598,0.22,0.77,41.73,23,1,8.41,4,1
10599,0.04,0.55,98.48,72,4,7.13,6,1
10600,0.17,0.22,68.22,80,14,19.16,6,1
10601,0.08,0.61,74.63,16,18,6.87,5,1
10602,0.08,0.54,20.04,88,13,18.97,4,0
10603,0.23,0.57,83.91,53,6,9.89,9,1
10604,0.32,0.89,94.56,10,8,17.32,6,1
10605,0.15,0.91,24.39,34,0,19.25,7,0
10606,0.08,0.51,68.96,18,19,12.79,5,1
10607,0.23,0.51,74.95,53,9,16.55,2,1
10608,0.31,0.56,31.21,16,10,8.99,6,1
10609,0.26,0.57,48.03,62,11,10.74,3,1
10610,0.31,0.96,10.66,52,0,13.29,6,1
10611,0.19,0.68,18.14,57,7,17.76,3,0
10612,0.27,0.35,7.1,72,5,14.31,8,1
10613,0.06,0.58,56.46,64,11,5.33,7,1
10614,0.13,0.66,62.9,84,8,9.57,1,1
10615,0.14,0.68,91.7,23,3,17.97,4,1
10616,0.18,0.63,54.68,40,5,8.6,2,0
10617,0.33,0.26,26.8,14,2,10.52,6,1
10618,0.31,0.13,6.89,80,1,10.84,5,1
10619,0.06,0.4,88.61,18,17,7.32,2,1
10620,0.07,0.48,48.41,94,4,10.25,1,0
10621,0.13,0.16,73.99,36,11,17.26,7,1
10622,0.11,0.83,2.45,39,1,17.74,9,0
10623,0.22,0.41,49.33,41,4,13.71,9,1
10624,0.32,0.92,33.25,1,17,15.18,3,1
10625,0.34,0.24,4.0,81,5,13.02,6,1
10626,0.23,0.15,77.79,92,10,5.66,1,1
10627,0.29,0.53,51.78,71,6,15.45,1,1
10628,0.19,0.27,33.98,84,15,19.95,6,1
10629,0.08,0.94,80.77,42,7,8.42,6,1
10630,0.19,0.11,45.25,24,2,19.73,5,1
10631,0.2,0.47,1.35,65,10,19.97,6,0
10632,0.26,0.93,94.5,18,19,7.12,5,1
10633,0.08,0.45,26.31,90,18,18.89,6,0
10634,0.14,0.18,83.23,14,10,15.13,9,1
10635,0.13,0.37,81.83,19,8,12.0,7,1
10636,0.34,0.55,17.08,82,11,10.17,3,1
10637,0.16,0.27,47.93,7,15,14.45,9,1
10638,0.27,0.52,4.98,64,4,17.64,6,1
10639,0.27,0.85,36.1,2,1,5.51,5,1
10640,0.1,0.89,73.37,7,9,13.03,4,1
10641,0.2,0.14,24.47,28,1,14.75,1,1
10642,0.31,0.24,12.6,92,3,5.38,7,1
10643,0.17,0.35,51.21,81,15,18.34,5,0
10644,0.33,0.64,54.16,30,5,19.28,1,1
10645,0.08,0.42,67.91,85,9,14.19,4,1
10646,0.04,0.86,76.15,73,6,6.76,1,1
10647,0.31,0.75,69.89,36,4,18.99,4,1
10648,0.3,0.19,84.7,22,12,17.08,7,1
10649,0.35,0.66,23.07,79,8,5.43,9,1
10650,0.24,0.2,57.41,78,8,13.69,2,1
10651,0.33,0.33,36.65,27,14,6.72,4,1
10652,0.29,0.26,96.25,82,3,7.12,1,1
10653,0.3,0.26,44.59,10,0,7.89,6,1
10654,0.2,0.65,96.01,22,19,10.94,8,1
10655,0.14,0.61,77.14,23,13,18.15,3,1
10656,0.33,0.26,72.13,52,18,5.47,5,1
10657,0.16,0.99,49.66,42,0,15.34,1,0
10658,0.19,0.48,44.89,41,9,19.47,5,0
10659,0.16,0.19,53.13,48,3,14.62,1,1
10660,0.2,0.21,30.07,69,17,17.23,5,1
10661,0.17,0.63,90.55,51,11,18.53,9,1
10662,0.03,0.98,79.64,89,6,15.72,7,1
10663,0.31,0.61,80.34,1,5,14.9,7,1
10664,0.16,0.95,43.88,88,8,5.27,9,1
10665,0.21,0.5,8.04,97,1,12.78,5,1
10666,0.06,0.49,68.62,56,14,12.04,8,1
10667,0.01,0.55,38.07,71,12,12.84,7,0
10668,0.09,0.73,87.17,24,10,11.49,6,1
10669,0.25,0.43,78.25,15,18,18.6,6,1
10670,0.04,0.88,15.39,75,5,18.34,7,0
10671,0.32,0.13,60.57,44,8,6.89,3,1
10672,0.08,0.5,69.53,81,11,12.99,5,1
10673,0.08,0.56,57.25,49,10,19.39,2,0
10674,0.07,0.65,51.89,87,2,13.98,5,0
10675,0.01,0.35,23.56,49,17,17.03,8,0
10676,0.27,0.48,24.35,68,12,10.6,7,1
10677,0.31,0.54,77.03,95,12,10.66,3,1
10678,0.22,0.72,2.85,98,14,9.89,7,1
10679,0.07,0.8,78.11,74,18,5.33,2,1
10680,0.11,0.76,53.15,37,14,18.87,4,0
10681,0.17,0.41,93.69,74,14,10.24,2,1
10682,0.33,1.0,99.73,42,4,10.51,7,1
10683,0.09,0.86,66.68,59,4,16.39,5,1
10684,0.26,0.33,41.81,75,1,12.9,9,1
10685,0.16,0.28,48.03,95,17,10.43,7,1
10686,0.11,0.38,21.22,10,5,18.25,2,0
10687,0.17,0.51,10.82,53,17,17.38,4,0
10688,0.03,0.87,58.3,42,6,19.65,3,0
10689,0.28,0.8,80.74,8,19,14.62,2,1
10690,0.09,0.87,26.91,75,19,15.35,2,0
10691,0.26,0.34,42.55,84,2,9.87,8,1
10692,0.03,0.63,55.92,24,16,6.49,6,1
10693,0.33,0.35,90.88,51,19,6.59,3,1
10694,0.08,0.2,14.72,71,18,14.69,8,1
10695,0.31,0.72,24.45,60,7,6.7,3,1
10696,0.29,0.23,91.93,21,18,18.6,5,1
10697,0.34,0.7,4.91,53,18,15.56,1,1
10698,0.17,0.68,65.96,6,5,8.39,1,1
10699,0.26,0.83,64.31,31,19,9.19,2,1
10700,0.14,0.23,38.94,12,7,15.65,7,1
10701,0.07,0.81,47.35,13,2,17.36,1,0
10702,0.16,1.0,85.64,49,4,17.59,7,1
10703,0.07,0.87,17.33,31,0,14.02,9,0
10704,0.34,0.78,23.93,9,0,7.33,5,1
10705,0.04,0.7,51.72,27,0,17.28,6,0
10706,0.21,0.48,41.56,53,5,16.87,7,1
10707,0.22,0.76,57.86,81,1,17.53,8,1
10708,0.19,0.75,92.16,51,11,7.36,2,1
10709,0.24,0.67,91.79,72,16,15.27,2,1
10710,0.05,0.82,23.77,27,9,19.4,9,0
10711,0.2,0.5,30.91,40,4,8.84,6,0
10712,0.11,0.21,17.04,62,4,15.75,7,1
10713,0.33,0.6,92.85,58,1,8.88,5,1
10714,0.27,0.34,40.39,15,11,9.61,1,1
10715,0.34,0.45,45.52,39,4,12.28,8,1
10716,0.02,0.12,80.46,70,14,18.42,1,1
10717,0.11,0.44,51.78,96,19,5.58,1,1
10718,0.08,0.83,12.86,8,17,19.84,2,0
10719,0.01,0.59,44.35,35,5,16.58,5,0
10720,0.09,0.11,63.42,63,13,10.4,4,1
10721,0.24,0.52,72.2,31,10,10.31,4,1
10722,0.09,0.36,64.89,90,7,12.24,1,1
10723,0.18,0.53,12.8,42,8,18.13,1,0
10724,0.31,0.46,31.13,88,5,5.27,2,1
10725,0.25,0.94,73.62,66,2,13.22,2,1
10726,0.14,0.14,88.14,41,7,5.84,1,1
10727,0.14,0.72,5.67,1,15,6.73,8,1
10728,0.16,0.87,5.18,74,18,15.36,3,0
10729,0.07,0.96,64.7,87,0,8.51,8,1
10730,0.23,0.26,55.26,33,12,5.62,5,1
10731,0.13,0.58,16.38,37,11,7.46,3,1
10732,0.3,0.14,55.28,57,19,8.13,6,1
10733,0.27,0.55,97.47,11,7,16.55,2,1
10734,0.22,0.21,63.46,84,13,14.37,1,1
10735,0.13,0.85,45.46,90,5,16.03,9,0
10736,0.08,0.2,82.93,47,2,10.55,3,1
10737,0.27,0.56,22.07,66,2,6.7,7,1
10738,0.18,0.57,42.02,89,13,17.08,9,0
10739,0.09,0.97,53.25,4,2,7.11,4,1
10740,0.08,0.69,50.95,83,11,10.74,9,0
10741,0.07,0.36,92.18,77,11,8.93,4,1
10742,0.27,0.32,29.97,83,16,9.45,2,1
10743,0.09,0.22,6.59,77,10,14.03,6,1
10744,0.19,0.78,91.72,55,8,7.47,9,1
10745,0.16,0.72,22.49,12,4,11.69,3,0
10746,0.21,0.65,38.52,66,10,14.58,2,1
10747,0.31,0.14,53.56,37,6,18.03,5,1
10748,0.31,0.79,97.61,23,9,10.57,7,1
10749,0.16,0.68,53.99,55,8,9.78,6,0
10750,0.02,0.97,45.33,19,19,10.52,4,0
10751,0.15,0.63,58.78,67,14,12.51,9,0
10752,0.22,0.37,97.11,88,10,9.7,1,1
10753,0.2,0.44,81.98,23,2,8.76,1,1
10754,0.23,0.26,17.73,4,14,10.63,7,1
10755,0.06,0.75,80.52,18,16,16.67,5,1
10756,0.23,0.74,84.27,12,2,8.79,4,1
10757,0.07,0.28,69.38,35,19,17.67,5,1
10758,0.27,0.24,66.07,27,3,9.28,3,1
10759,0.13,0.17,44.65,43,10,14.05,1,1
10760,0.25,0.92,64.53,78,6,19.56,9,1
10761,0.03,0.31,74.02,95,19,19.28,5,1
10762,0.15,0.41,13.16,67,13,11.52,6,0
10763,0.25,0.35,26.48,69,3,6.01,8,1
10764,0.09,0.47,20.21,64,12,18.54,6,0
10765,0.28,0.74,84.28,93,0,6.9,3,1
10766,0.22,0.88,68.32,52,17,18.85,8,1
10767,0.21,0.26,45.63,17,12,15.99,2,1
10768,0.13,0.72,82.78,83,2,19.01,7,1
10769,0.17,0.42,71.96,99,7,14.98,6,1
10770,0.21,0.98,91.45,33,17,19.93,2,1
10771,0.17,0.37,8.6,72,1,12.01,4,0
10772,0.25,0.11,51.41,52,19,9.94,3,1
10773,0.16,0.56,70.97,35,5,10.9,1,1
10774,0.08,0.24,21.54,20,17,10.25,3,1
10775,0.08,0.14,33.39,81,17,11.01,7,1
10776,0.01,0.73,42.48,45,8,18.28,6,0
10777,0.11,0.76,79.64,77,14,13.88,3,1
10778,0.26,0.51,49.86,68,2,15.89,2,1
10779,0.28,0.71,49.79,50,8,9.32,6,1
10780,0.08,0.58,43.66,58,17,19.85,7,0
10781,0.34,0.67,23.63,30,19,9.21,2,1
10782,0.18,0.64,92.38,70,19,7.39,7,1
10783,0.32,0.7,32.46,2,6,16.67,3,1
10784,0.25,0.28,57.18,79,16,17.59,6,1
10785,0.26,0.34,15.73,34,2,10.91,5,1
10786,0.04,0.5,43.99,52,6,13.12,1,0
10787,0.08,0.5,90.48,84,12,11.21,9,1
10788,0.01,0.8,99.55,16,8,9.41,4,1
10789,0.25,0.43,36.81,43,8,17.2,5,1
10790,0.13,0.25,16.25,64,4,16.36,3,1
10791,0.28,0.33,32.13,93,3,12.28,7,1
10792,0.13,0.29,33.4,27,8,11.83,4,1
10793,0.29,0.76,64.81,65,5,7.7,4,1
10794,0.05,0.52,50.12,13,9,14.56,9,0
10795,0.07,0.74,77.08,40,17,18.86,3,1
10796,0.13,0.47,70.43,32,2,15.78,5,1
10797,0.15,0.9,25.88,67,19,12.59,3,0
10798,0.13,0.99,78.64,14,6,5.58,2,1
10799,0.27,0.7,84.9,58,11,18.95,6,1
10800,0.04,0.88,60.24,92,4,9.62,8,1
10801,0.13,0.56,92.84,46,16,9.5,5,1
10802,0.29,0.94,78.51,90,18,12.04,2,1
10803,0.03,0.85,59.94,85,3,11.44,5,0
10804,0.33,0.99,90.71,75,11,19.44,6,1
10805,0.35,0.66,60.44,91,14,7.48,1,1
10806,0.04,0.8,52.6,59,1,15.34,3,0
10807,0.11,0.59,36.27,65,14,6.6,7,1
10808,0.14,0.33,88.4,33,10,9.15,9,1
10809,0.27,0.42,13.15,46,0,15.83,8,1
10810,0.21,0.9,47.88,82,13,17.06,4,1
10811,0.23,0.15,54.2,54,3,12.03,6,1
10812,0.27,0.63,55.92,66,5,16.84,9,1
10813,0.05,0.44,65.54,4,7,19.03,7,1
10814,0.29,0.45,51.07,54,19,19.04,2,1
10815,0.25,0.9,26.42,4,1,10.14,6,1
10816,0.21,0.87,85.84,17,3,9.68,8,1
10817,0.31,0.64,66.1,80,16,15.9,1,1
10818,0.25,0.35,85.96,73,8,14.81,1,1
10819,0.08,0.53,28.33,90,18,10.88,1,0
10820,0.16,0.47,64.07,74,7,8.43,4,1
10821,0.18,0.42,71.7,71,8,14.28,2,1
10822,0.03,0.19,38.96,73,12,11.45,7,1
10823,0.33,0.59,81.41,55,7,6.98,4,1
10824,0.05,0.37,1.25,48,13,14.59,7,0
10825,0.25,0.69,59.9,91,17,15.47,2,1
10826,0.18,0.39,61.74,96,17,10.46,3,1
10827,0.02,0.49,53.85,49,9,17.48,1,0
10828,0.32,0.15,63.37,23,19,6.11,9,1
10829,0.3,0.99,17.56,27,0,12.44,6,1
10830,0.19,0.56,68.79,25,11,19.35,7,1
10831,0.09,0.12,34.24,93,2,7.86,4,1
10832,0.05,0.59,45.75,24,19,7.58,4,1
10833,0.13,0.88,33.98,80,11,10.68,8,0
10834,0.1,0.8,47.92,80,17,9.02,1,0
10835,0.18,0.73,62.54,92,11,8.32,7,1
10836,0.34,0.23,84.0,20,6,19.25,4,1
10837,0.21,0.69,48.86,53,2,10.17,4,1
10838,0.31,0.79,33.0,83,6,5.9,8,1
10839,0.23,0.62,49.31,74,12,18.5,6,1
10840,0.17,0.9,69.19,26,10,11.72,5,1
10841,0.3,0.35,35.32,60,19,16.04,9,1
10842,0.17,0.32,42.01,2,19,10.51,2,0
10843,0.31,0.88,56.72,3,16,19.03,7,1
10844,0.11,0.66,30.11,56,14,9.32,2,0
10845,0.05,0.1,21.7,66,5,14.94,5,1
10846,0.3,0.42,14.9,25,5,17.37,3,1
10847,0.21,0.87,35.91,68,6,8.57,9,1
10848,0.31,0.12,5.79,15,8,17.02,6,1
10849,0.33,0.1,58.76,82,8,16.88,6,1
10850,0.03,0.35,18.42,7,17,19.46,3,0
10851,0.18,0.92,38.36,91,0,18.84,9,0
10852,0.14,0.91,27.65,82,17,10.83,7,0
10853,0.22,0.57,63.41,71,17,13.86,5,1
10854,0.28,0.6,85.18,93,11,18.88,7,1
10855,0.11,0.4,63.7,41,0,5.07,2,1
10856,0.2,0.32,54.71,60,18,14.41,6,0
10857,0.25,0.83,67.24,44,13,8.23,5,1
10858,0.06,0.2,3.97,33,13,16.08,6,1
10859,0.29,0.54,13.16,66,15,16.95,8,1
10860,0.22,0.67,10.4,82,5,15.69,3,1
10861,0.33,0.19,10.72,23,16,19.94,8,1
10862,0.13,0.57,26.79,64,12,12.19,9,0
10863,0.05,0.62,53.67,6,18,13.42,5,0
10864,0.18,0.77,12.35,63,19,11.13,5,0
10865,0.04,0.31,93.58,43,1,19.61,7,1
10866,0.34,0.36,85.57,25,9,18.84,4,1
10867,0.02,0.61,97.19,83,8,19.8,3,1
10868,0.27,0.98,5.21,8,11,19.77,3,1
10869,0.19,0.3,85.29,37,7,18.43,9,1
10870,0.14,0.99,80.57,90,8,18.96,1,1
10871,0.03,0.74,90.31,93,10,6.8,9,1
10872,0.22,0.84,53.27,59,0,7.6,8,1
10873,0.21,0.18,79.0,28,10,18.28,1,1
10874,0.11,0.37,6.08,53,18,15.9,8,0
10875,0.32,0.15,8.51,71,1,18.12,4,1
10876,0.11,0.43,12.73,55,13,16.55,6,0
10877,0.16,0.98,91.56,36,3,7.09,8,1
10878,0.19,0.19,7.06,62,19,18.75,1,1
10879,0.04,0.61,10.91,15,14,16.57,4,0
10880,0.33,0.11,93.11,54,1,13.56,2,1
10881,0.14,0.74,11.63,61,15,12.99,1,0
10882,0.04,0.28,87.11,97,3,13.61,4,1
10883,0.14,0.22,79.14,54,1,10.86,3,1
10884,0.21,0.4,4.99,69,14,17.05,9,1
10885,0.18,0.79,3.16,29,18,18.64,1,0
10886,0.25,0.2,53.9,81,18,8.79,6,1
10887,0.03,0.31,99.72,27,15,5.57,4,1
10888,0.11,0.11,88.0,81,11,8.04,4,1
10889,0.29,0.97,31.69,68,2,16.36,3,1
10890,0.04,0.63,39.24,12,19,18.03,2,0
10891,0.3,0.75,39.4,23,14,10.23,4,1
10892,0.04,0.69,73.68,50,6,7.29,7,1
10893,0.29,0.23,34.77,75,8,17.88,7,1
10894,0.13,0.64,15.63,76,14,8.22,1,0
10895,0.22,0.22,74.96,73,19,8.63,3,1
10896,0.06,0.46,46.34,88,12,6.39,4,1
10897,0.03,0.61,8.6,82,6,18.65,3,0
10898,0.08,0.6,79.22,27,15,9.9,6,1
10899,0.05,0.21,58.95,59,9,7.58,7,1
10900,0.12,0.13,49.45,9,1,19.3,4,1
10901,0.18,0.82,67.66,33,18,10.03,7,1
10902,0.21,0.75,51.03,70,5,16.21,6,1
10903,0.28,0.17,65.19,51,17,8.46,1,1
10904,0.23,0.21,86.88,97,1,15.9,1,1
10905,0.22,0.9,61.74,40,0,8.48,4,1
10906,0.15,0.79,66.3,6,14,14.57,7,1
10907,0.17,1.0,61.77,4,9,11.61,4,1
10908,0.15,0.33,53.59,3,2,16.98,7,0
10909,0.3,0.54,18.03,13,9,15.95,6,1
10910,0.09,0.31,34.23,26,2,19.03,4,0
10911,0.01,0.66,69.62,34,5,10.65,8,1
10912,0.23,0.2,43.12,77,1,16.32,1,1
10913,0.08,0.21,41.21,53,8,19.53,7,1
10914,0.31,0.16,76.17,47,7,10.04,1,1
10915,0.3,0.72,1.55,8,0,9.35,6,1
10916,0.04,0.54,68.22,76,16,16.54,7,1
10917,0.05,0.66,49.43,8,12,11.68,6,0
10918,0.18,0.89,38.3,19,4,10.98,4,0
10919,0.22,0.77,34.71,74,6,13.18,8,1
10920,0.1,0.52,18.11,32,8,19.03,8,0
10921,0.25,0.99,34.09,21,13,6.26,2,1
10922,0.21,0.51,39.75,64,18,11.99,1,1
10923,0.12,0.2,44.31,23,0,6.65,8,1
10924,0.02,0.99,67.56,91,2,18.25,7,1
10925,0.27,0.12,45.9,89,15,7.05,2,1
10926,0.08,0.59,79.83,71,7,6.35,5,1
10927,0.29,0.38,64.33,42,6,19.46,5,1
10928,0.15,0.55,19.77,35,10,13.45,7,0
10929,0.21,0.6,28.44,2,14,17.39,2,1
10930,0.31,0.32,8.85,92,12,12.05,9,1
10931,0.3,0.6,94.63,71,19,11.53,9,1
10932,0.14,0.78,88.77,76,5,18.67,5,1
10933,0.08,0.34,9.39,52,4,19.85,2,0
10934,0.27,0.45,57.83,17,3,14.28,7,1
10935,0.16,0.34,96.08,86,18,18.77,4,1
10936,0.08,0.84,74.97,9,14,17.94,3,1
10937,0.32,0.75,49.69,52,4,13.16,7,1
10938,0.08,0.88,24.87,3,10,19.12,7,0
10939,0.02,0.25,28.62,22,17,8.15,1,1
10940,0.02,0.17,73.89,54,9,18.27,7,1
10941,0.22,0.21,78.28,36,15,9.64,5,1
10942,0.23,0.24,53.34,39,3,5.46,7,1
10943,0.12,0.58,12.97,18,18,16.81,8,0
10944,0.12,0.97,93.45,81,4,18.95,7,1
10945,0.13,0.42,84.63,27,14,8.25,2,1
10946,0.24,0.96,14.91,99,5,13.01,4,1
10947,0.03,0.13,6.62,96,1,16.24,6,1
10948,0.33,0.93,54.05,67,9,9.97,9,1
10949,0.09,0.26,29.13,13,19,7.2,5,1
10950,0.35,0.92,29.04,17,5,10.88,2,1
10951,0.07,0.15,9.63,61,18,11.85,4,1
10952,0.27,0.95,95.39,18,5,16.13,8,1
10953,0.09,0.28,83.19,17,14,7.98,4,1
10954,0.04,0.37,12.27,56,0,17.23,8,0
10955,0.31,0.54,87.78,48,7,12.53,4,1
10956,0.3,0.44,68.61,16,10,18.56,8,1
10957,0.15,0.7,33.22,86,13,13.49,3,0
10958,0.25,0.98,87.25,25,0,11.7,4,1
10959,0.2,0.65,60.2,65,13,9.3,9,1
10960,0.3,0.75,85.02,27,9,6.59,5,1
10961,0.12,0.18,47.46,14,16,10.58,3,1
10962,0.19,0.67,50.56,92,10,11.2,3,0
10963,0.18,0.51,29.81,50,9,13.52,4,0
10964,0.13,0.9,39.38,96,14,17.9,2,0
10965,0.31,0.45,57.21,29,11,11.96,7,1
10966,0.07,0.71,94.76,81,2,9.71,7,1
10967,0.06,0.31,60.41,28,17,18.1,9,1
10968,0.21,0.33,15.59,21,6,16.01,8,1
10969,0.23,0.44,1.69,24,10,9.61,3,1
10970,0.08,0.37,85.25,46,17,7.5,5,1
10971,0.14,0.33,37.07,60,16,9.37,8,0
10972,0.33,0.14,32.18,99,15,6.85,8,1
10973,0.09,0.85,80.27,20,2,18.55,2,1
10974,0.24,0.16,94.59,52,12,14.18,1,1
10975,0.26,0.9,75.06,22,7,17.95,5,1
10976,0.16,0.21,18.21,68,4,17.31,1,1
10977,0.33,0.16,39.75,16,6,7.3,7,1
10978,0.26,0.61,76.18,21,18,11.65,8,1
10979,0.17,0.55,90.79,44,18,19.58,6,1
10980,0.2,0.54,99.86,62,11,8.51,3,1
10981,0.25,0.62,51.64,21,8,5.75,1,1
10982,0.21,0.36,82.43,11,16,10.19,2,1
10983,0.31,0.7,5.62,60,9,12.66,2,1
10984,0.13,0.55,29.3,37,17,5.84,2,1
10985,0.11,0.4,37.78,44,0,11.4,5,0
10986,0.08,0.84,97.58,22,14,8.8,2,1
10987,0.02,0.75,1.34,84,10,8.18,9,0
10988,0.02,0.45,31.49,66,3,8.96,6,0
10989,0.31,0.86,93.11,43,5,6.58,7,1
10990,0.24,0.93,31.36,75,12,6.15,3,1
10991,0.23,0.58,23.28,21,7,13.94,7,1
10992,0.22,0.29,73.28,33,6,19.22,4,1
10993,0.3,0.92,74.79,17,4,17.07,8,1
10994,0.17,0.27,47.75,36,4,17.51,9,1
10995,0.31,0.14,94.74,14,15,16.03,5,1
10996,0.13,0.39,21.07,37,5,19.34,3,0
10997,0.33,0.75,91.43,31,15,19.26,6,1
10998,0.25,0.93,75.8,4,14,16.67,3,1
10999,0.1,0.67,37.45,6,5,15.74,6,0
11000,0.2,0.96,80.88,50,7,9.58,7,1
11001,0.19,0.18,14.19,85,2,6.37,6,1
11002,0.06,0.15,13.97,77,8,6.39,4,1
11003,0.21,0.64,93.06,38,8,16.04,7,1
11004,0.12,0.97,10.38,79,4,5.43,2,1
11005,0.03,0.55,1.4,5,18,17.25,5,0
11006,0.33,0.15,39.51,38,15,10.5,6,1
11007,0.23,0.3,11.28,24,15,7.88,6,1
11008,0.31,0.32,86.44,18,17,11.11,5,1
11009,0.24,0.4,92.35,93,11,15.55,5,1
11010,0.13,0.14,48.76,32,15,9.13,8,1
11011,0.18,0.91,43.12,71,4,7.6,5,1
11012,0.24,0.56,54.36,94,2,16.07,6,1
11013,0.34,0.7,23.39,90,6,18.21,1,1
11014,0.1,0.16,30.5,72,19,13.78,1,1
11015,0.31,0.15,11.0,89,13,12.86,1,1
11016,0.32,0.63,45.2,30,15,16.32,4,1
11017,0.24,0.9,61.56,88,0,15.99,3,1
11018,0.33,0.58,93.09,30,4,5.09,5,1
11019,0.15,0.89,74.17,5,7,9.23,7,1
11020,0.33,0.83,72.58,4,1,18.98,6,1
11021,0.25,0.17,31.49,51,6,19.4,3,1
11022,0.02,0.28,88.94,9,5,12.65,2,1
11023,0.32,0.69,94.75,55,9,13.4,2,1
11024,0.17,0.5,93.29,33,2,5.01,3,1
11025,0.17,0.36,4.84,93,5,15.09,3,0
11026,0.2,0.48,60.83,31,18,8.19,3,1
11027,0.06,0.5,64.68,83,1,6.92,8,1
11028,0.17,0.92,30.21,54,18,9.57,3,0
11029,0.29,0.19,99.25,61,16,14.97,6,1
11030,0.02,0.35,29.83,66,3,11.55,9,0
11031,0.1,0.58,22.44,20,2,10.24,8,0
11032,0.01,0.73,48.93,76,13,15.9,6,0
11033,0.15,0.67,32.99,85,2,17.21,5,0
11034,0.26,0.95,92.48,61,10,18.04,5,1
11035,0.28,0.82,44.57,95,9,11.67,8,1
11036,0.33,0.6,41.6,36,2,15.77,7,1
11037,0.22,0.29,62.96,84,8,18.28,5,1
11038,0.1,0.51,9.03,20,15,18.63,6,0
11039,0.32,0.72,75.92,45,17,12.38,5,1
11040,0.27,0.85,77.07,46,4,10.33,9,1
11041,0.21,0.96,47.93,18,14,18.5,6,1
11042,0.25,0.64,95.61,70,15,8.92,3,1
11043,0.32,0.57,58.35,97,17,16.95,3,1
11044,0.25,0.12,69.83,74,5,18.63,4,1
11045,0.14,0.16,92.51,18,3,16.1,5,1
11046,0.25,0.24,66.97,64,12,15.2,9,1
11047,0.02,0.15,43.75,34,0,5.76,2,1
11048,0.14,0.46,3.45,79,1,8.05,2,0
11049,0.15,0.4,73.1,3,14,15.0,1,1
11050,0.07,0.67,96.52,72,3,16.78,8,1
11051,0.02,0.58,47.55,11,12,5.95,1,1
11052,0.06,0.64,34.64,46,13,5.29,6,1
11053,0.23,0.52,52.41,96,14,9.67,2,1
11054,0.28,0.35,73.12,42,7,14.67,9,1
11055,0.35,0.96,1.07,17,8,12.68,4,1
11056,0.13,0.18,88.83,47,4,5.13,5,1
11057,0.21,0.95,88.75,30,2,7.27,2,1
11058,0.33,0.38,54.59,43,6,16.28,5,1
11059,0.07,0.56,13.12,8,7,9.46,7,0
11060,0.25,0.2,67.51,40,15,6.76,5,1
11061,0.27,0.16,14.65,71,16,5.76,1,1
11062,0.04,0.49,51.25,20,9,17.76,9,0
11063,0.3,0.77,10.27,76,0,12.07,2,1
11064,0.29,0.34,59.32,85,18,12.56,4,1
11065,0.02,0.61,32.49,28,17,5.92,6,1
11066,0.04,0.35,83.27,28,17,12.33,1,1
11067,0.03,0.45,80.19,59,19,14.69,9,1
11068,0.12,0.92,99.85,62,4,6.84,9,1
11069,0.18,0.87,26.49,80,10,18.54,8,0
11070,0.19,0.56,7.12,74,0,16.75,9,0
11071,0.1,0.31,44.86,54,10,17.03,4,0
11072,0.32,0.27,9.26,86,10,13.05,9,1
11073,0.14,0.96,18.67,7,4,10.01,4,0
11074,0.03,0.28,60.13,68,19,14.61,5,1
11075,0.11,0.83,59.62,24,17,8.38,6,0
11076,0.19,0.43,5.29,98,7,7.05,7,1
11077,0.15,0.99,44.85,41,14,13.07,3,0
11078,0.1,0.43,53.49,54,2,12.18,2,0
11079,0.05,0.42,27.53,14,15,7.25,5,1
11080,0.29,0.67,87.33,44,19,12.96,3,1
11081,0.35,0.97,16.95,49,11,13.2,3,1
11082,0.12,0.98,26.14,63,1,18.07,7,0
11083,0.14,0.74,16.54,81,19,16.39,6,0
11084,0.22,0.78,12.54,45,19,8.26,3,1
11085,0.25,0.61,88.02,72,12,17.27,7,1
11086,0.14,0.78,28.51,77,18,19.54,6,0
11087,0.32,0.87,72.53,7,12,15.75,1,1
11088,0.2,0.54,43.37,3,17,16.81,5,0
11089,0.16,0.66,63.95,88,15,9.0,4,1
11090,0.23,0.58,92.89,47,9,19.88,3,1
11091,0.33,0.61,84.62,88,6,7.65,3,1
11092,0.28,0.9,7.83,61,1,16.26,8,1
11093,0.02,0.42,84.68,71,3,10.93,3,1
11094,0.12,0.29,45.73,30,3,10.35,2,1
11095,0.17,0.51,35.66,5,0,9.28,5,0
11096,0.12,0.29,67.57,85,15,11.62,3,1
11097,0.25,0.55,95.07,72,5,16.86,3,1
11098,0.29,0.91,10.32,7,18,19.11,8,1
11099,0.26,0.66,77.04,39,4,11.24,9,1
11100,0.35,0.87,21.15,2,5,14.78,2,1
11101,0.1,0.25,38.63,43,6,16.82,1,1
11102,0.31,0.91,87.51,12,4,6.5,8,1
11103,0.27,0.64,55.03,28,0,19.41,6,1
11104,0.13,0.13,7.68,19,1,8.17,9,1
11105,0.26,0.67,51.3,28,9,18.73,1,1
11106,0.05,0.96,79.17,99,1,19.8,5,1
11107,0.28,0.17,53.36,76,19,6.51,5,1
11108,0.19,0.62,17.52,92,13,18.39,3,0
11109,0.11,0.92,45.06,90,6,14.61,2,0
11110,0.23,0.11,92.51,70,9,17.27,9,1
11111,0.23,0.67,66.16,19,7,6.64,7,1
11112,0.08,0.53,73.26,64,0,17.51,9,1
11113,0.02,0.41,78.81,91,7,14.39,3,1
11114,0.16,0.66,9.98,9,15,12.66,1,0
11115,0.2,0.15,58.57,41,13,13.4,2,1
11116,0.31,0.78,38.22,50,18,16.17,6,1
11117,0.33,0.1,14.78,10,9,9.46,6,1
11118,0.19,0.38,21.07,74,17,19.15,2,0
11119,0.27,0.55,78.33,97,1,9.61,9,1
11120,0.16,0.44,16.99,82,4,18.16,1,0
11121,0.26,0.38,31.93,54,1,5.18,4,1
11122,0.08,0.85,29.2,10,19,18.75,4,0
11123,0.14,0.94,5.81,7,2,17.77,1,0
11124,0.23,0.89,46.75,32,8,6.86,5,1
11125,0.02,0.57,76.83,54,10,16.05,6,1
11126,0.26,0.9,3.19,70,15,10.61,9,1
11127,0.29,0.93,12.14,83,13,12.2,8,1
11128,0.15,0.47,72.3,63,13,6.03,4,1
11129,0.16,0.36,59.76,34,19,8.19,6,0
11130,0.3,0.19,71.81,43,10,19.3,7,1
11131,0.27,0.53,23.78,5,10,11.27,6,1
11132,0.11,0.95,80.57,19,17,5.39,5,1
11133,0.12,0.6,48.51,54,10,12.73,1,0
11134,0.24,0.7,61.42,14,13,19.92,7,1
11135,0.2,0.2,10.12,10,18,9.99,7,1
11136,0.07,0.23,21.3,49,17,7.12,5,1
11137,0.12,0.52,77.56,11,3,14.65,9,1
11138,0.32,0.96,23.17,31,12,18.8,3,1
11139,0.24,0.42,10.16,66,1,17.89,1,1
11140,0.35,0.89,60.12,10,18,14.85,5,1
11141,0.27,0.21,55.25,21,8,7.76,4,1
11142,0.33,0.66,61.18,1,10,16.77,6,1
11143,0.08,0.64,62.21,46,16,17.35,2,1
11144,0.27,0.87,50.52,95,4,17.74,5,1
11145,0.02,0.1,49.88,75,8,11.06,8,1
11146,0.24,0.27,92.49,74,15,11.13,8,1
11147,0.17,0.3,53.85,20,11,7.33,2,1
11148,0.13,0.95,62.11,21,0,16.59,3,1
11149,0.3,0.24,27.43,37,16,16.06,9,1
11150,0.3,0.13,87.24,14,13,6.5,7,1
11151,0.02,0.58,3.41,58,6,5.3,9,1
11152,0.22,0.58,56.17,57,15,19.28,4,1
11153,0.14,0.86,39.0,57,14,5.26,7,1
11154,0.15,0.95,60.79,69,3,14.43,7,1
11155,0.29,0.58,36.66,70,14,11.8,7,1
11156,0.12,0.94,72.05,24,16,16.66,5,1
11157,0.33,0.75,3.01,80,1,6.32,6,1
11158,0.07,0.34,41.18,60,7,15.24,4,0
11159,0.24,0.94,83.3,23,5,14.22,9,1
11160,0.24,0.7,25.77,47,6,17.8,4,1
11161,0.1,0.47,6.22,38,15,12.78,9,0
11162,0.12,0.71,50.16,80,4,15.92,9,0
11163,0.29,0.46,97.68,52,17,11.56,5,1
11164,0.27,0.2,7.35,13,19,19.76,9,1
11165,0.12,0.75,7.94,8,10,13.39,9,0
11166,0.19,0.84,59.92,32,1,16.3,3,0
11167,0.03,0.76,25.76,86,6,6.39,3,1
11168,0.08,0.31,41.61,17,14,11.94,4,0
11169,0.18,0.96,83.22,5,8,5.97,8,1
11170,0.04,0.12,20.69,72,1,6.83,3,1
11171,0.3,0.4,72.21,50,3,12.59,2,1
11172,0.25,0.33,50.94,94,14,10.28,6,1
11173,0.33,0.14,90.59,83,7,11.9,3,1
11174,0.25,0.47,97.32,12,3,12.44,9,1
11175,0.33,0.66,49.01,89,7,7.4,9,1
11176,0.2,0.89,58.88,44,6,10.49,6,0
11177,0.21,0.99,74.84,77,12,17.91,5,1
11178,0.34,0.83,32.55,68,4,17.85,2,1
11179,0.23,0.52,23.45,59,19,12.36,8,1
11180,0.02,0.75,96.5,10,17,16.24,3,1
11181,0.26,0.86,43.83,48,18,16.3,5,1
11182,0.32,0.52,1.16,28,10,5.66,4,1
11183,0.28,0.81,83.93,5,5,14.16,3,1
11184,0.21,0.53,60.37,92,3,17.07,3,1
11185,0.24,0.45,17.69,44,2,13.91,9,1
11186,0.35,0.57,3.98,31,19,13.12,2,1
11187,0.04,0.71,29.86,16,5,12.97,3,0
11188,0.24,0.75,92.86,23,14,12.62,5,1
11189,0.11,0.42,93.42,93,2,16.67,4,1
11190,0.23,0.61,31.79,21,16,14.64,9,1
11191,0.22,0.92,83.76,2,1,8.23,5,1
11192,0.06,0.98,44.74,23,15,11.5,5,0
11193,0.08,0.3,65.78,80,16,12.93,7,1
11194,0.22,0.27,34.11,11,10,11.28,4,1
11195,0.05,0.71,52.08,73,3,8.56,5,0
11196,0.1,0.47,30.08,2,11,6.87,1,1
11197,0.29,0.12,7.05,82,7,6.76,7,1
11198,0.12,0.41,14.8,13,2,9.44,4,0
11199,0.18,0.83,29.78,45,10,11.04,2,0
11200,0.33,0.82,97.65,72,12,15.24,7,1
11201,0.09,0.55,96.6,10,8,19.77,8,1
11202,0.14,0.53,82.94,91,14,18.46,9,1
11203,0.22,0.62,24.02,81,11,17.21,8,1
11204,0.27,0.3,44.72,88,9,17.21,8,1
11205,0.32,0.57,44.54,21,3,13.94,8,1
11206,0.32,0.11,39.31,1,6,8.79,7,1
11207,0.27,0.53,5.44,16,8,12.08,2,1
11208,0.09,0.4,53.92,43,5,7.14,2,1
11209,0.02,0.71,8.21,97,6,13.5,9,0
11210,0.14,0.67,80.39,6,16,5.35,1,1
11211,0.06,0.44,69.44,76,3,7.84,1,1
11212,0.25,0.11,35.92,96,1,15.68,7,1
11213,0.23,0.33,65.07,11,16,9.15,6,1
11214,0.02,0.67,24.07,82,6,11.3,6,0
11215,0.29,0.17,27.26,66,10,17.48,8,1
11216,0.09,0.2,32.1,96,19,5.67,4,1
11217,0.16,0.68,79.9,49,17,5.34,5,1
11218,0.24,0.78,21.86,20,6,8.43,5,1
11219,0.16,0.39,56.72,21,17,15.27,6,0
11220,0.16,0.54,20.85,36,18,8.54,1,0
11221,0.03,0.95,29.22,38,13,17.96,4,0
11222,0.15,0.95,24.31,56,7,10.28,3,0
11223,0.27,0.38,64.86,91,6,9.25,7,1
11224,0.32,0.83,53.15,11,0,8.49,1,1
11225,0.15,0.63,72.41,18,5,13.61,2,1
11226,0.15,0.98,22.77,81,3,17.84,8,0
11227,0.25,0.53,1.91,98,15,11.09,2,1
11228,0.33,0.8,68.37,45,14,8.79,9,1
11229,0.1,0.79,12.37,26,17,11.31,4,0
11230,0.16,0.55,25.38,59,17,18.57,3,0
11231,0.28,0.82,31.26,6,7,10.02,4,1
11232,0.22,0.33,74.93,43,9,14.84,9,1
11233,0.05,0.21,62.96,94,4,9.95,7,1
11234,0.22,0.48,19.24,52,6,15.12,4,1
11235,0.07,0.95,60.19,62,16,18.22,7,1
11236,0.18,0.55,71.11,96,5,13.98,8,1
11237,0.19,0.67,39.5,17,10,19.21,8,0
11238,0.31,0.66,25.35,77,9,14.02,6,1
11239,0.17,0.22,68.22,46,6,19.62,1,1
11240,0.11,0.45,61.48,41,6,15.86,3,1
11241,0.09,0.74,8.71,13,9,14.79,6,0
11242,0.31,0.97,67.0,6,12,17.45,1,1
11243,0.07,0.25,49.36,86,2,5.17,5,1
11244,0.15,0.47,75.58,97,8,8.86,2,1
11245,0.07,0.19,19.88,33,4,8.24,1,1
11246,0.27,0.32,26.56,4,15,6.66,3,1
11247,0.17,0.44,54.79,78,10,19.07,2,0
11248,0.13,0.59,48.69,50,17,6.97,6,1
11249,0.13,0.31,39.25,48,14,8.94,6,0
11250,0.3,0.3,74.86,99,4,10.03,7,1
11251,0.2,0.8,56.91,27,7,14.37,7,0
11252,0.25,0.97,71.32,6,7,16.51,5,1
11253,0.31,0.39,16.17,58,18,14.07,3,1
11254,0.32,0.72,73.17,63,4,16.23,6,1
11255,0.12,0.33,46.69,1,3,11.03,3,0
11256,0.33,0.94,4.34,28,19,19.94,5,1
11257,0.02,0.71,24.21,29,17,7.55,3,1
11258,0.14,0.82,3.55,96,11,11.0,6,0
11259,0.31,0.14,46.23,28,0,17.48,4,1
11260,0.1,0.64,33.26,91,7,8.7,9,0
11261,0.1,0.57,98.76,74,8,16.26,2,1
11262,0.11,0.36,86.98,82,12,10.46,7,1
11263,0.22,0.34,82.74,68,0,7.66,5,1
11264,0.16,0.62,50.61,41,5,11.05,9,0
11265,0.26,0.74,80.9,55,0,16.77,5,1
11266,0.31,0.13,27.42,32,13,6.68,5,1
11267,0.24,0.61,56.5,69,4,12.74,2,1
11268,0.08,0.25,39.9,22,12,16.12,3,1
11269,0.33,0.23,17.96,57,4,16.27,6,1
11270,0.1,0.66,8.19,22,14,10.84,4,0
11271,0.06,0.38,56.26,66,2,12.0,3,0
11272,0.04,0.5,10.67,41,3,17.85,5,0
11273,0.2,0.42,72.08,43,2,8.13,9,1
11274,0.05,0.68,92.23,34,19,19.89,3,1
11275,0.06,0.52,17.05,2,11,11.29,7,0
11276,0.11,0.97,47.62,59,13,9.13,9,0
11277,0.11,0.42,74.14,36,5,5.04,4,1
11278,0.22,0.77,29.4,8,18,6.88,7,1
11279,0.29,0.33,92.16,33,4,16.35,7,1
11280,0.27,0.56,88.96,33,16,14.74,3,1
11281,0.1,0.6,11.27,68,18,8.7,1,0
11282,0.09,0.4,3.71,18,17,18.91,4,0
11283,0.34,0.52,97.67,64,11,17.54,9,1
11284,0.01,0.35,95.69,61,17,9.04,7,1
11285,0.31,0.11,42.81,83,4,9.95,6,1
11286,0.08,0.29,6.01,10,12,7.77,5,1
11287,0.33,0.73,62.27,50,3,14.64,1,1
11288,0.13,0.79,30.05,94,17,15.52,4,0
11289,0.16,0.35,93.74,22,19,10.94,3,1
11290,0.25,0.47,79.67,39,8,16.06,3,1
11291,0.21,0.13,65.31,65,1,19.87,1,1
11292,0.12,0.31,29.17,30,9,14.18,3,0
11293,0.2,0.8,70.43,5,12,14.74,8,1
11294,0.26,0.65,29.63,26,5,10.61,4,1
11295,0.02,0.29,4.73,63,19,5.16,7,1
11296,0.01,0.33,51.34,46,7,19.31,2,0
11297,0.17,0.84,49.38,31,12,16.59,7,0
11298,0.05,0.29,76.54,41,3,15.43,6,1
11299,0.24,0.4,86.7,12,18,5.45,8,1
11300,0.08,0.7,36.09,17,6,16.39,8,0
11301,0.16,0.61,45.5,18,14,15.05,8,0
11302,0.08,0.51,47.57,66,4,13.53,4,0
11303,0.2,0.91,33.1,88,16,14.35,9,0
11304,0.05,0.3,74.6,92,18,18.78,8,1
11305,0.02,0.77,52.69,39,4,5.1,4,1
11306,0.03,0.24,91.48,74,10,7.35,2,1
11307,0.33,0.65,65.38,33,3,18.42,1,1
11308,0.06,0.88,21.98,88,13,5.12,2,1
11309,0.25,0.51,17.32,75,3,18.55,5,1
11310,0.03,0.75,37.87,8,3,5.44,5,1
11311,0.05,0.84,35.35,91,1,16.69,2,0
11312,0.18,0.22,41.31,26,6,18.36,4,1
11313,0.17,0.74,19.18,76,18,14.19,8,0
11314,0.33,0.93,97.84,35,0,14.62,1,1
11315,0.33,0.62,15.43,57,11,5.76,2,1
11316,0.28,0.27,65.61,79,18,8.16,2,1
11317,0.21,0.21,2.29,21,11,18.49,5,1
11318,0.16,0.33,41.29,37,8,17.36,2,0
11319,0.13,0.19,31.61,94,6,5.89,8,1
11320,0.33,0.56,38.82,5,0,17.19,3,1
11321,0.21,0.16,50.31,17,5,11.35,3,1
11322,0.21,0.3,60.44,90,9,13.41,8,1
11323,0.09,0.5,58.77,98,0,6.63,1,1
11324,0.03,0.53,63.44,97,17,10.98,4,1
11325,0.33,0.61,84.61,82,2,11.52,7,1
11326,0.12,0.74,88.78,25,10,15.04,5,1
11327,0.16,0.14,73.99,61,13,14.86,3,1
11328,0.05,0.17,8.82,94,5,13.23,8,1
11329,0.29,0.15,96.17,37,10,5.47,5,1
11330,0.02,0.48,94.79,84,6,7.42,6,1
11331,0.29,0.14,71.46,66,7,7.4,1,1
11332,0.06,0.77,52.23,13,4,18.32,3,0
11333,0.31,0.3,25.81,40,17,18.53,4,1
11334,0.26,0.95,75.88,42,14,17.1,4,1
11335,0.07,0.54,87.91,84,17,7.62,5,1
11336,0.2,0.5,66.85,70,2,17.6,9,1
11337,0.12,0.8,63.28,75,9,7.81,4,1
11338,0.07,0.74,20.11,25,14,13.32,7,0
11339,0.3,0.65,36.42,42,7,16.01,8,1
11340,0.15,0.94,72.59,10,7,5.77,7,1
11341,0.15,0.48,2.67,95,13,13.97,2,0
11342,0.07,0.83,64.49,43,9,8.77,1,1
11343,0.14,0.44,76.9,68,12,12.47,5,1
11344,0.31,0.85,34.14,89,9,10.76,8,1
11345,0.13,0.33,8.54,28,5,15.3,1,0
11346,0.33,0.36,82.09,24,17,12.34,2,1
11347,0.33,0.71,15.04,99,15,9.52,9,1
11348,0.06,0.29,37.71,41,17,18.66,6,1
11349,0.07,0.31,71.02,61,19,19.39,1,1
11350,0.3,0.37,81.88,5,5,17.03,8,1
11351,0.14,0.71,86.38,97,8,13.71,3,1
11352,0.01,0.9,53.51,11,15,18.27,4,0
11353,0.1,0.71,48.11,8,5,14.03,5,0
11354,0.21,0.85,84.98,21,10,7.23,9,1
11355,0.28,0.59,56.74,96,2,5.26,5,1
11356,0.06,0.16,58.29,64,7,15.89,6,1
11357,0.05,0.19,43.96,5,0,16.29,7,1
11358,0.32,0.6,37.91,34,14,18.89,5,1
11359,0.27,0.4,48.57,9,14,17.36,5,1
11360,0.21,0.3,37.12,38,18,14.59,2,1
11361,0.27,0.52,35.01,43,9,7.85,2,1
11362,0.16,0.7,99.37,96,18,13.91,6,1
11363,0.27,0.45,34.29,10,8,11.52,6,1
11364,0.14,0.82,26.38,12,6,8.48,6,0
11365,0.09,0.76,36.04,99,13,16.99,3,0
11366,0.26,0.76,59.49,18,1,7.24,9,1
11367,0.15,0.99,91.19,87,12,14.46,7,1
11368,0.34,0.37,79.0,12,19,14.16,4,1
11369,0.13,0.68,84.38,31,3,9.55,9,1
11370,0.32,0.87,86.04,11,6,11.44,4,1
11371,0.33,0.62,92.13,98,7,6.75,3,1
11372,0.09,0.81,24.27,27,15,5.38,1,1
11373,0.28,0.47,46.38,21,19,5.2,4,1
11374,0.16,0.63,39.13,74,8,7.61,3,1
11375,0.32,0.15,38.81,13,10,18.0,3,1
11376,0.16,0.99,65.58,45,13,12.84,6,1
11377,0.26,0.82,40.78,47,3,6.76,9,1
11378,0.17,0.88,62.02,25,18,18.58,1,1
11379,0.09,0.72,38.85,77,14,13.53,9,0
11380,0.08,0.27,31.8,64,13,5.42,2,1
11381,0.15,0.13,35.95,70,15,16.44,3,1
11382,0.27,0.88,80.57,99,19,12.1,9,1
11383,0.22,0.46,60.5,28,2,12.99,8,1
11384,0.24,0.34,97.43,20,5,14.2,9,1
11385,0.11,0.61,83.43,84,3,6.42,8,1
11386,0.17,0.48,49.09,41,0,19.22,6,0
11387,0.03,0.69,25.0,4,17,8.83,9,0
11388,0.29,0.54,67.72,84,7,14.33,3,1
11389,0.35,0.73,72.94,69,15,17.83,4,1
11390,0.15,0.87,46.95,86,19,9.98,1,0
11391,0.01,0.28,23.76,24,15,14.41,7,1
11392,0.07,0.4,56.17,17,14,19.83,2,0
11393,0.23,0.49,26.13,5,1,17.78,1,1
11394,0.22,0.97,94.06,57,11,16.69,8,1
11395,0.28,0.43,63.26,26,3,11.59,9,1
11396,0.1,0.44,29.9,72,10,11.77,4,0
11397,0.27,0.69,22.36,73,1,12.28,9,1
11398,0.24,0.48,71.96,17,5,15.36,3,1
11399,0.12,0.96,71.07,56,16,7.17,8,1
11400,0.2,0.91,60.12,8,18,17.92,5,1
11401,0.06,0.56,61.82,64,8,5.27,2,1
11402,0.16,0.68,60.78,69,4,7.55,5,1
11403,0.31,0.15,36.65,10,13,12.23,6,1
11404,0.15,0.73,93.8,50,15,8.78,5,1
11405,0.3,0.74,48.45,55,0,10.48,7,1
11406,0.21,0.42,3.01,14,19,9.99,4,1
11407,0.08,0.3,35.49,91,2,9.03,7,0
11408,0.21,0.92,13.9,27,9,10.7,9,1
11409,0.18,0.48,36.97,5,14,12.58,2,0
11410,0.15,0.69,61.22,79,2,12.15,9,1
11411,0.05,0.13,3.24,28,0,17.18,2,1
11412,0.15,0.47,87.15,5,12,9.62,7,1
11413,0.03,0.84,61.42,86,14,9.23,5,1
11414,0.04,0.45,30.24,12,9,12.57,4,0
11415,0.15,0.64,31.81,8,2,5.72,7,1
11416,0.11,0.29,47.1,59,17,6.68,1,1
11417,0.32,0.47,25.56,65,18,17.05,3,1
11418,0.14,0.93,1.43,99,4,12.41,2,0
11419,0.27,0.61,3.63,60,9,6.0,2,1
11420,0.19,0.91,36.42,80,15,11.61,5,0
11421,0.25,0.91,13.3,55,19,10.97,2,1
11422,0.1,0.95,3.21,94,17,8.69,3,0
11423,0.33,0.91,86.07,43,7,10.58,7,1
11424,0.19,0.1,28.14,41,12,7.83,2,1
11425,0.29,0.94,50.81,10,7,11.74,4,1
11426,0.13,0.22,18.76,98,12,11.13,2,1
11427,0.04,0.14,5.63,75,11,14.11,8,1
11428,0.24,0.15,74.74,84,12,19.13,6,1
11429,0.01,0.41,13.37,7,16,7.78,8,1
11430,0.17,0.66,3.55,21,14,11.26,6,0
11431,0.08,0.46,59.14,75,8,13.43,1,0
11432,0.22,0.12,2.33,87,19,13.2,9,1
11433,0.34,0.53,44.19,44,3,14.92,9,1
11434,0.17,0.5,29.59,95,11,9.02,5,0
11435,0.29,0.78,32.62,82,3,14.52,7,1
11436,0.18,0.35,1.39,88,12,8.02,3,0
11437,0.18,0.3,96.47,86,2,6.88,2,1
11438,0.33,0.33,52.18,37,4,17.47,8,1
11439,0.31,0.37,57.68,44,12,12.11,3,1
11440,0.28,0.64,66.95,65,13,10.96,2,1
11441,0.11,0.52,79.95,6,7,18.93,7,1
11442,0.2,0.4,61.18,38,10,15.65,9,1
11443,0.09,0.44,76.46,93,7,15.16,6,1
11444,0.16,0.43,45.42,43,11,7.91,2,1
11445,0.17,0.98,37.76,57,10,8.14,2,0
11446,0.29,0.31,82.49,75,16,12.25,1,1
11447,0.31,0.84,86.67,80,12,14.78,9,1
11448,0.15,0.74,14.64,70,3,10.93,4,0
11449,0.02,0.11,54.72,65,12,5.96,4,1
11450,0.3,0.99,68.68,55,8,15.25,4,1
11451,0.07,0.78,9.28,35,13,16.61,1,0
11452,0.22,0.71,93.03,24,11,19.16,8,1
11453,0.02,0.46,52.49,38,12,11.13,9,0
11454,0.15,0.6,64.9,3,7,8.87,9,1
11455,0.35,0.33,18.65,51,4,18.89,9,1
11456,0.04,0.13,27.18,61,10,15.73,6,1
11457,0.15,0.85,12.98,40,19,5.96,7,1
11458,0.11,0.91,27.14,54,5,13.7,1,0
11459,0.32,0.25,49.75,66,6,5.43,5,1
11460,0.31,0.81,83.53,60,14,8.4,6,1
11461,0.09,0.77,53.84,15,4,6.06,8,1
11462,0.04,0.26,25.2,86,8,8.07,1,1
11463,0.22,0.48,5.42,46,19,12.35,8,1
11464,0.12,0.48,62.58,55,18,9.48,7,1
11465,0.24,0.78,42.6,4,4,6.32,2,1
11466,0.02,0.85,98.45,24,12,12.23,7,1
11467,0.06,0.19,78.2,83,11,15.63,4,1
11468,0.24,0.61,81.03,94,4,5.8,6,1
11469,0.08,0.79,2.21,86,6,18.24,9,0
11470,0.3,0.81,78.0,40,2,14.8,4,1
11471,0.03,0.23,20.27,27,12,12.79,2,1
11472,0.08,0.57,58.99,79,10,10.94,9,0
11473,0.35,0.87,45.29,52,9,10.9,1,1
11474,0.16,0.39,57.59,37,8,10.03,6,0
11475,0.25,0.48,14.21,1,5,6.74,7,1
11476,0.07,0.82,46.23,76,13,6.19,8,1
11477,0.22,0.18,4.66,9,9,9.63,4,1
11478,0.26,0.87,5.06,83,16,15.01,1,1
11479,0.12,0.38,66.12,18,1,9.33,1,1
11480,0.29,0.1,95.22,39,1,17.18,1,1
11481,0.22,0.31,77.96,75,3,10.7,3,1
11482,0.14,0.18,47.45,75,6,14.47,9,1
11483,0.2,0.18,6.53,30,19,11.48,6,1
11484,0.21,0.72,5.46,20,3,12.47,7,1
11485,0.07,0.29,16.63,15,7,8.75,7,1
11486,0.15,0.94,97.61,64,13,12.71,2,1
11487,0.13,0.56,40.47,25,19,6.66,6,1
11488,0.15,0.51,84.5,49,2,10.8,9,1
11489,0.27,0.49,70.81,67,10,11.72,4,1
11490,0.17,0.72,60.94,26,2,15.56,8,1
11491,0.33,0.51,94.83,45,4,11.0,8,1
11492,0.11,0.22,23.81,92,15,14.98,3,1
11493,0.15,0.89,46.03,6,10,7.62,7,1
11494,0.28,0.49,86.61,32,0,5.38,8,1
11495,0.2,0.17,55.62,75,8,12.59,6,1
11496,0.2,0.58,25.4,77,4,12.11,4,0
11497,0.03,0.68,21.68,17,19,15.05,8,0
11498,0.15,0.35,75.54,46,10,9.7,4,1
11499,0.1,0.82,2.27,53,1,5.45,6,1
11500,0.35,0.7,91.51,94,9,15.85,2,1
11501,0.11,0.69,2.82,4,4,19.13,2,0
11502,0.31,0.48,63.47,78,16,10.91,4,1
11503,0.24,0.97,60.87,28,11,14.17,6,1
11504,0.13,0.35,58.26,71,2,13.17,3,0
11505,0.19,0.62,47.96,16,6,13.49,3,0
11506,0.3,0.38,85.39,78,10,18.01,6,1
11507,0.31,0.77,66.27,39,10,16.05,8,1
11508,0.06,0.14,78.4,91,11,16.55,6,1
11509,0.13,0.14,12.44,30,4,6.35,8,1
11510,0.12,0.83,5.94,79,9,7.2,4,1
11511,0.02,0.49,3.82,57,11,14.95,5,0
11512,0.21,0.41,15.57,56,13,13.11,3,1
11513,0.3,0.65,67.03,39,0,16.61,7,1
11514,0.14,0.73,49.91,42,13,6.4,7,1
11515,0.26,0.28,75.47,18,6,13.5,6,1
11516,0.22,0.27,19.98,75,9,12.29,4,1
11517,0.14,0.96,37.33,22,11,17.82,7,0
11518,0.06,0.63,88.96,4,5,7.81,3,1
11519,0.25,0.45,93.64,3,15,10.23,6,1
11520,0.3,0.82,92.25,61,9,7.26,4,1
11521,0.24,0.57,82.01,24,19,11.78,5,1
11522,0.02,0.32,69.14,78,11,18.22,6,1
11523,0.08,0.29,91.45,52,9,15.06,7,1
11524,0.03,0.46,71.7,67,9,16.16,7,1
11525,0.2,0.87,95.44,31,10,6.4,7,1
11526,0.27,0.16,3.45,53,8,11.78,5,1
11527,0.05,0.3,92.24,61,8,17.58,7,1
11528,0.3,0.9,56.02,58,11,17.56,5,1
11529,0.2,0.21,12.07,35,1,19.82,5,1
11530,0.24,0.67,22.28,31,13,12.89,3,1
11531,0.34,0.29,85.36,57,8,5.03,9,1
11532,0.04,0.65,51.11,76,17,18.49,9,0
11533,0.32,0.44,98.3,10,12,19.34,1,1
11534,0.05,0.19,12.64,84,15,18.92,4,1
11535,0.14,0.62,41.84,18,12,16.58,3,0
11536,0.3,0.71,33.86,56,7,8.18,4,1
11537,0.32,0.71,52.1,36,11,7.09,2,1
11538,0.18,0.67,63.71,51,18,15.51,6,1
11539,0.21,0.55,66.5,61,9,7.11,6,1
11540,0.25,0.57,1.13,19,1,19.3,7,1
11541,0.29,0.67,9.81,81,14,11.69,6,1
11542,0.05,0.72,4.47,11,16,5.46,8,1
11543,0.29,0.69,86.6,5,5,7.26,4,1
11544,0.17,0.63,32.02,45,2,9.36,2,0
11545,0.16,0.24,37.34,45,10,15.56,7,1
11546,0.15,0.29,45.59,48,4,16.06,1,1
11547,0.18,0.33,85.08,14,12,8.2,1,1
11548,0.33,0.93,2.4,28,15,14.73,5,1
11549,0.2,0.78,12.74,9,9,5.48,5,1
11550,0.33,0.6,68.83,59,12,6.54,5,1
11551,0.07,0.33,96.43,38,10,13.03,3,1
11552,0.26,0.2,64.64,93,15,15.56,6,1
11553,0.29,0.91,26.85,25,5,18.72,2,1
11554,0.24,0.9,52.47,72,0,11.57,8,1
11555,0.22,0.2,97.52,48,7,6.8,8,1
11556,0.2,0.82,53.28,19,19,18.93,5,0
11557,0.3,0.5,37.98,2,16,11.56,6,1
11558,0.29,0.39,38.96,6,9,12.46,2,1
11559,0.05,0.77,96.74,30,1,17.82,5,1
11560,0.3,0.65,72.17,61,18,13.79,8,1
11561,0.15,0.8,69.03,2,5,9.52,7,1
11562,0.1,0.17,23.97,51,1,13.11,9,1
11563,0.31,0.39,56.39,83,17,14.37,9,1
11564,0.16,0.39,36.32,13,13,18.35,8,0
11565,0.28,0.4,24.78,49,5,8.52,2,1
11566,0.1,0.55,89.66,8,11,13.39,4,1
11567,0.01,0.35,38.93,9,19,18.81,4,0
11568,0.18,0.5,29.0,23,7,5.68,8,1
11569,0.04,0.43,93.24,72,2,7.92,2,1
11570,0.27,0.76,20.54,73,4,10.19,9,1
11571,0.1,0.64,74.8,16,16,15.18,2,1
11572,0.16,0.69,65.62,16,19,17.63,4,1
11573,0.04,0.29,92.13,12,4,7.99,3,1
11574,0.11,0.39,83.37,89,13,8.7,8,1
11575,0.28,0.12,70.82,11,19,17.35,1,1
11576,0.06,0.2,32.14,82,13,7.23,7,1
11577,0.23,0.34,50.06,13,8,8.92,7,1
11578,0.32,0.16,94.51,35,7,15.99,9,1
11579,0.24,0.64,3.3,82,10,7.49,8,1
11580,0.29,1.0,79.64,94,17,17.42,6,1
11581,0.05,0.19,25.93,43,8,12.36,6,1
11582,0.1,0.84,19.32,30,1,11.71,6,0
11583,0.31,0.21,23.99,60,1,7.03,5,1
11584,0.25,0.7,6.92,67,5,15.19,1,1
11585,0.23,0.68,99.21,29,5,18.26,2,1
11586,0.24,0.91,87.12,25,10,15.38,6,1
11587,0.15,0.2,52.58,66,9,9.75,2,1
11588,0.03,0.38,71.8,5,12,15.48,5,1
11589,0.28,0.18,56.1,95,18,12.65,1,1
11590,0.24,0.47,81.35,5,1,17.81,1,1
11591,0.17,0.92,84.63,85,19,11.89,6,1
11592,0.32,0.8,24.05,49,13,8.56,1,1
11593,0.12,0.75,46.52,26,0,6.52,4,1
11594,0.11,0.58,63.85,71,11,9.22,2,1
11595,0.31,0.9,97.87,30,17,13.45,9,1
11596,0.28,0.5,68.59,98,15,7.55,1,1
11597,0.19,0.23,89.87,28,4,5.6,3,1
11598,0.05,0.85,84.77,14,18,11.73,7,1
11599,0.08,0.35,58.62,18,13,10.21,1,0
11600,0.23,0.15,89.47,57,10,11.31,1,1
11601,0.14,0.21,38.36,81,16,11.81,6,1
11602,0.29,0.65,38.55,25,14,16.49,6,1
11603,0.33,0.65,78.32,70,15,19.41,4,1
11604,0.28,0.33,14.32,5,13,8.93,3,1
11605,0.14,0.75,31.28,53,16,19.14,1,0
11606,0.28,0.8,61.25,85,3,8.43,8,1
11607,0.13,0.93,42.59,39,13,16.32,8,0
11608,0.07,0.63,94.13,57,3,15.22,7,1
11609,0.02,0.8,95.89,84,2,5.78,4,1
11610,0.14,0.78,50.76,11,3,15.87,2,0
11611,0.32,0.33,54.37,69,5,18.52,7,1
11612,0.09,0.38,72.74,99,3,18.95,8,1
11613,0.08,0.53,46.27,99,6,15.28,5,0
11614,0.34,0.12,19.82,25,6,16.8,9,1
11615,0.02,0.37,74.95,30,17,6.07,8,1
11616,0.28,0.53,74.04,2,11,7.42,4,1
11617,0.12,0.2,25.25,84,15,8.94,9,1
11618,0.02,0.21,83.46,36,5,12.97,1,1
11619,0.32,0.52,61.75,37,4,10.79,9,1
11620,0.06,0.76,24.39,2,9,14.86,1,0
11621,0.2,0.85,65.55,47,16,11.69,5,1
11622,0.1,0.59,24.13,91,2,16.63,5,0
11623,0.03,0.53,27.26,96,8,15.7,8,0
11624,0.03,0.45,84.95,59,9,16.21,5,1
11625,0.05,0.27,93.02,4,9,17.43,8,1
11626,0.03,0.23,26.43,91,5,17.51,1,1
11627,0.27,0.81,92.88,94,3,16.69,3,1
11628,0.18,0.52,24.64,67,10,5.99,7,1
11629,0.13,0.81,12.61,46,19,14.35,6,0
11630,0.15,0.73,6.76,91,8,5.3,5,1
11631,0.33,0.27,24.97,36,11,16.16,7,1
11632,0.32,0.56,39.14,65,9,5.92,5,1
11633,0.25,0.5,92.83,99,5,19.75,7,1
11634,0.31,0.48,24.97,56,12,14.21,3,1
11635,0.12,0.59,37.18,76,4,7.73,6,1
11636,0.14,0.98,73.68,35,3,12.02,2,1
11637,0.22,0.83,30.91,82,2,17.4,1,1
11638,0.22,0.91,68.75,23,4,7.7,2,1
11639,0.17,0.13,43.78,97,17,13.05,4,1
11640,0.15,0.23,20.45,78,2,5.05,6,1
11641,0.35,0.18,73.67,44,4,16.83,5,1
11642,0.29,0.34,3.68,1,8,7.92,8,1
11643,0.16,0.5,29.94,91,5,10.81,2,0
11644,0.26,0.68,36.26,88,14,12.95,3,1
11645,0.1,0.55,46.36,66,17,7.17,2,1
11646,0.04,0.91,68.31,12,7,18.9,2,1
11647,0.13,0.95,46.48,13,11,12.03,4,0
11648,0.15,0.25,59.84,27,5,8.48,2,1
11649,0.02,0.87,59.98,20,7,16.03,2,0
11650,0.29,0.53,37.95,98,14,18.41,3,1
11651,0.13,0.51,93.46,6,15,18.69,1,1
11652,0.21,0.81,95.63,8,4,11.47,5,1
11653,0.04,0.18,58.6,21,10,10.39,4,1
11654,0.07,0.89,8.1,21,16,18.94,1,0
11655,0.31,0.7,49.62,45,12,5.79,6,1
11656,0.22,0.89,19.26,70,19,16.26,7,1
11657,0.33,1.0,48.84,44,15,7.66,4,1
11658,0.35,0.57,19.66,59,17,11.98,3,1
11659,0.14,0.18,70.68,30,12,19.31,9,1
11660,0.11,0.25,8.96,10,2,13.72,3,1
11661,0.3,0.39,95.38,75,2,12.85,5,1
11662,0.35,0.19,20.34,1,5,5.93,5,1
11663,0.22,0.83,66.4,10,14,9.16,7,1
11664,0.28,0.37,91.78,25,18,5.05,1,1
11665,0.28,0.98,25.54,80,2,18.13,3,1
11666,0.13,0.73,93.5,83,2,14.67,3,1
11667,0.21,0.26,39.48,74,2,6.77,8,1
11668,0.29,0.53,96.09,14,17,10.45,3,1
11669,0.24,0.52,97.17,3,7,17.17,7,1
11670,0.02,0.54,19.62,68,15,7.1,9,1
11671,0.12,0.58,83.28,40,2,8.45,8,1
11672,0.06,0.13,20.15,33,10,13.12,6,1
11673,0.09,0.72,23.42,84,15,7.17,5,1
11674,0.32,0.54,9.33,79,1,10.74,7,1
11675,0.02,0.81,16.5,7,0,19.73,9,0
11676,0.08,0.83,63.59,3,7,13.16,6,1
11677,0.12,0.31,45.48,91,11,15.52,2,0
11678,0.22,0.14,79.3,37,18,14.95,8,1
11679,0.19,0.73,33.87,93,17,8.18,4,0
11680,0.08,0.98,96.89,26,17,17.69,6,1
11681,0.07,0.5,5.94,91,10,6.83,2,1
11682,0.09,0.33,7.23,25,17,18.82,6,0
11683,0.18,0.24,70.44,40,5,8.24,2,1
11684,0.1,0.36,88.87,43,0,19.32,1,1
11685,0.33,0.4,79.75,94,8,16.97,5,1
11686,0.17,0.48,49.49,44,19,7.56,4,1
11687,0.03,0.69,27.69,84,15,7.41,4,1
11688,0.26,0.35,2.33,71,4,6.27,1,1
11689,0.12,0.15,51.44,29,18,8.71,9,1
11690,0.23,0.44,48.09,98,16,14.89,8,1
11691,0.11,0.87,35.08,90,7,12.8,1,0
11692,0.2,0.55,58.23,91,18,14.2,5,0
11693,0.27,0.97,73.15,57,17,5.47,9,1
11694,0.33,0.55,70.39,9,11,6.2,1,1
11695,0.1,0.35,27.06,22,15,15.38,3,0
11696,0.12,0.27,58.95,76,13,17.72,4,1
11697,0.17,0.73,15.73,70,3,10.39,2,0
11698,0.33,0.58,13.04,6,7,7.5,9,1
11699,0.32,0.64,78.8,27,11,9.63,1,1
11700,0.04,0.78,69.68,83,10,11.18,4,1
11701,0.05,0.75,77.02,52,12,14.45,3,1
11702,0.18,0.14,16.09,70,7,11.14,9,1
11703,0.05,0.82,91.55,49,17,18.46,3,1
11704,0.13,0.58,14.18,81,12,11.02,7,0
11705,0.06,0.45,87.13,93,3,7.72,2,1
11706,0.23,0.58,35.89,23,0,8.73,8,1
11707,0.33,0.65,11.44,81,9,11.98,2,1
11708,0.35,0.23,29.39,21,5,16.74,9,1
11709,0.14,0.48,18.96,74,10,18.04,9,0
11710,0.21,0.4,49.58,8,6,7.78,9,1
11711,0.3,0.42,95.02,54,9,5.05,6,1
11712,0.05,0.18,33.46,14,11,18.04,7,1
11713,0.24,0.24,61.6,31,5,8.42,4,1
11714,0.15,0.25,89.28,51,5,17.32,2,1
11715,0.08,0.44,63.38,62,3,13.26,3,1
11716,0.15,0.91,36.86,18,1,11.06,3,0
11717,0.04,0.29,99.09,47,6,7.2,1,1
11718,0.25,0.47,19.55,94,6,15.08,3,1
11719,0.1,0.38,52.8,82,1,17.27,4,0
11720,0.12,0.81,79.87,52,9,11.92,4,1
11721,0.05,0.15,1.06,89,13,11.7,3,1
11722,0.3,0.28,70.5,37,4,16.33,4,1
11723,0.18,0.29,27.38,89,19,12.5,4,1
11724,0.2,0.99,17.8,30,7,16.78,3,0
11725,0.2,0.61,28.15,30,19,5.81,5,1
11726,0.15,0.23,96.71,75,17,17.86,3,1
11727,0.08,0.34,89.3,48,4,8.93,8,1
11728,0.26,0.25,22.16,39,3,7.54,3,1
11729,0.05,0.21,12.59,27,18,5.48,3,1
11730,0.05,0.82,37.05,16,10,17.51,8,0
11731,0.25,0.55,59.64,32,4,5.9,1,1
11732,0.08,0.67,86.85,29,15,19.32,4,1
11733,0.11,0.4,96.64,52,8,13.47,3,1
11734,0.17,0.6,75.36,74,5,15.48,1,1
11735,0.16,0.33,60.3,94,7,15.88,1,1
11736,0.25,0.38,15.09,75,0,9.39,7,1
11737,0.22,0.69,8.33,15,0,17.1,4,1
11738,0.23,0.24,60.01,44,4,19.19,5,1
11739,0.25,0.66,54.37,23,17,10.55,2,1
11740,0.11,0.87,84.76,48,3,17.53,3,1
11741,0.12,0.21,32.94,23,15,16.58,1,1
11742,0.16,0.91,4.93,71,19,13.84,4,0
11743,0.11,0.17,42.95,14,18,10.51,8,1
11744,0.34,0.41,96.95,73,6,11.23,3,1
11745,0.29,0.65,79.76,54,14,9.61,1,1
11746,0.07,0.6,4.34,92,17,11.39,4,0
11747,0.01,0.19,87.59,70,8,19.84,9,1
11748,0.02,0.82,47.7,43,6,10.45,8,0
11749,0.09,0.98,37.11,45,0,14.98,3,0
11750,0.05,0.26,35.33,22,12,9.79,4,1
11751,0.19,0.91,59.92,61,3,12.0,5,0
11752,0.3,0.6,53.53,18,1,6.26,7,1
11753,0.26,0.94,66.01,44,9,16.45,1,1
11754,0.08,0.26,57.79,86,4,14.92,3,1
11755,0.15,0.81,15.25,73,2,10.21,1,0
11756,0.18,0.15,26.47,18,4,12.87,3,1
11757,0.29,0.89,84.26,57,10,18.08,6,1
11758,0.3,0.71,66.66,85,17,5.67,9,1
11759,0.32,0.43,45.39,15,19,18.95,6,1
11760,0.18,0.27,19.08,73,1,12.06,8,1
11761,0.25,0.83,1.76,58,15,17.89,4,1
11762,0.05,0.64,31.88,2,17,17.92,5,0
11763,0.2,0.42,6.43,14,5,5.88,8,1
11764,0.09,0.5,48.75,21,14,16.72,1,0
11765,0.16,0.84,82.36,43,11,15.99,8,1
11766,0.23,0.41,29.25,45,3,5.65,2,1
11767,0.1,0.18,84.93,34,11,19.11,6,1
11768,0.03,0.92,70.75,71,10,14.52,4,1
11769,0.01,0.45,13.4,79,8,7.51,4,1
11770,0.02,0.41,64.81,12,0,6.85,5,1
11771,0.01,0.28,16.02,7,17,13.43,1,1
11772,0.05,0.91,65.82,69,5,5.88,4,1
11773,0.09,0.3,15.13,87,11,7.47,8,1
11774,0.09,0.67,39.86,28,2,19.23,9,0
11775,0.35,0.89,57.09,98,0,16.17,2,1
11776,0.11,0.13,5.99,25,6,14.2,6,1
11777,0.05,0.85,16.18,66,17,8.13,5,0
11778,0.2,0.47,32.72,51,11,8.28,8,0
11779,0.3,0.69,46.77,73,19,11.69,8,1
11780,0.24,0.44,85.99,34,15,16.31,8,1
11781,0.11,0.73,19.54,46,19,5.06,1,1
11782,0.2,0.33,35.4,47,6,5.66,4,1
11783,0.25,0.12,48.1,32,16,18.05,2,1
11784,0.26,0.95,30.28,12,3,17.21,4,1
11785,0.24,0.11,62.95,19,9,15.42,6,1
11786,0.31,0.84,26.4,47,5,12.49,4,1
11787,0.31,0.25,77.46,38,1,7.18,5,1
11788,0.21,0.45,51.01,10,3,6.53,3,1
11789,0.16,0.84,9.54,10,17,18.58,2,0
11790,0.23,0.29,63.07,99,0,10.74,7,1
11791,0.29,0.88,57.36,41,0,15.44,6,1
11792,0.01,0.55,34.52,55,15,11.84,3,0
11793,0.35,0.43,2.1,96,12,15.96,9,1
11794,0.07,0.7,20.87,71,13,7.9,6,1
11795,0.17,0.41,41.17,74,10,12.27,5,0
11796,0.31,0.41,20.79,43,19,10.65,8,1
11797,0.09,0.76,58.17,38,7,8.68,2,0
11798,0.17,0.38,71.52,27,9,13.97,6,1
11799,0.06,0.28,85.75,32,15,13.05,6,1
11800,0.14,0.83,65.05,71,6,12.44,7,1
11801,0.07,0.82,69.21,48,4,13.87,3,1
11802,0.13,0.55,61.24,26,9,7.14,6,1
11803,0.14,0.57,98.56,86,17,10.56,3,1
11804,0.35,0.73,26.84,58,6,9.87,8,1
11805,0.35,0.56,27.36,76,3,16.54,5,1
11806,0.05,0.48,13.51,24,9,5.54,6,1
11807,0.26,1.0,49.08,54,17,9.23,9,1
11808,0.03,0.23,10.52,46,17,18.77,9,1
11809,0.02,0.63,27.74,58,2,9.51,5,0
11810,0.05,0.9,48.79,93,12,7.28,7,1
11811,0.34,0.72,95.8,32,13,16.36,6,1
11812,0.33,0.89,96.42,16,13,5.72,4,1
11813,0.08,0.4,74.63,90,0,11.39,1,1
11814,0.06,0.34,39.54,70,4,17.83,4,0
11815,0.09,0.87,86.65,65,9,19.31,2,1
11816,0.19,0.45,87.67,13,13,8.74,8,1
11817,0.2,0.74,91.11,6,18,9.44,2,1
11818,0.09,0.23,64.36,12,6,13.51,9,1
11819,0.27,0.78,20.98,9,14,8.4,6,1
11820,0.12,0.59,10.02,84,8,7.26,5,1
11821,0.32,0.34,91.56,59,9,11.39,9,1
11822,0.23,0.55,6.5,91,7,6.08,2,1
11823,0.16,0.73,30.29,67,8,18.41,1,0
11824,0.28,0.11,49.21,24,10,10.01,9,1
11825,0.29,0.67,3.18,15,7,10.04,4,1
11826,0.11,0.59,90.78,98,17,16.87,2,1
11827,0.13,0.3,29.42,63,4,10.12,6,0
11828,0.33,0.78,3.82,50,7,16.41,1,1
11829,0.07,0.37,99.37,96,1,7.72,4,1
11830,0.02,0.35,31.83,21,17,12.93,4,0
11831,0.16,0.52,87.8,1,18,16.53,7,1
11832,0.28,0.71,45.89,97,17,11.75,3,1
11833,0.27,0.94,66.65,11,19,6.08,8,1
11834,0.32,0.23,24.87,67,15,16.05,2,1
11835,0.19,0.46,50.78,22,3,12.41,4,0
11836,0.04,0.16,26.51,74,16,9.75,8,1
11837,0.21,0.78,95.16,88,5,19.89,4,1
11838,0.27,0.5,7.03,7,11,18.14,5,1
11839,0.04,0.74,28.19,49,6,5.57,8,1
11840,0.07,0.39,89.42,1,13,13.9,8,1
11841,0.01,0.86,48.52,65,11,10.32,5,0
11842,0.21,0.58,60.41,63,19,5.56,6,1
11843,0.31,0.95,65.52,64,1,5.17,9,1
11844,0.24,0.17,8.02,26,3,13.76,2,1
11845,0.34,0.56,2.76,17,7,9.8,3,1
11846,0.03,0.79,93.85,11,9,15.55,9,1
11847,0.32,0.64,27.88,67,16,11.82,3,1
11848,0.29,0.12,38.65,10,6,16.5,5,1
11849,0.12,0.98,68.53,66,9,17.2,3,1
11850,0.34,0.37,24.39,32,16,14.86,4,1
11851,0.11,0.32,73.57,16,15,11.27,3,1
11852,0.31,0.54,46.37,26,12,19.83,4,1
11853,0.31,0.59,85.8,74,17,9.6,1,1
11854,0.27,0.79,28.58,56,4,12.72,8,1
11855,0.2,0.45,21.18,94,7,12.81,7,0
11856,0.05,0.5,83.34,9,6,11.43,6,1
11857,0.19,0.58,33.31,5,17,6.82,7,1
11858,0.13,0.45,41.77,7,5,10.31,8,0
11859,0.28,0.92,79.58,65,12,8.23,1,1
11860,0.27,0.87,63.92,91,8,18.5,7,1
11861,0.32,0.51,44.73,12,7,14.83,9,1
11862,0.02,0.1,25.74,80,11,9.32,4,1
11863,0.29,0.91,76.66,48,9,13.49,2,1
11864,0.33,0.21,18.86,72,6,17.8,1,1
11865,0.28,0.32,92.9,25,6,19.02,8,1
11866,0.05,0.24,15.88,13,16,6.13,9,1
11867,0.04,0.26,80.69,41,4,16.8,3,1
11868,0.02,0.82,43.0,10,9,19.49,8,0
11869,0.22,0.62,19.41,40,19,12.01,8,1
11870,0.22,0.96,40.84,33,14,19.93,1,1
11871,0.35,0.31,22.93,35,12,19.36,8,1
11872,0.15,0.54,14.46,37,13,14.85,2,0
11873,0.12,0.98,24.68,92,16,17.71,2,0
11874,0.22,0.84,86.87,16,6,9.45,4,1
11875,0.29,0.76,11.49,72,3,18.76,7,1
11876,0.33,0.27,97.28,33,8,13.88,2,1
11877,0.28,0.79,1.49,53,18,12.64,5,1
11878,0.16,0.41,66.17,35,13,17.53,4,1
11879,0.23,0.58,85.79,55,2,18.34,6,1
11880,0.3,0.65,93.46,76,3,15.52,3,1
11881,0.18,0.65,15.25,79,1,5.38,9,1
11882,0.08,0.75,70.12,17,7,13.96,1,1
11883,0.07,0.7,11.63,27,1,17.32,8,0
11884,0.01,0.16,35.91,21,3,13.18,6,1
11885,0.25,0.51,73.46,21,1,19.02,4,1
11886,0.05,0.7,35.25,17,3,18.46,9,0
11887,0.09,0.37,32.02,27,8,12.95,1,0
11888,0.11,0.38,12.49,76,1,11.06,9,0
11889,0.2,0.21,7.58,48,19,5.83,2,1
11890,0.15,0.48,12.41,44,16,14.49,6,0
11891,0.24,0.99,87.67,36,0,8.99,8,1
11892,0.03,0.36,2.11,28,5,15.03,2,0
11893,0.05,0.58,69.59,25,15,16.98,5,1
11894,0.18,0.77,77.09,73,3,11.13,4,1
11895,0.12,0.11,57.22,47,4,5.23,5,1
11896,0.11,0.91,73.35,23,4,17.98,4,1
11897,0.03,0.45,65.57,75,8,13.24,3,1
11898,0.31,0.88,46.1,50,4,9.72,4,1
11899,0.25,0.14,38.89,65,1,14.51,5,1
11900,0.05,0.23,94.19,16,6,15.12,1,1
11901,0.03,0.39,97.22,50,14,7.21,4,1
11902,0.34,0.41,65.48,13,7,14.7,9,1
11903,0.24,0.86,20.53,84,2,9.3,8,1
11904,0.15,0.11,45.34,80,10,17.05,5,1
11905,0.25,0.68,50.16,80,9,19.12,3,1
11906,0.27,0.22,76.04,35,3,6.54,2,1
11907,0.28,0.84,67.11,32,11,18.76,8,1
11908,0.17,0.8,51.97,87,12,18.55,8,0
11909,0.16,0.55,68.36,25,6,10.14,5,1
11910,0.01,0.29,3.38,43,18,5.43,7,1
11911,0.33,0.67,77.89,28,15,14.95,1,1
11912,0.22,0.24,21.95,66,9,10.17,6,1
11913,0.08,0.27,65.98,67,6,7.87,9,1
11914,0.32,0.66,12.28,95,2,6.63,7,1
11915,0.32,0.99,12.33,97,1,7.94,5,1
11916,0.35,0.9,4.53,33,0,8.56,6,1
11917,0.31,0.63,91.11,47,15,16.94,7,1
11918,0.35,0.58,60.85,35,12,16.76,6,1
11919,0.09,1.0,36.83,64,2,12.42,5,0
11920,0.3,0.59,78.99,90,13,13.3,2,1
11921,0.29,0.48,62.98,12,17,18.77,3,1
11922,0.09,0.92,62.39,53,10,18.62,4,1
11923,0.04,0.31,49.22,44,18,17.43,5,0
11924,0.34,0.19,1.78,46,2,10.61,1,1
11925,0.11,0.67,26.59,11,19,10.5,7,0
11926,0.31,0.19,11.8,70,1,18.32,8,1
11927,0.01,0.44,66.58,89,5,18.9,7,1
11928,0.02,0.48,25.61,46,3,16.98,5,0
11929,0.17,0.59,45.57,59,12,16.36,1,0
11930,0.09,0.99,35.99,59,7,13.37,9,0
11931,0.24,0.3,15.18,34,14,10.08,2,1
11932,0.2,0.44,95.88,99,0,8.61,1,1
11933,0.04,0.22,93.41,21,15,7.11,2,1
11934,0.07,0.65,9.38,82,19,15.92,4,0
11935,0.14,0.75,82.91,72,4,16.65,2,1
11936,0.07,0.53,49.35,98,12,10.38,6,0
11937,0.28,0.32,77.6,52,16,5.09,8,1
11938,0.15,0.66,15.96,48,1,19.08,9,0
11939,0.04,0.59,14.1,78,12,11.56,8,0
11940,0.17,0.25,89.18,19,1,19.62,8,1
11941,0.04,0.47,89.88,84,10,15.16,9,1
11942,0.05,0.49,47.13,4,14,6.86,8,1
11943,0.09,0.98,87.15,32,8,9.9,2,1
11944,0.3,0.86,67.08,90,18,14.86,7,1
11945,0.32,0.76,19.32,28,3,14.74,3,1
11946,0.29,0.9,33.57,76,16,8.48,1,1
11947,0.12,0.76,14.47,58,14,7.65,9,1
11948,0.1,0.91,77.62,74,6,9.15,8,1
11949,0.2,0.15,98.54,41,12,16.8,6,1
11950,0.26,0.51,55.09,99,7,8.63,2,1
11951,0.35,0.77,65.93,33,0,15.53,1,1
11952,0.05,0.62,74.86,14,8,18.05,6,1
11953,0.03,0.26,23.2,87,17,10.87,5,1
11954,0.25,0.41,34.26,82,16,5.1,2,1
11955,0.29,0.39,41.82,53,16,7.13,1,1
11956,0.3,0.34,59.86,76,7,9.68,3,1
11957,0.24,0.41,85.2,42,2,7.85,5,1
11958,0.33,0.56,26.17,36,10,9.34,9,1
11959,0.18,0.87,47.62,25,1,13.16,8,0
11960,0.32,0.77,75.4,52,1,5.32,9,1
11961,0.34,0.85,9.65,40,15,5.96,5,1
11962,0.3,0.9,51.78,86,16,17.84,4,1
11963,0.12,0.47,15.29,70,8,12.83,3,0
11964,0.08,0.41,54.38,80,0,19.03,3,0
11965,0.2,0.15,77.01,62,11,5.05,4,1
11966,0.16,0.94,24.46,87,5,5.0,5,1
11967,0.31,0.16,85.1,9,10,16.09,7,1
11968,0.04,0.77,34.15,99,5,12.14,9,0
11969,0.1,0.44,19.89,93,19,18.71,4,0
11970,0.27,0.95,47.07,78,4,16.8,5,1
11971,0.04,0.48,87.73,69,12,12.56,5,1
11972,0.12,0.83,7.82,21,0,12.18,4,0
11973,0.14,0.35,33.43,53,15,17.17,3,0
11974,0.22,0.37,65.66,70,18,17.06,7,1
11975,0.06,0.64,36.4,1,10,9.15,5,0
11976,0.3,1.0,8.01,31,1,15.12,2,1
11977,0.16,0.57,33.87,45,0,14.65,9,0
11978,0.32,0.94,82.27,28,12,17.84,1,1
11979,0.17,0.81,96.84,3,16,18.03,4,1
11980,0.1,0.82,4.94,87,13,9.02,7,0
11981,0.06,0.49,57.36,40,16,18.2,8,0
11982,0.01,0.45,11.43,4,9,18.87,6,0
11983,0.19,0.27,68.36,70,16,6.64,7,1
11984,0.05,0.97,1.78,76,12,13.61,9,0
11985,0.14,0.96,2.46,12,5,11.55,6,0
11986,0.21,0.77,77.91,62,3,11.03,7,1
11987,0.1,0.37,8.37,71,3,15.57,2,0
11988,0.07,0.32,31.21,92,13,6.94,7,1
11989,0.27,0.99,95.85,90,3,17.3,7,1
11990,0.33,0.16,98.54,48,4,5.4,2,1
11991,0.04,0.86,16.98,7,13,13.67,5,0
11992,0.06,0.42,56.53,57,14,8.38,4,0
11993,0.34,0.48,56.36,56,7,15.01,7,1
11994,0.02,0.85,45.79,67,10,12.88,4,0
11995,0.34,0.18,92.55,13,6,20.0,9,1
11996,0.01,0.42,75.65,52,12,17.93,9,1
11997,0.31,0.96,76.69,63,13,10.05,5,1
11998,0.11,0.73,27.69,41,8,12.93,8,0
11999,0.33,0.78,44.0,75,14,9.77,3,1
12000,0.12,0.78,49.25,23,7,15.93,4,0
12001,0.23,0.15,30.59,47,1,11.34,2,1
12002,0.04,0.28,10.39,65,11,6.73,3,1
12003,0.09,0.54,13.51,98,15,14.91,4,0
12004,0.27,0.43,18.89,31,7,5.17,9,1
12005,0.19,0.47,21.16,97,0,9.46,4,0
12006,0.33,0.8,24.98,36,16,18.61,1,1
12007,0.16,0.11,26.29,14,18,6.41,2,1
12008,0.31,0.69,46.12,37,19,12.57,7,1
12009,0.16,0.1,51.45,32,12,16.93,2,1
12010,0.34,0.16,31.58,53,14,18.57,3,1
12011,0.34,0.47,90.82,28,12,13.4,3,1
12012,0.12,0.86,55.76,65,2,7.3,8,1
12013,0.31,0.23,78.96,47,15,19.11,7,1
12014,0.3,0.6,92.5,71,8,16.24,1,1
12015,0.08,0.71,17.15,80,18,10.94,8,0
12016,0.22,0.31,43.36,32,7,9.15,3,1
12017,0.03,0.56,43.89,24,7,5.72,5,1
12018,0.29,0.92,36.09,14,13,7.87,7,1
12019,0.07,0.56,1.88,47,18,16.67,3,0
12020,0.03,0.24,81.78,79,12,6.63,8,1
12021,0.15,0.67,12.04,1,2,6.94,8,1
12022,0.21,0.63,99.55,92,4,7.94,9,1
12023,0.3,0.12,77.52,19,7,10.93,6,1
12024,0.34,0.18,58.42,58,5,7.84,2,1
12025,0.16,0.24,16.31,7,4,18.56,8,1
12026,0.03,0.22,52.02,82,11,8.86,2,1
12027,0.26,0.33,26.85,77,5,18.79,9,1
12028,0.2,0.51,25.98,64,7,19.77,2,0
12029,0.16,0.43,83.12,18,6,16.32,7,1
12030,0.12,0.9,38.68,63,13,5.11,3,1
12031,0.18,0.65,45.62,68,8,8.6,1,0
12032,0.13,0.89,84.45,50,16,9.01,8,1
12033,0.27,0.57,9.69,68,18,13.14,7,1
12034,0.19,0.18,59.87,91,5,7.38,3,1
12035,0.31,0.52,58.24,16,18,6.16,1,1
12036,0.19,0.84,43.1,14,17,7.65,4,1
12037,0.09,0.27,83.15,62,0,9.91,5,1
12038,0.3,0.18,94.35,78,4,5.74,3,1
12039,0.2,0.4,47.07,7,12,7.93,5,1
12040,0.08,0.45,46.16,56,10,7.51,1,1
12041,0.22,0.38,50.7,14,8,16.59,7,1
12042,0.13,0.22,72.59,42,9,7.54,2,1
12043,0.3,0.33,67.14,70,19,16.87,5,1
12044,0.16,0.71,23.06,62,18,12.62,2,0
12045,0.26,0.45,7.33,43,1,16.37,8,1
12046,0.04,0.67,94.98,57,7,11.76,3,1
12047,0.14,0.58,26.85,91,17,18.52,1,0
12048,0.34,0.59,64.22,75,17,9.15,6,1
12049,0.28,0.32,83.02,31,1,16.5,8,1
12050,0.06,0.57,30.73,51,14,7.45,7,1
12051,0.1,0.12,63.91,67,16,18.24,6,1
12052,0.12,0.49,11.68,1,14,5.43,5,1
12053,0.23,0.62,97.02,80,19,11.86,8,1
12054,0.27,0.26,6.76,44,14,11.32,4,1
12055,0.26,0.33,44.38,91,12,14.36,7,1
12056,0.18,0.3,54.15,50,17,11.61,2,0
12057,0.29,0.16,79.26,60,14,13.83,9,1
12058,0.16,0.41,12.99,3,17,17.93,8,0
12059,0.05,0.98,44.64,72,18,7.13,4,1
12060,0.2,0.42,30.67,80,17,8.66,7,0
12061,0.33,0.51,31.89,54,14,17.04,1,1
12062,0.28,0.69,78.1,2,9,8.42,5,1
12063,0.21,0.68,1.54,29,15,18.58,2,1
12064,0.23,0.95,75.16,16,8,13.11,2,1
12065,0.33,0.87,81.23,93,1,6.23,2,1
12066,0.16,0.81,90.23,95,12,5.31,2,1
12067,0.12,0.96,63.06,59,0,16.44,5,1
12068,0.34,0.31,34.01,11,7,17.85,4,1
12069,0.3,0.66,43.3,96,5,8.6,1,1
12070,0.12,0.9,97.0,24,18,8.61,6,1
12071,0.17,0.66,88.24,83,18,19.31,3,1
12072,0.15,0.98,46.89,32,1,14.84,8,0
12073,0.06,0.19,94.36,74,17,7.51,2,1
12074,0.34,0.5,82.47,54,17,11.73,8,1
12075,0.15,0.98,90.21,56,14,18.66,6,1
12076,0.31,0.44,68.61,96,15,14.32,5,1
12077,0.07,0.77,85.91,87,12,11.11,6,1
12078,0.2,0.13,89.28,97,4,7.27,6,1
12079,0.02,0.73,10.11,94,17,15.89,4,0
12080,0.27,0.94,96.56,94,4,9.15,1,1
12081,0.21,0.44,34.03,71,15,13.49,2,1
12082,0.22,0.12,44.55,80,5,14.0,8,1
12083,0.03,0.13,79.4,43,6,13.33,9,1
12084,0.08,0.9,66.82,53,0,8.7,4,1
12085,0.04,0.75,89.41,1,7,15.62,8,1
12086,0.11,0.2,40.66,94,6,13.49,6,1
12087,0.22,0.15,37.96,98,6,11.06,1,1
12088,0.2,0.82,4.14,61,6,5.78,6,1
12089,0.22,0.83,46.81,34,0,9.97,7,1
12090,0.2,0.21,72.68,61,11,10.29,1,1
12091,0.1,0.37,30.82,61,10,16.87,9,0
12092,0.09,0.8,46.81,95,15,12.7,6,0
12093,0.06,0.57,22.72,8,0,18.98,8,0
12094,0.3,0.96,77.51,54,5,16.26,8,1
12095,0.22,0.53,6.99,53,4,13.07,9,1
12096,0.07,0.71,70.83,20,11,7.53,1,1
12097,0.07,0.56,38.52,46,16,8.32,6,0
12098,0.31,0.95,5.12,93,12,7.4,9,1
12099,0.26,0.46,85.49,31,4,11.64,8,1
12100,0.23,0.31,49.28,85,14,15.84,4,1
12101,0.15,0.39,60.33,26,1,16.39,5,1
12102,0.1,0.87,73.47,95,1,6.44,9,1
12103,0.34,0.55,65.85,63,19,12.44,5,1
12104,0.28,0.42,73.35,20,15,12.22,9,1
12105,0.11,0.59,76.47,22,11,11.58,1,1
12106,0.3,0.22,59.33,57,3,9.52,9,1
12107,0.27,0.1,37.2,57,8,12.14,9,1
12108,0.11,0.35,25.07,26,11,12.75,6,0
12109,0.16,0.64,90.39,17,1,14.0,7,1
12110,0.07,0.74,97.02,89,7,10.66,6,1
12111,0.05,0.84,36.41,27,13,19.18,4,0
12112,0.26,0.93,12.12,67,10,10.08,7,1
12113,0.1,0.47,23.03,56,7,18.43,2,0
12114,0.29,0.77,67.4,24,8,17.02,3,1
12115,0.35,0.17,18.12,25,6,11.98,4,1
12116,0.04,0.15,78.23,10,13,12.44,3,1
12117,0.17,0.21,92.38,36,6,18.05,9,1
12118,0.28,0.5,96.4,82,9,12.39,4,1
12119,0.28,0.29,1.92,45,6,15.19,1,1
12120,0.27,0.36,95.86,17,14,17.14,8,1
12121,0.13,0.68,74.28,78,17,18.62,4,1
12122,0.16,0.42,9.32,58,12,8.27,9,0
12123,0.21,0.6,42.11,83,3,19.63,9,1
12124,0.34,0.47,70.3,82,11,19.48,9,1
12125,0.12,0.25,95.71,23,19,9.46,9,1
12126,0.32,0.17,17.25,8,17,14.21,7,1
12127,0.1,0.31,13.65,50,6,5.7,9,1
12128,0.35,0.15,47.76,16,3,7.52,7,1
12129,0.24,0.66,96.84,89,7,13.76,8,1
12130,0.17,0.82,97.17,43,19,14.75,2,1
12131,0.22,0.41,23.56,96,17,13.02,4,1
12132,0.1,0.45,32.62,83,5,15.57,4,0
12133,0.1,0.83,90.9,82,8,16.89,4,1
12134,0.05,0.3,73.75,96,11,7.53,3,1
12135,0.05,0.21,97.26,46,8,14.89,1,1
12136,0.13,0.55,89.42,49,14,13.44,6,1
12137,0.27,0.68,22.29,15,12,6.76,5,1
12138,0.22,0.64,76.21,49,2,8.43,3,1
12139,0.04,0.74,5.81,21,2,11.3,7,0
12140,0.3,0.15,81.97,75,18,17.96,6,1
12141,0.21,0.49,60.55,93,12,8.26,4,1
12142,0.34,0.31,95.65,96,11,7.74,9,1
12143,0.24,0.78,96.04,6,5,15.81,4,1
12144,0.07,0.89,6.03,55,17,19.64,9,0
12145,0.17,0.35,16.89,83,8,11.71,3,0
12146,0.23,0.19,48.94,80,16,10.25,7,1
12147,0.02,0.33,88.07,76,11,8.81,7,1
12148,0.02,0.19,81.63,15,16,5.75,1,1
12149,0.05,0.39,96.47,11,14,7.68,1,1
12150,0.1,0.58,62.19,39,1,6.4,2,1
12151,0.16,0.98,26.4,74,3,12.41,4,0
12152,0.18,0.46,3.49,51,8,19.67,2,0
12153,0.06,0.3,23.07,37,11,16.81,5,0
12154,0.24,0.25,67.85,49,1,14.03,2,1
12155,0.21,0.26,92.7,57,3,12.3,8,1
12156,0.11,0.27,32.77,88,11,14.26,6,1
12157,0.01,0.79,87.69,65,1,10.64,3,1
12158,0.04,0.15,40.09,17,5,7.68,2,1
12159,0.14,1.0,31.52,63,6,13.85,9,0
12160,0.06,0.57,51.38,14,17,12.92,1,0
12161,0.14,0.59,44.79,38,4,19.17,6,0
12162,0.22,0.42,91.47,25,9,14.75,7,1
12163,0.2,0.72,47.36,37,17,16.6,9,0
12164,0.09,0.52,28.46,99,10,6.39,7,1
12165,0.13,0.4,84.41,86,16,16.41,4,1
12166,0.22,0.34,99.88,56,10,19.74,2,1
12167,0.3,0.93,65.17,7,4,14.86,6,1
12168,0.27,0.36,25.8,11,5,16.13,7,1
12169,0.2,0.49,24.64,74,13,19.69,6,0
12170,0.13,0.42,6.71,78,15,10.87,4,0
12171,0.13,0.18,8.65,35,13,17.36,7,1
12172,0.31,0.27,91.58,36,0,11.0,6,1
12173,0.02,0.27,10.55,70,4,11.39,6,1
12174,0.35,0.72,48.95,52,4,14.87,2,1
12175,0.24,0.47,70.11,69,7,8.85,2,1
12176,0.24,0.8,85.19,42,13,19.89,6,1
12177,0.02,0.74,17.96,71,7,9.94,1,0
12178,0.22,0.27,44.34,15,8,6.84,8,1
12179,0.17,0.61,25.9,21,19,9.84,9,0
12180,0.05,0.77,26.33,82,2,17.84,8,0
12181,0.1,0.67,31.08,1,9,9.71,6,0
12182,0.31,0.64,59.12,68,15,14.17,1,1
12183,0.2,0.77,2.64,11,10,19.03,8,0
12184,0.15,0.15,41.47,10,1,8.9,2,1
12185,0.03,0.76,19.5,45,0,6.97,4,1
12186,0.25,0.35,96.74,56,9,6.45,1,1
12187,0.25,0.61,58.69,19,5,11.61,1,1
12188,0.22,0.32,86.94,42,7,6.56,5,1
12189,0.18,0.85,20.37,94,5,11.81,6,0
12190,0.16,0.53,81.19,41,1,17.94,9,1
12191,0.21,0.68,42.06,20,7,16.66,3,1
12192,0.09,0.81,18.59,27,2,13.73,2,0
12193,0.33,0.91,76.36,12,11,17.76,2,1
12194,0.21,0.76,76.44,78,5,6.5,8,1
12195,0.12,0.23,99.59,98,18,14.14,9,1
12196,0.16,0.87,78.31,64,6,6.73,8,1
12197,0.28,0.66,15.38,38,12,12.23,3,1
12198,0.06,0.65,32.93,66,3,11.95,8,0
12199,0.11,0.93,45.72,58,13,8.98,6,0
12200,0.24,0.32,13.54,96,3,17.45,6,1
12201,0.12,0.32,79.02,82,17,8.42,9,1
12202,0.28,0.56,53.14,85,6,13.28,8,1
12203,0.05,0.78,94.5,11,12,12.23,1,1
12204,0.27,0.5,59.34,30,2,11.47,7,1
12205,0.03,0.67,52.77,64,16,5.5,6,1
12206,0.01,0.51,8.07,83,0,15.45,5,0
12207,0.32,0.65,15.79,48,10,5.19,3,1
12208,0.21,0.84,85.1,40,18,17.31,1,1
12209,0.13,0.26,99.08,94,6,9.0,8,1
12210,0.09,0.73,42.1,99,13,6.8,3,1
12211,0.22,0.81,81.2,68,6,11.26,7,1
12212,0.18,0.5,63.13,21,10,13.39,6,1
12213,0.35,0.39,95.95,5,18,9.66,2,1
12214,0.34,0.11,24.58,36,15,6.83,2,1
12215,0.23,0.82,54.94,91,16,5.27,3,1
12216,0.16,0.4,41.47,7,13,15.56,3,0
12217,0.18,0.42,54.63,60,14,18.3,2,0
12218,0.24,0.4,27.62,56,17,6.51,8,1
12219,0.04,0.55,50.28,31,11,8.46,1,0
12220,0.12,0.73,62.86,84,12,5.3,3,1
12221,0.04,0.79,9.04,25,3,18.28,1,0
12222,0.03,0.45,74.56,56,9,11.67,4,1
12223,0.08,0.7,70.95,89,8,18.88,1,1
12224,0.17,0.75,88.17,81,11,12.02,1,1
12225,0.28,0.37,43.16,79,3,17.93,4,1
12226,0.18,0.19,7.11,74,5,19.28,6,1
12227,0.12,0.91,46.68,34,13,10.03,6,0
12228,0.04,0.71,14.62,44,3,14.61,4,0
12229,0.2,0.68,65.1,7,9,15.0,7,1
12230,0.1,0.15,5.67,51,4,5.32,8,1
12231,0.22,0.84,38.03,25,6,11.57,2,1
12232,0.34,0.61,9.2,28,6,17.83,9,1
12233,0.05,0.86,1.33,42,9,19.19,5,0
12234,0.08,0.98,96.1,27,19,18.49,6,1
12235,0.17,0.96,99.62,37,12,19.59,1,1
12236,0.34,0.87,55.99,55,14,14.8,4,1
12237,0.27,0.11,24.66,38,4,8.49,7,1
12238,0.32,0.9,91.2,56,15,13.63,6,1
12239,0.12,0.17,92.38,92,5,11.32,2,1
12240,0.35,0.87,85.6,34,3,8.88,7,1
12241,0.04,0.35,54.89,29,5,16.59,9,0
12242,0.03,0.65,8.4,48,15,14.44,9,0
12243,0.3,0.13,9.76,72,18,16.85,3,1
12244,0.33,0.79,89.77,77,5,9.04,6,1
12245,0.04,0.2,87.71,46,10,18.56,1,1
12246,0.05,0.47,44.01,37,13,8.58,4,0
12247,0.02,0.84,33.49,3,14,14.03,5,0
12248,0.05,0.73,64.77,78,0,5.85,9,1
12249,0.08,0.11,80.89,96,3,13.11,3,1
12250,0.34,0.46,73.44,87,6,6.48,9,1
12251,0.24,0.14,61.94,87,9,9.98,5,1
12252,0.27,0.71,23.92,77,0,17.91,3,1
12253,0.27,0.97,26.99,50,13,18.4,2,1
12254,0.19,0.69,72.68,21,5,16.51,9,1
12255,0.28,0.3,80.46,48,13,10.52,6,1
12256,0.21,0.42,12.5,58,18,13.68,6,1
12257,0.12,0.98,19.54,31,5,8.36,2,0
12258,0.2,0.3,68.37,7,19,15.18,8,1
12259,0.19,0.61,39.51,57,19,10.21,5,0
12260,0.29,0.46,56.77,36,5,8.31,6,1
12261,0.34,0.79,61.87,83,10,13.77,9,1
12262,0.15,0.88,77.84,86,10,6.68,8,1
12263,0.27,0.41,80.77,24,16,15.3,9,1
12264,0.04,0.69,28.73,24,19,7.81,7,1
12265,0.27,0.59,54.59,56,8,13.3,1,1
12266,0.14,0.35,13.23,85,13,10.89,1,0
12267,0.02,0.34,84.36,61,5,13.49,4,1
12268,0.13,0.58,84.7,77,3,8.69,2,1
12269,0.22,0.24,30.65,70,6,9.66,9,1
12270,0.05,0.83,16.9,28,9,7.1,4,1
12271,0.32,0.16,7.94,32,6,16.65,5,1
12272,0.04,0.19,57.92,77,4,6.05,2,1
12273,0.33,0.41,10.05,98,3,10.65,9,1
12274,0.25,0.21,68.38,96,14,11.74,8,1
12275,0.12,0.53,68.13,78,3,7.93,7,1
12276,0.14,0.46,61.78,96,14,10.77,7,1
12277,0.26,0.75,87.78,45,6,11.27,8,1
12278,0.21,0.96,38.45,69,5,8.36,7,1
12279,0.24,0.78,90.32,99,3,14.59,7,1
12280,0.14,0.26,4.66,68,18,5.46,6,1
12281,0.18,0.94,12.16,78,1,7.96,9,1
12282,0.35,0.45,41.81,18,14,14.36,4,1
12283,0.08,0.53,59.81,75,19,14.41,5,0
12284,0.15,0.48,4.21,83,1,8.98,6,0
12285,0.11,0.35,57.18,2,12,15.25,7,0
12286,0.27,0.91,31.43,98,13,12.05,5,1
12287,0.27,0.4,88.83,3,8,12.91,5,1
12288,0.11,0.62,53.8,29,15,9.99,6,0
12289,0.04,0.32,59.2,87,8,19.76,9,0
12290,0.01,0.82,94.62,48,16,16.06,6,1
12291,0.16,0.8,76.65,65,2,8.73,8,1
12292,0.15,0.37,44.39,42,4,8.55,4,0
12293,0.35,0.71,48.21,6,11,16.61,7,1
12294,0.17,0.73,65.14,59,4,10.82,5,1
12295,0.1,0.61,20.82,81,13,6.37,4,1
12296,0.31,0.64,9.78,19,16,5.53,2,1
12297,0.18,0.62,31.81,52,4,11.21,9,0
12298,0.21,0.17,78.06,61,12,11.22,5,1
12299,0.04,0.7,26.48,2,14,15.6,6,0
12300,0.14,0.52,13.95,79,16,13.62,1,0
12301,0.33,0.49,22.68,23,9,16.55,4,1
12302,0.21,0.87,68.22,19,15,9.77,5,1
12303,0.13,0.12,61.78,97,15,14.36,4,1
12304,0.22,0.33,69.14,70,16,18.29,2,1
12305,0.32,0.21,32.87,50,6,6.04,1,1
12306,0.1,0.13,90.18,61,10,15.63,9,1
12307,0.18,0.35,45.73,19,13,15.74,4,0
12308,0.34,0.99,51.86,94,11,16.91,8,1
12309,0.07,0.34,94.93,22,8,9.04,8,1
12310,0.25,0.7,97.95,3,6,11.25,4,1
12311,0.22,0.21,66.49,5,13,8.6,8,1
12312,0.24,0.64,94.54,94,15,9.63,4,1
12313,0.13,0.99,54.61,67,9,19.53,6,0
12314,0.12,0.36,31.42,60,4,11.68,5,0
12315,0.24,0.86,32.19,39,18,17.73,1,1
12316,0.08,1.0,56.34,28,6,16.92,9,0
12317,0.15,0.63,60.9,1,7,11.67,6,1
12318,0.07,0.38,44.52,22,9,19.88,9,0
12319,0.01,0.71,88.49,45,2,17.61,4,1
12320,0.34,0.86,43.24,51,13,12.24,4,1
12321,0.16,0.25,28.07,81,19,9.65,4,1
12322,0.34,0.51,1.79,51,2,6.13,2,1
12323,0.06,0.39,97.09,28,14,11.97,3,1
12324,0.21,0.36,82.61,30,9,10.4,5,1
12325,0.08,0.87,61.94,8,6,15.67,4,1
12326,0.28,0.48,83.22,91,18,5.3,1,1
12327,0.28,0.41,81.22,41,9,17.47,8,1
12328,0.05,0.64,93.25,25,13,11.25,4,1
12329,0.32,0.3,39.22,59,7,12.05,4,1
12330,0.08,0.31,55.93,77,19,7.74,7,1
12331,0.22,0.57,10.76,34,0,19.06,6,1
12332,0.35,0.47,96.57,39,5,10.98,2,1
12333,0.31,0.37,98.53,71,14,17.64,4,1
12334,0.34,0.15,79.12,86,4,8.56,2,1
12335,0.13,0.57,45.96,97,13,6.45,3,1
12336,0.05,0.83,50.16,46,8,14.54,6,0
12337,0.07,0.87,44.1,38,5,19.77,9,0
12338,0.18,0.31,30.04,95,0,14.7,1,0
12339,0.28,0.64,53.25,33,18,14.13,4,1
12340,0.06,0.87,6.29,22,14,11.63,8,0
12341,0.23,0.47,99.2,27,1,9.26,4,1
12342,0.12,0.94,42.98,63,18,11.46,6,0
12343,0.13,0.91,92.81,27,16,7.23,1,1
12344,0.24,0.29,72.7,21,10,8.93,4,1
12345,0.17,0.33,29.7,53,17,12.31,7,0
12346,0.29,0.26,22.98,35,13,7.17,6,1
12347,0.06,0.28,99.57,47,18,16.87,9,1
12348,0.28,0.92,77.44,50,8,5.17,3,1
12349,0.03,0.94,25.72,10,10,9.82,5,0
12350,0.08,0.15,7.68,28,10,12.75,7,1
12351,0.23,0.63,69.99,37,3,18.93,1,1
12352,0.3,0.61,31.0,41,17,13.6,9,1
12353,0.1,0.45,22.91,97,11,9.42,9,0
12354,0.12,0.67,73.76,61,8,10.28,3,1
12355,0.19,0.95,68.25,51,4,10.09,8,1
12356,0.08,0.25,48.66,8,0,7.71,2,1
12357,0.29,0.21,94.32,58,8,7.17,4,1
12358,0.27,0.13,68.28,61,6,12.21,7,1
12359,0.06,0.43,89.45,33,0,9.05,9,1
12360,0.17,0.4,19.86,19,19,6.38,4,1
12361,0.27,0.49,30.37,30,16,8.25,1,1
12362,0.12,0.55,11.35,78,2,12.81,7,0
12363,0.23,0.78,31.15,14,0,8.85,3,1
12364,0.03,0.45,97.21,36,12,8.57,9,1
12365,0.22,0.4,96.32,7,19,14.31,9,1
12366,0.06,0.84,76.28,34,19,15.34,2,1
12367,0.29,0.86,52.58,50,11,8.62,7,1
12368,0.13,0.31,78.3,32,16,12.08,8,1
12369,0.11,0.38,55.8,42,7,16.47,1,0
12370,0.3,0.84,1.35,33,14,15.35,5,1
12371,0.03,0.17,50.65,14,16,6.04,8,1
12372,0.14,0.39,60.29,89,1,10.4,2,1
12373,0.14,0.5,27.31,28,9,15.85,1,0
12374,0.11,0.27,21.13,39,0,7.69,4,1
12375,0.32,0.26,28.11,94,12,7.94,1,1
12376,0.27,0.48,62.74,31,11,14.45,5,1
12377,0.03,0.78,15.46,24,14,9.26,8,0
12378,0.25,0.86,72.31,4,9,9.86,8,1
12379,0.19,0.98,42.84,78,1,12.84,9,0
12380,0.32,0.17,35.98,9,14,16.26,5,1
12381,0.12,0.3,80.92,70,19,12.47,8,1
12382,0.21,0.78,51.1,24,9,18.4,5,1
12383,0.18,0.59,38.46,90,1,6.6,7,1
12384,0.18,0.39,87.94,98,12,16.31,8,1
12385,0.17,0.29,37.46,65,9,13.15,8,1
12386,0.08,0.35,86.04,87,16,17.25,2,1
12387,0.27,0.49,50.92,17,15,9.75,1,1
12388,0.16,0.26,21.59,37,14,12.23,8,1
12389,0.34,0.97,61.67,50,11,17.35,9,1
12390,0.1,0.2,29.25,45,8,17.48,7,1
12391,0.24,0.99,15.57,20,11,10.64,8,1
12392,0.33,0.86,9.57,59,11,17.33,9,1
12393,0.24,0.48,24.93,59,18,15.24,4,1
12394,0.31,0.77,73.92,90,16,11.14,3,1
12395,0.29,0.7,83.96,11,15,19.55,4,1
12396,0.13,0.29,86.31,55,9,5.46,3,1
12397,0.21,0.41,27.74,84,9,10.74,2,1
12398,0.06,0.56,66.44,65,19,9.6,1,1
12399,0.19,0.67,23.81,77,1,19.04,4,0
12400,0.09,0.59,62.65,58,19,6.49,5,1
12401,0.26,0.53,88.83,44,0,14.42,8,1
12402,0.19,0.5,5.05,77,15,15.75,7,0
12403,0.15,0.55,98.54,14,9,7.76,6,1
12404,0.1,0.49,82.88,76,14,7.25,6,1
12405,0.35,0.59,76.4,52,14,5.72,5,1
12406,0.03,0.9,69.44,34,5,7.38,4,1
12407,0.02,0.67,77.26,63,16,17.12,8,1
12408,0.08,0.75,99.46,27,12,19.16,8,1
12409,0.34,0.64,77.25,12,0,18.52,3,1
12410,0.34,0.68,35.81,38,17,10.48,8,1
12411,0.23,0.62,61.78,56,1,15.89,5,1
12412,0.31,0.12,34.36,65,2,17.41,1,1
12413,0.08,1.0,97.04,90,10,17.19,8,1
12414,0.34,0.13,90.11,40,0,5.94,7,1
12415,0.06,0.46,57.19,21,5,8.22,7,0
12416,0.04,0.19,78.35,32,15,19.08,5,1
12417,0.05,0.19,91.06,89,14,16.1,5,1
12418,0.2,0.81,25.12,12,8,17.52,7,0
12419,0.28,0.48,58.37,89,11,12.71,9,1
12420,0.13,0.82,48.69,26,9,10.9,1,0
12421,0.34,0.35,77.39,36,6,14.77,8,1
12422,0.16,0.33,38.53,16,9,12.09,9,0
12423,0.06,0.33,71.19,78,6,10.61,7,1
12424,0.17,0.65,40.9,34,5,10.22,2,0
12425,0.24,0.83,12.0,24,12,7.37,5,1
12426,0.29,0.51,11.61,72,10,12.94,4,1
12427,0.17,0.44,12.79,91,7,12.8,7,0
12428,0.21,0.98,4.22,39,4,13.86,3,1
12429,0.1,0.21,53.76,64,2,6.74,8,1
12430,0.23,0.54,67.52,77,3,18.72,5,1
12431,0.35,0.47,13.55,29,3,16.13,6,1
12432,0.03,0.19,61.57,31,8,6.96,4,1
12433,0.31,0.34,60.18,63,0,6.19,7,1
12434,0.2,0.13,15.56,43,14,14.64,9,1
12435,0.1,0.89,41.0,19,12,10.12,4,0
12436,0.33,0.65,75.76,10,4,9.79,6,1
12437,0.17,0.83,2.66,56,17,17.6,6,0
12438,0.12,0.57,15.55,60,4,10.18,1,0
12439,0.07,0.64,99.59,43,10,14.48,9,1
12440,0.09,0.73,73.62,48,2,13.06,2,1
12441,0.29,0.92,46.95,40,3,8.94,1,1
12442,0.22,0.18,63.35,34,6,9.97,5,1
12443,0.32,0.4,84.78,1,3,19.15,2,1
12444,0.09,0.74,84.39,19,2,9.97,5,1
12445,0.05,0.96,33.15,1,9,16.76,1,0
12446,0.01,0.98,49.64,88,19,17.92,7,0
12447,0.18,0.67,64.17,25,10,6.07,4,1
12448,0.35,0.27,8.12,68,17,14.95,8,1
12449,0.25,0.21,94.63,88,0,16.24,8,1
12450,0.11,0.95,43.84,84,8,11.51,7,0
12451,0.31,0.49,37.72,97,16,13.54,1,1
12452,0.28,0.28,90.8,28,11,7.43,3,1
12453,0.02,0.94,12.71,45,0,9.78,6,0
12454,0.29,0.19,4.89,99,6,15.62,6,1
12455,0.11,0.76,68.82,24,13,14.04,6,1
12456,0.06,0.66,39.12,44,8,7.05,2,1
12457,0.09,0.18,76.68,2,11,19.82,8,1
12458,0.17,0.4,7.79,23,7,19.07,3,0
12459,0.15,0.23,38.99,97,6,8.36,5,1
12460,0.11,0.64,24.3,78,13,18.13,9,0
12461,0.07,0.53,74.22,62,1,9.01,7,1
12462,0.27,0.1,23.49,15,1,13.46,9,1
12463,0.35,0.98,46.34,32,19,16.73,4,1
12464,0.27,0.41,82.07,87,16,10.16,1,1
12465,0.11,0.33,91.62,4,9,13.33,3,1
12466,0.09,0.3,72.54,84,4,11.76,5,1
12467,0.08,0.24,43.49,31,0,16.4,1,1
12468,0.06,1.0,57.63,59,4,12.18,7,0
12469,0.2,0.37,69.28,71,3,13.5,1,1
12470,0.22,0.46,87.62,1,11,17.68,8,1
12471,0.25,0.88,88.97,69,13,15.48,7,1
12472,0.24,0.68,93.17,14,10,12.91,2,1
12473,0.11,0.43,81.26,94,3,11.92,7,1
12474,0.12,0.91,15.53,23,8,6.9,6,1
12475,0.24,0.77,75.02,71,2,5.85,7,1
12476,0.13,0.31,81.64,16,2,19.29,1,1
12477,0.08,0.68,87.91,9,2,7.8,7,1
12478,0.14,0.93,92.56,98,6,9.15,9,1
12479,0.1,0.55,51.41,31,0,14.16,8,0
12480,0.04,0.76,65.85,61,12,17.42,7,1
12481,0.29,0.97,1.95,45,3,17.5,2,1
12482,0.3,0.72,57.71,7,11,17.44,7,1
12483,0.08,0.19,47.85,57,7,19.67,2,1
12484,0.03,0.32,96.27,64,18,5.84,4,1
12485,0.26,0.64,90.27,2,5,11.0,1,1
12486,0.08,0.35,79.96,6,9,18.7,3,1
12487,0.14,0.96,6.64,61,12,12.01,5,0
12488,0.03,0.46,40.8,34,2,18.07,6,0
12489,0.09,0.51,69.91,17,8,5.26,3,1
12490,0.28,0.73,3.94,26,9,12.57,3,1
12491,0.28,0.57,24.35,76,12,18.84,6,1
12492,0.08,0.44,88.86,20,15,8.92,9,1
12493,0.12,0.17,13.85,41,7,18.94,2,1
12494,0.06,0.64,6.09,58,10,5.13,2,1
12495,0.04,0.88,58.48,99,1,6.18,7,1
12496,0.35,0.72,94.7,99,18,12.15,4,1
12497,0.23,0.44,83.63,54,1,6.6,1,1
12498,0.19,0.21,97.5,29,5,8.38,6,1
12499,0.27,0.83,75.6,48,15,9.46,9,1
12500,0.3,0.95,44.3,95,15,12.22,6,1
12501,0.28,0.45,94.72,77,6,10.86,6,1
12502,0.02,0.76,43.24,90,10,18.83,4,0
12503,0.07,0.47,35.66,22,15,18.29,1,0
12504,0.23,0.55,45.37,72,5,16.22,7,1
12505,0.14,0.85,81.58,71,4,14.89,4,1
12506,0.34,0.18,91.85,5,8,8.07,9,1
12507,0.24,0.58,36.41,52,2,14.03,4,1
12508,0.34,0.29,46.76,1,7,7.21,9,1
12509,0.08,0.41,89.93,45,7,11.79,1,1
12510,0.3,0.68,5.66,40,16,11.92,4,1
12511,0.12,0.12,78.6,64,5,15.35,2,1
12512,0.35,0.63,45.97,11,11,17.53,6,1
12513,0.06,0.36,38.28,52,5,9.81,9,0
12514,0.19,0.7,45.25,96,14,5.62,2,1
12515,0.28,0.23,42.45,7,10,5.7,2,1
12516,0.16,0.76,75.91,51,9,18.12,1,1
12517,0.17,0.68,92.87,93,1,12.29,9,1
12518,0.35,0.97,49.65,94,5,8.72,1,1
12519,0.15,0.92,83.44,21,18,5.48,2,1
12520,0.22,0.35,73.46,39,16,12.93,5,1
12521,0.03,0.12,33.74,44,8,7.06,7,1
12522,0.3,0.69,59.14,57,1,11.26,9,1
12523,0.23,0.64,67.01,41,3,12.74,1,1
12524,0.15,0.12,3.33,39,8,8.44,8,1
12525,0.02,0.21,40.2,20,7,7.98,1,1
12526,0.21,0.63,99.27,22,3,5.3,9,1
12527,0.01,0.92,64.09,29,0,13.78,2,1
12528,0.01,0.92,34.09,46,10,8.01,3,0
12529,0.22,0.24,25.75,68,10,18.17,4,1
12530,0.07,0.45,21.74,3,6,14.06,3,0
12531,0.08,0.14,40.76,73,17,13.35,2,1
12532,0.23,0.52,20.13,5,7,12.57,5,1
12533,0.03,0.78,14.38,56,14,8.23,2,0
12534,0.12,0.81,37.04,67,9,19.54,2,0
12535,0.06,0.55,61.09,89,13,19.51,8,1
12536,0.21,0.19,15.49,32,1,9.82,2,1
12537,0.24,0.44,5.39,97,9,16.64,8,1
12538,0.26,0.94,4.43,82,18,6.79,8,1
12539,0.1,0.31,27.47,41,14,16.71,1,0
12540,0.04,0.39,19.82,29,19,9.29,5,0
12541,0.04,0.77,54.39,66,1,9.34,9,0
12542,0.15,0.76,46.12,11,16,12.61,8,0
12543,0.33,0.92,33.15,59,2,10.88,9,1
12544,0.08,0.45,83.52,95,3,6.77,3,1
12545,0.1,0.56,50.99,4,4,13.9,2,0
12546,0.04,0.52,10.06,93,11,8.21,1,0
12547,0.22,0.93,30.28,54,18,11.67,8,1
12548,0.24,0.79,97.36,67,11,8.47,8,1
12549,0.23,0.85,97.72,2,4,17.86,8,1
12550,0.3,0.22,26.21,78,14,10.07,3,1
12551,0.18,0.81,17.56,48,17,18.31,1,0
12552,0.06,0.49,50.07,68,18,9.89,9,0
12553,0.11,0.12,48.67,44,2,7.69,7,1
12554,0.24,0.15,41.6,62,1,13.65,6,1
12555,0.22,0.71,53.41,94,10,13.33,7,1
12556,0.19,0.43,23.99,83,13,14.28,6,0
12557,0.24,0.88,12.38,19,4,9.53,4,1
12558,0.23,0.76,57.48,44,12,9.8,2,1
12559,0.31,0.12,93.33,31,7,8.56,1,1
12560,0.21,0.72,14.64,62,5,18.93,9,1
12561,0.27,0.27,70.78,15,11,15.24,2,1
12562,0.09,0.48,44.35,29,6,16.34,6,0
12563,0.24,0.66,30.1,67,10,7.91,8,1
12564,0.32,0.89,85.46,83,7,14.92,7,1
12565,0.14,0.51,46.19,86,8,16.44,9,0
12566,0.27,0.83,58.75,47,3,10.14,9,1
12567,0.26,0.8,44.86,84,4,7.37,4,1
12568,0.03,0.47,9.04,7,3,15.46,9,0
12569,0.21,0.55,59.9,68,11,14.17,2,1
12570,0.05,0.73,42.47,1,17,13.63,1,0
12571,0.34,0.13,9.59,71,14,7.74,6,1
12572,0.29,0.9,59.99,22,7,8.94,4,1
12573,0.05,0.79,1.98,57,10,14.37,4,0
12574,0.05,0.32,21.64,94,13,14.2,1,0
12575,0.21,0.98,78.33,73,6,13.32,6,1
12576,0.13,0.26,4.75,58,15,16.52,3,1
12577,0.02,0.92,65.02,27,7,17.22,7,1
12578,0.19,0.39,95.02,38,10,9.15,1,1
12579,0.14,0.79,17.95,87,0,7.36,8,1
12580,0.04,0.51,42.29,76,16,8.02,9,0
12581,0.28,0.76,57.97,13,6,9.22,4,1
12582,0.32,0.24,45.59,97,17,19.22,5,1
12583,0.27,0.34,62.42,15,11,7.06,8,1
12584,0.29,0.19,41.01,80,19,18.18,5,1
12585,0.08,0.88,15.7,98,4,8.05,4,0
12586,0.1,0.37,9.82,73,5,10.23,5,0
12587,0.08,0.73,74.7,91,1,6.89,2,1
12588,0.27,0.84,24.62,48,11,6.55,2,1
12589,0.33,0.91,84.9,15,10,6.43,1,1
12590,0.25,0.2,74.56,99,3,10.14,4,1
12591,0.31,0.9,5.9,98,6,12.86,8,1
12592,0.23,0.28,20.92,40,4,8.01,2,1
12593,0.14,0.76,29.91,30,10,18.99,7,0
12594,0.15,0.76,59.85,23,15,13.8,8,0
12595,0.04,0.11,81.17,9,9,18.28,1,1
12596,0.02,0.3,6.97,32,8,7.23,3,1
12597,0.25,0.54,25.71,35,5,7.15,6,1
12598,0.16,0.48,38.24,49,12,17.7,7,0
12599,0.2,0.93,19.15,96,3,13.52,5,0
12600,0.2,0.42,54.98,45,10,19.08,7,0
12601,0.1,0.94,48.32,16,10,7.2,6,1
12602,0.17,0.51,32.33,32,15,5.39,7,1
12603,0.17,0.97,52.17,25,19,18.75,4,0
12604,0.14,0.76,36.23,94,18,15.48,2,0
12605,0.29,0.85,34.98,37,5,17.11,8,1
12606,0.16,0.19,27.27,37,16,9.44,1,1
12607,0.22,0.63,54.5,35,17,5.05,4,1
12608,0.31,0.23,44.97,45,3,12.24,4,1
12609,0.3,0.37,20.44,8,17,19.85,1,1
12610,0.31,0.66,2.28,47,10,18.61,8,1
12611,0.1,0.75,15.94,36,11,6.08,6,1
12612,0.02,0.14,5.24,89,9,7.82,2,1
12613,0.1,0.58,43.73,82,2,9.67,4,0
12614,0.1,0.61,23.28,10,14,17.46,7,0
12615,0.32,0.17,42.63,1,17,17.37,9,1
12616,0.23,0.55,33.62,68,15,7.78,7,1
12617,0.04,0.74,54.26,90,6,13.0,2,0
12618,0.06,0.15,72.66,75,10,12.53,1,1
12619,0.06,0.78,48.45,15,9,11.21,7,0
12620,0.22,0.62,7.13,96,8,13.04,9,1
12621,0.26,0.85,2.73,79,19,9.39,2,1
12622,0.3,0.3,22.11,92,17,12.97,3,1
12623,0.33,0.85,43.07,87,12,15.28,4,1
12624,0.08,0.19,5.45,3,9,5.94,9,1
12625,0.12,0.46,33.45,32,11,19.51,7,0
12626,0.09,0.28,88.82,20,12,7.48,2,1
12627,0.13,0.89,9.91,56,4,10.4,4,0
12628,0.32,0.73,94.9,78,11,12.06,4,1
12629,0.21,0.12,85.81,99,3,5.61,4,1
12630,0.26,0.11,83.35,42,2,13.23,7,1
12631,0.18,0.36,86.5,73,13,18.05,6,1
12632,0.02,0.23,8.92,60,2,18.52,2,1
12633,0.03,0.67,15.97,56,1,9.89,2,0
12634,0.19,0.7,14.3,47,7,13.38,3,0
12635,0.25,0.95,12.01,24,6,16.65,1,1
12636,0.08,0.96,33.44,41,1,8.79,9,0
12637,0.26,0.69,83.19,4,17,12.93,7,1
12638,0.29,0.11,25.94,76,16,10.5,7,1
12639,0.15,0.42,25.18,51,13,10.67,9,0
12640,0.26,0.56,67.91,88,11,6.41,7,1
12641,0.15,0.55,10.6,1,17,11.1,1,0
12642,0.24,0.64,36.67,14,16,7.41,4,1
12643,0.27,0.96,30.25,95,15,9.52,9,1
12644,0.35,0.9,84.88,10,9,9.95,6,1
12645,0.13,0.2,51.94,97,3,11.46,8,1
12646,0.15,0.34,65.0,36,1,18.75,3,1
12647,0.07,0.85,13.77,42,4,14.46,6,0
12648,0.08,0.84,92.96,99,13,19.62,4,1
12649,0.25,0.35,32.92,48,9,13.86,8,1
12650,0.32,0.76,70.98,18,7,17.08,3,1
12651,0.14,0.7,95.51,89,0,17.51,5,1
12652,0.07,0.53,51.36,76,8,16.09,2,0
12653,0.11,0.28,51.25,60,4,15.05,7,1
12654,0.16,0.9,12.61,28,8,11.27,9,0
12655,0.11,0.71,39.64,53,8,13.51,5,0
12656,0.09,0.25,85.39,9,17,7.91,9,1
12657,0.26,0.73,14.38,24,4,14.27,2,1
12658,0.01,0.77,91.83,20,15,12.71,8,1
12659,0.19,0.9,67.06,90,1,17.06,3,1
12660,0.28,0.3,42.68,69,3,18.54,5,1
12661,0.1,0.99,55.1,27,17,6.99,3,1
12662,0.22,0.24,15.9,92,4,15.36,5,1
12663,0.24,0.64,22.53,40,7,19.25,5,1
12664,0.23,0.69,29.35,71,11,18.77,1,1
12665,0.16,0.48,39.1,83,13,17.52,8,0
12666,0.13,0.53,91.64,54,16,5.73,7,1
12667,0.29,0.9,37.39,86,11,8.79,8,1
12668,0.27,0.68,52.86,82,1,7.22,3,1
12669,0.12,0.55,17.04,15,3,18.9,7,0
12670,0.05,0.22,73.86,97,10,16.23,7,1
12671,0.03,0.11,56.47,51,11,12.98,2,1
12672,0.04,0.21,44.55,69,18,19.69,3,1
12673,0.21,0.96,94.77,40,1,7.92,6,1
12674,0.03,0.79,89.17,69,9,14.62,4,1
12675,0.12,0.97,66.29,43,9,14.14,4,1
12676,0.27,0.13,92.26,64,1,10.11,1,1
12677,0.11,0.71,56.91,7,18,12.28,8,0
12678,0.27,0.14,82.87,2,19,8.53,2,1
12679,0.26,0.8,41.54,30,3,15.16,6,1
12680,0.09,0.44,9.59,75,17,11.27,1,0
12681,0.26,0.19,99.42,52,19,5.35,1,1
12682,0.26,0.61,17.4,33,17,19.26,2,1
12683,0.15,0.35,25.9,9,13,12.52,6,0
12684,0.08,0.69,17.15,11,19,15.58,4,0
12685,0.19,0.69,34.41,76,12,7.95,8,1
12686,0.32,0.73,29.64,10,14,6.91,7,1
12687,0.23,0.99,60.51,54,14,18.54,4,1
12688,0.07,0.45,99.65,75,19,13.86,4,1
12689,0.24,0.52,6.2,97,3,12.4,5,1
12690,0.16,0.82,78.07,20,14,12.82,7,1
12691,0.21,0.62,13.67,5,13,8.54,9,1
12692,0.26,0.13,2.96,24,6,18.69,5,1
12693,0.19,0.86,64.22,32,16,8.21,3,1
12694,0.29,0.15,87.46,31,8,7.37,9,1
12695,0.26,0.25,18.45,44,3,18.95,1,1
12696,0.22,0.19,34.82,78,17,8.86,2,1
12697,0.06,0.17,17.71,19,12,17.94,4,1
12698,0.29,0.12,90.74,24,14,16.59,6,1
12699,0.33,0.15,27.77,96,3,10.73,3,1
12700,0.06,0.5,45.03,12,17,8.81,3,0
12701,0.18,0.33,89.58,50,9,16.38,9,1
12702,0.1,0.21,55.73,85,6,13.96,3,1
12703,0.27,0.69,93.35,25,5,8.81,5,1
12704,0.26,0.3,92.72,51,12,18.36,3,1
12705,0.06,0.12,46.7,14,17,15.81,1,1
12706,0.31,0.48,58.66,72,8,18.64,5,1
12707,0.07,0.38,23.8,29,10,11.56,5,0
12708,0.28,0.39,99.06,25,15,6.92,3,1
12709,0.17,0.5,28.55,87,7,18.86,9,0
12710,0.12,0.7,78.55,59,4,14.02,4,1
12711,0.06,0.65,31.98,57,14,14.09,3,0
12712,0.07,0.94,31.99,12,1,13.76,5,0
12713,0.24,0.57,11.28,50,4,12.09,7,1
12714,0.2,0.53,56.43,12,9,8.83,2,0
12715,0.05,0.29,25.24,82,18,14.2,5,1
12716,0.05,0.78,15.69,48,13,15.78,3,0
12717,0.03,0.23,23.44,50,12,18.75,9,1
12718,0.26,0.54,25.86,19,13,6.08,8,1
12719,0.25,0.48,50.9,53,3,8.82,9,1
12720,0.03,0.69,39.21,35,6,16.65,6,0
12721,0.2,0.93,8.47,27,17,16.63,4,0
12722,0.04,0.95,54.07,67,5,8.18,9,0
12723,0.32,0.25,78.99,77,14,7.77,4,1
12724,0.32,0.34,57.85,51,10,10.51,4,1
12725,0.25,0.83,97.48,19,16,5.94,2,1
12726,0.32,0.57,10.82,43,9,15.96,1,1
12727,0.29,0.51,82.29,35,15,15.05,4,1
12728,0.29,0.74,51.06,15,18,17.88,6,1
12729,0.2,0.64,52.64,16,10,11.45,4,0
12730,0.11,0.97,52.39,99,6,14.55,4,0
12731,0.08,0.63,33.21,69,13,19.31,2,0
12732,0.12,0.52,33.13,71,0,19.38,3,0
12733,0.22,0.59,63.55,85,16,6.07,3,1
12734,0.07,0.83,5.43,41,12,5.03,7,1
12735,0.1,0.65,59.29,54,7,19.4,4,0
12736,0.17,0.68,72.73,65,18,13.03,3,1
12737,0.09,0.97,36.28,89,7,15.51,5,0
12738,0.21,0.66,22.52,30,16,18.69,4,1
12739,0.32,0.44,22.13,19,4,11.5,1,1
12740,0.26,0.72,9.1,88,10,11.61,6,1
12741,0.24,0.69,9.88,46,13,7.5,5,1
12742,0.21,0.11,17.5,60,9,18.59,7,1
12743,0.18,0.52,2.9,79,11,14.72,8,0
12744,0.07,0.77,27.36,99,2,7.7,3,1
12745,0.31,0.55,31.33,24,8,13.4,4,1
12746,0.09,0.8,99.53,36,10,9.92,5,1
12747,0.04,0.51,99.18,49,8,7.21,8,1
12748,0.27,0.98,19.52,59,0,7.73,7,1
12749,0.07,0.36,22.09,14,17,13.39,7,0
12750,0.14,0.18,49.7,86,2,13.47,5,1
12751,0.02,0.49,15.73,39,13,16.85,4,0
12752,0.06,0.59,50.9,8,3,8.72,1,0
12753,0.07,0.41,40.54,48,4,18.74,6,0
12754,0.03,0.32,33.14,80,9,12.78,9,0
12755,0.23,0.7,82.44,81,4,8.06,2,1
12756,0.29,0.44,82.98,69,2,11.2,1,1
12757,0.14,0.67,98.8,41,19,18.85,5,1
12758,0.31,0.8,23.09,35,8,12.17,4,1
12759,0.08,0.78,88.94,64,11,18.12,4,1
12760,0.12,0.44,54.25,53,1,7.4,1,1
12761,0.06,0.61,59.55,54,10,18.71,1,0
12762,0.22,0.5,89.73,37,0,11.46,1,1
12763,0.15,0.88,94.32,52,15,19.04,8,1
12764,0.22,0.89,72.95,18,2,17.99,1,1
12765,0.27,0.41,35.44,21,12,14.9,5,1
12766,0.2,0.18,49.48,42,14,15.09,6,1
12767,0.22,0.25,61.89,65,0,8.17,7,1
12768,0.33,0.43,83.04,81,15,14.04,5,1
12769,0.11,0.61,66.14,8,14,13.24,9,1
12770,0.13,0.69,37.18,93,5,10.01,1,0
12771,0.25,0.4,42.37,84,14,12.58,7,1
12772,0.22,0.7,5.99,39,19,18.94,6,1
12773,0.07,0.94,92.5,61,17,5.08,9,1
12774,0.14,0.69,9.72,60,16,11.26,6,0
12775,0.17,0.24,58.41,69,13,10.0,2,1
12776,0.15,0.62,87.29,59,17,19.42,9,1
12777,0.07,0.59,42.67,10,16,19.61,4,0
12778,0.32,0.88,80.21,63,0,13.78,9,1
12779,0.27,0.42,80.58,70,13,13.25,3,1
12780,0.17,0.48,6.92,7,6,18.55,3,0
12781,0.24,0.64,41.8,35,0,5.1,5,1
12782,0.32,0.57,69.41,91,2,13.43,8,1
12783,0.06,0.75,42.81,42,10,5.37,9,1
12784,0.1,0.14,54.97,85,17,19.52,4,1
12785,0.19,0.61,59.85,88,13,9.8,8,0
12786,0.28,0.21,15.97,29,2,12.81,5,1
12787,0.02,0.38,41.79,27,1,11.26,9,0
12788,0.34,0.7,3.82,38,19,18.4,3,1
12789,0.16,0.24,15.81,2,14,20.0,8,1
12790,0.13,0.38,51.71,25,6,6.03,5,1
12791,0.11,0.73,57.79,66,12,15.98,8,0
12792,0.07,0.69,15.48,38,3,10.52,1,0
12793,0.28,0.18,75.81,59,7,7.09,9,1
12794,0.33,0.62,37.93,82,1,11.08,5,1
12795,0.15,0.23,92.14,7,12,19.97,3,1
12796,0.33,0.33,39.38,49,3,10.36,2,1
12797,0.29,0.51,15.83,68,12,9.16,3,1
12798,0.17,0.2,76.04,41,15,17.69,1,1
12799,0.24,0.99,57.21,74,11,18.02,6,1
12800,0.16,0.25,39.28,51,12,10.08,7,1
12801,0.2,0.8,36.24,92,0,9.48,7,0
12802,0.03,0.85,15.93,94,2,14.71,2,0
12803,0.25,1.0,34.74,24,2,8.08,3,1
12804,0.03,0.49,3.91,36,11,12.26,4,0
12805,0.29,0.89,50.74,80,3,7.12,7,1
12806,0.29,0.96,89.78,97,0,9.57,8,1
12807,0.09,0.26,79.74,10,16,9.46,9,1
12808,0.12,0.53,3.82,21,19,15.42,6,0
12809,0.17,0.15,88.24,27,8,9.23,7,1
12810,0.21,0.66,45.78,55,4,18.48,8,1
12811,0.11,0.62,19.9,85,2,19.75,7,0
12812,0.21,0.28,75.49,91,6,6.22,7,1
12813,0.11,0.82,32.96,96,2,10.96,9,0
12814,0.03,0.13,26.08,5,4,9.53,6,1
12815,0.01,0.83,16.97,99,11,10.28,1,0
12816,0.04,0.12,49.18,86,2,8.98,3,1
12817,0.28,0.69,10.25,59,0,10.74,5,1
12818,0.34,0.17,78.78,36,2,7.12,9,1
12819,0.16,0.33,47.6,74,15,9.2,1,0
12820,0.18,0.75,45.25,34,17,16.22,2,0
12821,0.06,0.35,1.18,52,2,10.16,3,0
12822,0.2,0.56,81.97,6,4,8.12,4,1
12823,0.06,0.92,49.79,14,4,6.63,6,1
12824,0.22,0.14,44.55,59,8,10.22,7,1
12825,0.33,0.83,76.38,57,11,14.65,7,1
12826,0.08,0.16,7.23,37,15,8.8,2,1
12827,0.27,0.21,37.3,58,8,11.34,3,1
12828,0.02,0.21,58.0,83,17,19.29,1,1
12829,0.14,0.99,46.6,32,10,13.29,1,0
12830,0.05,0.26,18.98,20,16,12.98,6,1
12831,0.13,0.91,30.63,85,0,11.15,4,0
12832,0.07,0.99,30.72,79,2,13.35,4,0
12833,0.14,0.45,99.21,81,4,19.77,9,1
12834,0.15,0.67,33.29,61,0,8.81,8,0
12835,0.11,0.8,21.31,57,14,19.13,3,0
12836,0.23,0.45,82.44,52,16,7.24,3,1
12837,0.32,0.25,42.7,88,3,6.67,8,1
12838,0.15,0.49,44.94,85,13,14.82,2,0
12839,0.08,0.79,55.34,48,1,8.77,5,0
12840,0.1,0.8,59.97,79,3,11.67,6,0
12841,0.3,0.31,59.47,11,4,15.94,5,1
12842,0.2,0.26,4.42,30,6,13.02,1,1
12843,0.16,0.93,82.07,60,3,5.21,5,1
12844,0.06,0.14,20.29,18,7,9.59,9,1
12845,0.16,0.76,29.94,92,10,5.97,2,1
12846,0.1,0.14,18.17,77,7,18.89,3,1
12847,0.33,0.85,76.94,74,3,16.92,6,1
12848,0.31,0.91,58.78,47,10,19.76,3,1
12849,0.04,0.37,75.77,12,11,18.28,6,1
12850,0.19,0.17,65.69,50,1,12.13,7,1
12851,0.09,0.53,11.31,40,14,18.24,3,0
12852,0.15,0.37,30.85,90,13,15.09,4,0
12853,0.31,0.48,51.22,64,18,12.87,6,1
12854,0.19,0.7,31.19,19,16,10.56,1,0
12855,0.12,0.29,21.52,87,15,15.21,1,1
12856,0.08,0.42,87.11,27,4,13.85,5,1
12857,0.28,0.8,75.03,52,19,14.21,8,1
12858,0.22,0.68,35.18,80,0,11.0,1,1
12859,0.17,0.39,76.74,7,9,16.09,1,1
12860,0.08,0.7,63.13,63,6,6.22,1,1
12861,0.12,0.79,1.37,77,9,15.89,1,0
12862,0.34,0.63,38.65,55,15,15.96,9,1
12863,0.19,0.32,29.76,76,4,12.74,2,0
12864,0.15,0.1,22.57,91,18,8.95,6,1
12865,0.19,0.82,25.91,97,5,12.79,2,0
12866,0.27,0.84,94.29,31,11,6.85,5,1
12867,0.13,0.73,49.15,11,5,9.28,5,0
12868,0.07,0.17,84.92,17,9,11.32,9,1
12869,0.21,0.63,22.21,66,9,15.1,4,1
12870,0.24,0.84,18.27,67,12,7.81,6,1
12871,0.25,0.45,88.99,98,18,7.37,4,1
12872,0.31,0.28,50.07,32,16,14.12,6,1
12873,0.14,0.63,89.62,24,15,15.19,3,1
12874,0.04,0.84,7.24,88,3,6.25,4,1
12875,0.34,0.14,91.73,13,19,5.5,9,1
12876,0.16,0.64,42.13,22,2,7.21,1,1
12877,0.22,0.68,16.38,19,4,18.52,7,1
12878,0.24,0.64,68.65,53,12,15.09,3,1
12879,0.2,0.69,79.89,94,13,18.82,9,1
12880,0.08,0.67,5.69,39,8,14.97,7,0
12881,0.27,0.22,98.73,21,8,19.48,2,1
12882,0.28,0.31,70.01,87,7,11.58,5,1
12883,0.2,0.66,32.82,16,9,13.99,1,0
12884,0.18,0.12,15.98,7,19,14.02,1,1
12885,0.05,0.67,39.86,84,17,5.05,7,1
12886,0.04,0.7,22.84,78,11,5.41,7,1
12887,0.13,0.32,49.92,26,12,7.18,8,1
12888,0.12,0.64,78.41,86,15,12.67,8,1
12889,0.33,0.58,66.35,90,2,11.46,7,1
12890,0.28,0.33,44.16,76,8,13.1,3,1
12891,0.23,0.52,12.78,31,15,17.01,3,1
12892,0.19,0.92,95.76,68,16,17.33,2,1
12893,0.07,0.48,27.77,40,15,19.66,1,0
12894,0.34,0.67,28.51,27,9,13.36,8,1
12895,0.14,0.13,64.9,9,17,10.21,6,1
12896,0.05,0.17,77.28,76,1,9.62,5,1
12897,0.18,0.17,98.43,93,13,10.11,1,1
12898,0.31,0.8,96.95,92,4,9.86,5,1
12899,0.31,0.42,91.46,16,5,10.89,8,1
12900,0.01,0.3,44.1,72,19,6.12,8,1
12901,0.31,0.77,17.5,13,0,14.5,6,1
12902,0.1,0.25,58.86,78,14,13.52,2,1
12903,0.02,0.32,2.71,60,2,11.93,2,0
12904,0.3,0.49,20.43,79,18,6.22,2,1
12905,0.3,0.4,1.25,60,17,6.4,8,1
12906,0.21,0.63,18.87,9,14,13.18,8,1
12907,0.21,0.4,48.0,53,17,5.55,8,1
12908,0.29,0.45,39.94,32,0,15.87,1,1
12909,0.28,0.88,37.56,86,13,19.91,9,1
12910,0.31,0.9,83.26,55,16,13.96,4,1
12911,0.2,0.84,67.82,25,19,15.85,9,1
12912,0.34,0.88,93.71,41,7,11.58,7,1
12913,0.35,0.61,45.09,26,7,15.01,3,1
12914,0.05,0.68,27.95,29,16,14.78,3,0
12915,0.3,0.6,13.15,82,0,17.36,2,1
12916,0.18,0.81,67.53,36,6,15.67,7,1
12917,0.14,0.6,84.33,84,13,16.24,8,1
12918,0.22,0.2,19.19,97,5,13.35,1,1
12919,0.03,0.83,88.0,84,16,12.27,7,1
12920,0.18,0.78,53.1,3,13,11.88,2,0
12921,0.31,0.84,15.26,59,6,10.88,7,1
12922,0.08,0.27,64.64,34,14,8.99,6,1
12923,0.15,0.34,52.49,6,7,5.5,9,1
12924,0.33,0.37,3.79,31,15,15.07,7,1
12925,0.16,0.56,40.53,99,9,18.51,9,0
12926,0.13,0.22,78.69,32,8,18.96,5,1
12927,0.16,0.45,55.99,42,18,13.71,6,0
12928,0.19,0.26,28.92,57,1,6.41,6,1
12929,0.22,0.34,92.94,73,7,18.18,3,1
12930,0.28,0.74,24.54,46,10,16.22,3,1
12931,0.16,0.87,26.02,91,3,8.77,1,0
12932,0.29,0.12,36.11,88,17,17.05,4,1
12933,0.19,0.61,89.56,56,17,12.08,3,1
12934,0.13,0.13,51.25,50,1,18.31,7,1
12935,0.23,0.18,68.54,86,4,8.71,6,1
12936,0.25,0.73,97.65,30,13,17.01,9,1
12937,0.2,0.76,78.55,36,12,15.68,3,1
12938,0.03,0.83,18.09,26,7,5.22,6,1
12939,0.07,0.53,79.05,50,10,13.45,9,1
12940,0.11,0.87,75.09,2,7,15.73,3,1
12941,0.11,0.25,24.03,7,14,7.35,9,1
12942,0.24,0.32,33.21,27,5,12.98,3,1
12943,0.02,0.22,71.3,80,16,9.56,1,1
12944,0.27,0.82,24.6,49,10,15.44,3,1
12945,0.1,0.31,21.61,46,6,13.1,5,0
12946,0.12,0.24,70.64,93,1,14.32,8,1
12947,0.19,0.66,88.18,85,2,6.09,1,1
12948,0.08,0.17,8.43,26,17,7.07,4,1
12949,0.31,0.14,45.14,82,19,13.28,8,1
12950,0.04,0.2,61.11,65,13,7.72,6,1
12951,0.16,0.1,67.95,2,8,12.48,4,1
12952,0.3,0.73,99.62,78,7,15.35,3,1
12953,0.22,0.61,68.59,79,17,17.15,1,1
12954,0.11,0.29,62.4,64,11,7.15,8,1
12955,0.15,0.31,98.98,64,11,16.13,2,1
12956,0.25,0.83,7.01,88,9,10.45,7,1
12957,0.34,0.55,8.37,60,8,15.18,3,1
12958,0.31,0.73,56.51,89,1,7.18,5,1
12959,0.13,0.51,36.51,9,10,12.73,6,0
12960,0.35,0.31,10.57,15,9,17.56,3,1
12961,0.01,0.97,31.34,37,7,6.6,6,1
12962,0.02,0.61,67.76,6,4,17.42,7,1
12963,0.29,0.22,88.18,43,4,11.79,7,1
12964,0.08,0.47,10.34,45,8,17.35,2,0
12965,0.03,0.4,54.47,76,10,19.38,2,0
12966,0.09,0.29,30.32,91,11,7.39,3,1
12967,0.15,0.94,67.07,71,4,15.12,7,1
12968,0.26,0.89,55.4,28,5,8.53,1,1
12969,0.22,0.28,92.74,52,0,7.03,8,1
12970,0.09,0.42,4.73,76,15,14.42,4,0
12971,0.18,0.79,47.53,35,13,6.62,6,1
12972,0.32,0.29,20.08,66,13,11.98,5,1
12973,0.29,0.63,54.14,26,12,14.54,1,1
12974,0.12,0.73,85.5,20,11,12.49,5,1
12975,0.34,0.69,91.22,89,6,15.46,5,1
12976,0.25,0.74,40.42,62,5,17.02,7,1
12977,0.03,0.74,81.37,85,8,18.08,9,1
12978,0.02,0.97,28.77,1,15,13.4,9,0
12979,0.07,0.41,1.62,92,8,9.15,1,0
12980,0.26,0.89,85.67,53,13,12.64,5,1
12981,0.07,0.12,12.82,77,8,10.82,4,1
12982,0.18,0.36,2.74,30,3,8.39,7,0
12983,0.04,0.14,36.03,60,8,12.94,5,1
12984,0.32,0.69,38.56,10,7,5.34,2,1
12985,0.13,0.19,8.64,22,13,14.08,4,1
12986,0.32,0.86,81.6,29,4,17.32,4,1
12987,0.33,0.68,41.15,69,15,19.99,3,1
12988,0.01,0.13,49.5,8,9,18.83,5,1
12989,0.17,0.74,27.2,53,2,6.35,8,1
12990,0.02,0.88,51.64,11,8,7.44,2,1
12991,0.32,0.7,76.91,26,2,7.08,2,1
12992,0.19,0.13,90.71,19,18,13.38,9,1
12993,0.04,0.87,97.08,19,18,5.69,5,1
12994,0.05,0.76,43.25,30,0,19.05,2,0
12995,0.14,0.44,99.01,36,18,5.93,2,1
12996,0.33,0.4,30.2,42,14,10.87,3,1
12997,0.25,0.53,1.69,56,18,18.41,9,1
12998,0.3,0.88,76.99,9,6,19.23,6,1
12999,0.13,0.33,18.67,7,0,11.98,1,0
13000,0.02,0.19,6.19,18,15,12.33,3,1
13001,0.34,0.88,92.48,9,7,14.54,5,1
13002,0.02,0.12,79.39,6,11,11.11,4,1
13003,0.33,0.92,11.16,70,5,9.87,5,1
13004,0.14,0.38,77.91,45,9,16.09,1,1
13005,0.01,0.56,84.56,22,13,13.93,1,1
13006,0.24,0.22,90.62,81,4,12.23,2,1
13007,0.34,0.91,54.83,79,3,6.51,9,1
13008,0.34,0.77,70.64,73,13,6.03,3,1
13009,0.06,0.93,76.46,70,16,12.66,8,1
13010,0.07,0.71,69.18,87,0,14.29,3,1
13011,0.2,0.27,65.04,81,16,14.86,3,1
13012,0.23,0.38,55.21,96,19,18.42,9,1
13013,0.26,0.54,48.44,32,8,17.24,9,1
13014,0.07,0.65,99.62,67,15,7.11,2,1
13015,0.34,0.93,34.42,16,2,16.92,8,1
13016,0.23,0.45,9.74,2,9,15.14,9,1
13017,0.3,0.73,76.74,67,16,17.42,7,1
13018,0.19,0.96,22.17,41,15,17.65,8,0
13019,0.15,0.24,53.74,51,0,10.18,1,1
13020,0.34,0.88,10.48,14,18,8.95,2,1
13021,0.21,0.48,62.31,78,14,13.29,8,1
13022,0.3,0.76,94.46,94,6,9.48,3,1
13023,0.33,0.36,72.55,49,7,10.25,7,1
13024,0.24,0.4,22.24,49,3,6.04,7,1
13025,0.2,0.12,97.14,27,11,19.87,8,1
13026,0.01,0.97,31.4,81,1,9.64,8,0
13027,0.02,0.83,44.22,39,6,16.7,8,0
13028,0.08,0.18,50.31,73,5,19.9,5,1
13029,0.07,1.0,99.08,36,1,19.54,1,1
13030,0.1,0.64,7.82,10,6,14.51,9,0
13031,0.11,0.87,69.98,93,1,13.08,9,1
13032,0.13,0.16,36.83,4,3,9.64,6,1
13033,0.15,0.45,8.75,85,15,17.92,9,0
13034,0.04,0.7,93.57,2,5,10.07,7,1
13035,0.02,0.2,59.4,79,9,6.6,4,1
13036,0.24,0.54,75.6,28,13,9.41,4,1
13037,0.19,0.5,24.8,89,2,9.73,1,0
13038,0.16,0.29,76.39,26,13,15.78,9,1
13039,0.23,0.37,83.02,73,10,7.54,6,1
13040,0.29,0.97,43.65,30,10,9.75,7,1
13041,0.16,0.36,57.62,9,10,6.15,2,1
13042,0.23,0.29,97.22,1,3,17.73,3,1
13043,0.33,0.58,84.83,56,4,15.87,4,1
13044,0.3,0.7,45.04,56,5,11.56,3,1
13045,0.15,0.75,66.79,76,13,11.45,9,1
13046,0.23,0.78,78.64,61,6,7.5,8,1
13047,0.07,0.13,3.41,45,5,10.77,2,1
13048,0.2,0.45,59.25,13,13,18.6,9,0
13049,0.34,0.8,98.47,14,15,7.08,8,1
13050,0.19,0.91,94.77,10,3,16.48,4,1
13051,0.33,0.64,83.41,17,17,5.71,3,1
13052,0.15,0.15,11.52,17,6,9.68,4,1
13053,0.35,0.46,99.41,31,18,17.7,2,1
13054,0.21,0.17,61.34,46,13,11.67,8,1
13055,0.02,0.77,23.07,49,14,15.54,6,0
13056,0.21,0.16,67.75,90,5,6.55,1,1
13057,0.1,0.27,85.8,99,9,15.25,7,1
13058,0.02,0.48,12.12,75,2,17.29,4,0
13059,0.29,0.52,91.73,80,12,17.08,4,1
13060,0.1,0.47,92.1,93,18,11.58,5,1
13061,0.28,0.52,2.33,18,17,18.56,8,1
13062,0.11,0.74,90.13,75,2,13.62,2,1
13063,0.08,0.43,94.73,11,2,17.27,7,1
13064,0.34,0.59,4.73,73,16,8.2,9,1
13065,0.13,0.37,30.12,89,6,8.15,8,0
13066,0.21,0.42,37.94,55,1,16.32,2,1
13067,0.22,0.65,35.54,96,4,14.7,4,1
13068,0.2,0.54,76.14,98,8,15.14,1,1
13069,0.32,0.75,36.45,3,2,8.55,4,1
13070,0.24,0.6,95.7,78,7,10.99,5,1
13071,0.15,0.82,99.5,89,3,8.88,6,1
13072,0.3,0.5,32.37,16,2,6.02,2,1
13073,0.07,0.54,51.37,9,17,8.06,5,0
13074,0.2,0.7,56.21,68,14,19.93,5,0
13075,0.33,0.3,58.36,45,10,8.51,4,1
13076,0.22,0.45,38.05,2,4,7.39,8,1
13077,0.29,0.66,17.43,89,15,15.45,7,1
13078,0.23,0.13,6.4,22,18,14.03,2,1
13079,0.3,0.49,11.53,69,3,16.19,8,1
13080,0.33,0.64,90.23,49,10,14.81,8,1
13081,0.1,0.97,28.76,21,11,8.34,5,0
13082,0.07,0.89,8.61,74,4,12.51,7,0
13083,0.17,0.35,62.73,87,9,7.65,4,1
13084,0.25,0.56,8.46,91,9,8.8,5,1
13085,0.09,0.15,7.94,94,18,19.8,3,1
13086,0.01,0.32,62.54,55,4,15.93,4,1
13087,0.13,0.8,59.55,4,4,16.74,4,0
13088,0.34,0.21,5.11,58,3,5.45,7,1
13089,0.25,0.33,46.59,70,3,10.73,1,1
13090,0.15,0.95,44.14,59,1,13.33,7,0
13091,0.08,0.84,55.12,26,2,7.25,5,1
13092,0.13,0.8,74.05,74,3,17.73,8,1
13093,0.07,0.88,29.0,69,7,7.09,8,1
13094,0.05,0.77,43.85,39,8,14.55,6,0
13095,0.32,0.21,79.48,1,7,13.3,3,1
13096,0.35,0.56,92.33,57,11,17.74,2,1
13097,0.07,0.5,89.24,98,9,9.68,9,1
13098,0.03,0.38,48.29,48,4,9.26,8,0
13099,0.12,0.85,52.57,72,4,17.7,5,0
13100,0.17,0.52,53.38,21,14,8.32,3,0
13101,0.08,0.15,87.0,31,19,16.19,7,1
13102,0.11,0.35,84.15,58,2,7.87,2,1
13103,0.08,0.31,31.84,47,1,18.14,5,0
13104,0.27,0.9,17.12,23,14,17.59,4,1
13105,0.25,0.68,38.52,75,12,16.81,5,1
13106,0.23,0.6,29.55,80,11,12.37,5,1
13107,0.14,0.56,95.13,91,13,5.51,1,1
13108,0.32,0.69,27.33,7,11,6.99,8,1
13109,0.34,0.78,18.94,49,14,11.85,2,1
13110,0.07,0.6,90.05,88,12,5.65,9,1
13111,0.09,0.94,9.56,96,2,5.95,4,1
13112,0.19,0.98,26.77,99,14,6.88,8,1
13113,0.04,1.0,44.47,31,19,8.91,3,0
13114,0.16,0.7,59.92,47,17,16.24,5,0
13115,0.21,0.94,33.44,93,5,5.72,1,1
13116,0.19,0.46,50.13,68,14,19.75,6,0
13117,0.12,0.87,20.68,35,11,9.11,8,0
13118,0.19,0.92,57.85,75,1,9.8,4,0
13119,0.34,0.91,41.37,34,4,8.72,1,1
13120,0.08,0.85,85.08,58,16,14.04,8,1
13121,0.23,0.47,42.16,15,12,5.29,6,1
13122,0.02,0.24,44.94,78,12,6.4,8,1
13123,0.03,0.4,59.63,85,3,6.48,2,1
13124,0.2,0.79,13.19,71,15,14.97,6,0
13125,0.05,0.31,16.52,81,7,9.94,2,0
13126,0.02,0.53,79.23,42,2,11.56,6,1
13127,0.07,0.61,28.07,18,19,19.25,6,0
13128,0.2,0.64,68.78,78,1,8.0,7,1
13129,0.25,0.94,10.65,38,2,6.05,1,1
13130,0.08,0.7,82.36,64,10,11.62,1,1
13131,0.24,0.81,98.83,29,10,7.46,1,1
13132,0.07,0.62,38.0,10,9,7.17,5,1
13133,0.22,0.85,51.05,17,10,11.15,1,1
13134,0.15,0.34,44.83,32,16,15.04,3,0
13135,0.23,0.29,89.52,61,6,8.64,1,1
13136,0.35,0.93,1.98,84,0,18.14,7,1
13137,0.33,0.72,65.69,81,19,10.44,8,1
13138,0.01,0.7,65.58,46,14,19.01,4,1
13139,0.31,0.52,38.86,71,6,12.39,9,1
13140,0.03,0.44,22.71,56,3,15.9,8,0
13141,0.33,0.6,24.73,61,2,17.74,7,1
13142,0.11,0.21,80.25,44,19,12.95,9,1
13143,0.14,0.51,7.54,94,2,17.75,3,0
13144,0.04,0.51,56.82,38,19,10.67,2,0
13145,0.05,0.58,31.38,50,9,10.45,5,0
13146,0.26,0.67,27.26,74,2,16.91,9,1
13147,0.33,0.96,51.07,32,4,8.62,2,1
13148,0.22,0.69,89.89,90,19,15.76,2,1
13149,0.25,0.9,62.19,53,18,6.16,5,1
13150,0.27,0.6,79.07,48,9,14.53,9,1
13151,0.1,0.66,60.47,81,8,19.13,9,1
13152,0.03,0.16,70.07,1,10,11.85,4,1
13153,0.01,0.22,43.81,90,0,11.24,9,1
13154,0.13,0.62,92.67,30,19,13.11,1,1
13155,0.09,0.46,50.69,9,12,15.79,9,0
13156,0.03,0.82,55.63,33,3,10.38,7,0
13157,0.07,0.59,52.97,26,9,5.0,9,1
13158,0.05,0.89,32.3,42,3,12.53,5,0
13159,0.32,0.98,23.89,74,7,11.29,6,1
13160,0.06,0.23,8.31,42,16,12.99,1,1
13161,0.19,0.46,72.1,96,1,15.73,2,1
13162,0.21,0.7,29.64,39,6,9.25,1,1
13163,0.19,0.37,39.53,61,2,12.58,1,0
13164,0.04,0.34,92.07,47,10,8.8,7,1
13165,0.12,0.83,57.08,42,17,11.89,3,0
13166,0.03,0.98,10.61,48,5,10.17,1,0
13167,0.14,0.8,80.16,52,19,10.54,1,1
13168,0.07,0.57,26.36,33,13,13.69,7,0
13169,0.2,0.5,55.72,27,12,15.34,5,0
13170,0.25,0.59,51.49,43,1,5.19,1,1
13171,0.19,0.52,24.57,29,15,18.15,8,0
13172,0.16,0.55,12.46,19,7,10.47,6,0
13173,0.14,0.28,21.91,82,14,14.65,5,1
13174,0.3,0.91,10.64,99,12,6.84,6,1
13175,0.08,0.78,28.29,28,0,13.57,8,0
13176,0.26,0.71,99.73,10,1,15.18,9,1
13177,0.27,0.95,40.81,67,3,7.36,9,1
13178,0.15,0.36,86.52,93,12,18.68,3,1
13179,0.11,0.17,55.37,16,11,16.36,1,1
13180,0.17,0.84,66.99,1,11,13.01,6,1
13181,0.04,1.0,16.48,82,0,7.49,7,1
13182,0.03,0.62,28.21,4,5,17.98,6,0
13183,0.05,0.15,51.53,69,10,6.03,5,1
13184,0.07,0.8,88.23,85,15,6.73,5,1
13185,0.18,0.17,5.25,4,1,15.47,3,1
13186,0.3,0.59,51.19,20,2,8.81,4,1
13187,0.09,0.35,6.05,63,10,11.89,3,0
13188,0.33,0.92,46.23,83,8,13.08,9,1
13189,0.33,0.51,63.26,35,6,11.87,3,1
13190,0.34,0.91,74.73,45,3,6.26,5,1
13191,0.29,0.37,14.71,57,9,16.06,6,1
13192,0.13,0.45,17.49,24,0,8.6,8,0
13193,0.03,0.95,47.54,20,12,16.08,6,0
13194,0.2,0.28,99.81,28,3,17.98,6,1
13195,0.2,0.62,36.25,38,12,13.05,6,0
13196,0.3,0.45,43.33,24,10,15.6,1,1
13197,0.35,0.8,43.81,84,14,5.55,6,1
13198,0.18,0.22,8.99,24,12,5.55,1,1
13199,0.13,0.49,77.64,70,3,7.96,2,1
13200,0.07,0.73,26.06,25,5,10.38,8,0
13201,0.01,0.47,70.66,96,1,7.74,8,1
13202,0.18,0.15,48.03,81,1,14.52,2,1
13203,0.2,0.73,61.57,81,5,9.15,3,1
13204,0.29,0.55,6.34,69,2,17.69,6,1
13205,0.18,0.11,89.11,17,19,13.41,4,1
13206,0.32,0.65,25.14,58,10,10.67,9,1
13207,0.22,0.93,67.34,73,14,18.4,7,1
13208,0.3,0.2,80.0,20,8,17.43,9,1
13209,0.06,0.63,54.46,2,6,17.3,7,0
13210,0.3,0.76,34.4,83,14,15.93,6,1
13211,0.24,0.16,97.81,9,9,14.21,4,1
13212,0.07,0.12,28.57,63,10,10.5,8,1
13213,0.07,0.52,94.92,83,1,11.34,6,1
13214,0.33,0.81,16.47,68,13,14.71,5,1
13215,0.02,0.24,39.53,6,15,7.59,6,1
13216,0.17,0.85,14.71,11,8,17.42,6,0
13217,0.12,0.69,1.22,21,15,19.08,2,0
13218,0.24,0.4,26.77,63,0,6.47,3,1
13219,0.3,0.56,9.63,89,1,5.34,9,1
13220,0.13,0.97,98.65,30,6,7.14,8,1
13221,0.16,0.29,76.4,82,11,16.4,8,1
13222,0.34,0.55,1.37,89,17,6.62,1,1
13223,0.28,0.66,23.14,21,5,10.58,9,1
13224,0.32,0.22,67.34,23,1,5.95,4,1
13225,0.16,0.14,40.46,61,13,11.49,2,1
13226,0.09,0.11,83.35,30,15,14.06,7,1
13227,0.15,0.39,50.98,46,9,14.43,6,0
13228,0.25,0.17,65.71,60,4,12.78,9,1
13229,0.05,0.82,60.11,18,15,19.07,2,1
13230,0.1,1.0,64.18,62,6,12.97,6,1
13231,0.03,0.16,23.78,97,14,17.89,8,1
13232,0.16,0.49,37.96,45,12,19.9,6,0
13233,0.29,0.12,6.01,61,16,8.45,8,1
13234,0.02,0.22,59.18,59,17,8.98,2,1
13235,0.24,0.39,46.47,35,17,12.83,9,1
13236,0.33,0.45,76.31,22,16,7.74,6,1
13237,0.09,0.95,21.43,24,2,13.46,7,0
13238,0.25,0.46,44.24,87,11,15.27,2,1
13239,0.34,0.55,18.89,51,5,5.91,8,1
13240,0.34,0.32,61.78,65,11,15.22,9,1
13241,0.09,0.1,84.95,15,10,7.39,3,1
13242,0.04,0.91,76.78,28,8,9.49,4,1
13243,0.06,0.17,94.48,42,18,16.08,6,1
13244,0.25,0.97,97.2,20,18,7.45,3,1
13245,0.26,0.22,77.43,43,1,12.98,7,1
13246,0.24,0.64,29.39,80,12,13.84,8,1
13247,0.12,1.0,22.71,69,17,7.47,5,1
13248,0.07,0.22,45.31,63,3,9.12,5,1
13249,0.21,0.48,99.39,43,13,14.1,3,1
13250,0.17,0.8,41.85,79,13,11.92,4,0
13251,0.26,0.13,20.71,2,4,14.9,3,1
13252,0.16,0.72,94.49,88,18,17.82,8,1
13253,0.13,0.17,39.21,77,1,7.03,3,1
13254,0.11,0.31,69.4,23,15,6.06,2,1
13255,0.08,0.24,79.03,12,5,15.0,6,1
13256,0.1,0.92,84.47,46,10,16.56,8,1
13257,0.04,0.26,82.31,33,11,11.74,8,1
13258,0.13,0.14,83.79,44,12,10.91,6,1
13259,0.02,0.63,67.1,25,9,13.95,6,1
13260,0.07,0.41,40.98,35,13,13.27,6,0
13261,0.26,0.47,67.06,35,3,12.35,5,1
13262,0.12,0.21,83.84,65,1,17.28,4,1
13263,0.24,0.77,35.71,43,18,7.6,2,1
13264,0.25,0.64,30.35,68,18,15.22,5,1
13265,0.21,0.43,35.03,62,14,16.12,2,1
13266,0.34,0.25,55.58,31,8,18.52,9,1
13267,0.02,0.63,6.19,28,3,19.18,4,0
13268,0.26,0.8,78.12,11,12,12.62,1,1
13269,0.34,0.38,14.75,32,8,11.5,1,1
13270,0.3,0.12,14.15,66,11,12.56,5,1
13271,0.07,0.29,20.57,60,13,15.99,8,1
13272,0.12,0.71,58.12,51,11,5.26,7,1
13273,0.07,0.99,29.27,59,12,7.61,7,1
13274,0.21,0.11,37.44,77,17,18.61,5,1
13275,0.25,0.38,93.23,17,4,7.93,9,1
13276,0.12,0.16,84.87,68,18,8.43,5,1
13277,0.19,0.38,85.37,95,2,19.09,1,1
13278,0.24,0.47,58.19,38,16,9.41,5,1
13279,0.15,0.93,86.78,64,19,9.36,3,1
13280,0.3,0.17,78.08,3,6,18.86,3,1
13281,0.27,0.8,95.37,54,2,10.63,5,1
13282,0.03,0.46,7.37,76,6,12.41,1,0
13283,0.22,0.83,3.84,44,5,13.41,8,1
13284,0.09,0.56,18.33,82,13,18.02,9,0
13285,0.2,0.14,92.98,30,0,6.16,4,1
13286,0.34,0.95,60.95,75,13,8.91,1,1
13287,0.31,0.17,43.19,88,10,13.81,2,1
13288,0.15,0.64,51.76,85,8,11.52,7,0
13289,0.11,0.89,83.13,54,9,9.17,1,1
13290,0.09,0.17,92.98,48,10,11.14,3,1
13291,0.19,0.6,73.24,35,17,19.49,7,1
13292,0.05,0.84,76.22,68,16,5.32,4,1
13293,0.2,0.99,32.72,26,13,7.2,4,1
13294,0.01,0.75,47.24,72,16,5.28,1,1
13295,0.12,0.35,88.64,88,6,13.9,8,1
13296,0.08,0.73,78.81,56,7,5.19,4,1
13297,0.34,0.74,68.74,76,7,11.81,9,1
13298,0.26,0.73,7.46,69,18,17.89,5,1
13299,0.13,0.87,4.91,80,4,6.46,6,1
13300,0.04,0.18,13.91,64,6,10.48,6,1
13301,0.19,0.2,58.56,96,12,10.67,9,1
13302,0.08,0.68,54.1,29,14,10.43,3,0
13303,0.19,0.96,94.33,97,13,15.91,6,1
13304,0.29,0.52,69.78,78,14,5.07,9,1
13305,0.22,0.96,30.1,59,13,16.7,8,1
13306,0.23,0.94,16.99,25,12,17.59,7,1
13307,0.19,0.91,85.1,72,19,11.47,4,1
13308,0.33,0.92,46.5,27,3,18.31,5,1
13309,0.33,0.91,65.69,99,8,10.72,7,1
13310,0.18,0.84,56.95,22,13,15.42,6,0
13311,0.11,0.73,11.64,71,16,10.83,5,0
13312,0.17,0.12,6.65,47,0,5.57,9,1
13313,0.07,0.22,38.32,76,0,6.25,5,1
13314,0.23,0.22,36.79,55,3,11.63,6,1
13315,0.18,0.12,67.71,9,19,19.85,7,1
13316,0.05,0.21,63.59,54,7,7.66,2,1
13317,0.08,0.93,96.93,64,4,18.43,5,1
13318,0.17,0.7,85.95,99,13,18.79,6,1
13319,0.31,0.38,50.16,39,19,11.14,3,1
13320,0.2,0.81,50.5,83,13,11.93,4,0
13321,0.24,0.54,67.74,92,1,12.54,2,1
13322,0.13,0.23,12.29,93,11,16.56,7,1
13323,0.2,0.9,99.99,8,17,6.86,2,1
13324,0.16,0.4,52.36,27,5,9.93,2,0
13325,0.23,0.73,91.08,69,8,7.56,5,1
13326,0.03,0.36,96.77,93,8,18.18,5,1
13327,0.18,0.55,58.58,99,3,6.06,6,1
13328,0.11,0.83,11.23,33,9,16.22,2,0
13329,0.12,0.24,57.76,96,11,11.6,9,1
13330,0.34,0.98,60.17,85,7,15.72,2,1
13331,0.07,0.16,79.13,10,19,18.35,1,1
13332,0.12,0.58,5.77,16,15,10.09,4,0
13333,0.18,0.92,47.17,11,11,8.41,2,0
13334,0.3,0.95,92.35,19,16,14.75,7,1
13335,0.15,0.31,99.14,64,16,19.96,4,1
13336,0.26,0.23,19.95,52,18,15.94,2,1
13337,0.3,0.75,87.19,77,6,16.93,5,1
13338,0.12,0.14,15.48,15,19,14.45,9,1
13339,0.14,0.54,84.28,42,3,10.52,4,1
13340,0.13,0.82,28.45,96,19,14.82,1,0
13341,0.29,0.6,96.0,83,8,6.93,8,1
13342,0.03,0.27,69.85,79,11,12.33,8,1
13343,0.11,0.54,40.51,38,12,13.6,5,0
13344,0.24,0.93,28.82,86,8,18.6,8,1
13345,0.2,0.66,24.29,49,10,18.8,1,0
13346,0.16,0.75,68.4,77,4,5.9,2,1
13347,0.19,0.4,89.68,84,7,14.48,4,1
13348,0.08,0.27,75.74,49,19,16.95,3,1
13349,0.16,0.33,83.64,79,11,13.05,3,1
13350,0.18,0.58,78.36,71,15,6.44,9,1
13351,0.32,0.35,97.94,55,9,8.49,9,1
13352,0.1,0.59,76.02,22,14,9.7,8,1
13353,0.31,0.74,21.81,43,11,14.94,7,1
13354,0.23,0.76,79.37,50,13,5.98,8,1
13355,0.02,0.25,32.88,84,12,13.24,4,1
13356,0.26,0.78,99.58,19,15,6.63,7,1
13357,0.02,0.71,38.29,91,9,10.93,8,0
13358,0.35,0.11,29.99,72,7,11.38,4,1
13359,0.31,0.15,24.68,18,19,11.78,5,1
13360,0.11,0.68,66.19,10,13,15.66,8,1
13361,0.1,0.45,11.81,50,4,6.22,2,1
13362,0.14,0.23,95.4,49,5,9.02,4,1
13363,0.13,0.14,30.14,41,8,14.62,4,1
13364,0.14,0.24,30.24,99,12,19.15,4,1
13365,0.12,0.96,5.56,15,12,14.31,1,0
13366,0.22,0.75,25.36,23,1,18.25,6,1
13367,0.07,0.57,42.48,76,12,19.53,3,0
13368,0.3,0.95,37.59,27,1,18.26,2,1
13369,0.29,0.66,28.03,6,14,19.58,8,1
13370,0.17,0.75,5.03,24,11,16.66,7,0
13371,0.3,0.35,30.76,86,9,18.31,7,1
13372,0.09,0.63,78.05,9,3,12.37,7,1
13373,0.02,0.23,44.44,74,7,10.18,2,1
13374,0.22,0.46,29.79,62,3,20.0,5,1
13375,0.17,0.13,31.17,67,1,6.47,1,1
13376,0.2,0.29,55.89,70,17,19.37,2,1
13377,0.32,0.17,30.93,90,17,11.46,1,1
13378,0.34,0.45,63.45,78,13,5.34,6,1
13379,0.23,0.86,98.96,42,9,17.05,9,1
13380,0.27,0.44,5.08,60,11,11.66,8,1
13381,0.04,0.85,17.7,83,7,16.98,6,0
13382,0.06,0.69,18.73,48,16,5.67,7,1
13383,0.26,0.56,45.26,56,11,19.61,3,1
13384,0.16,0.31,5.1,87,19,15.07,2,0
13385,0.16,0.93,48.27,5,2,5.72,8,1
13386,0.11,0.15,92.96,79,9,5.07,5,1
13387,0.22,0.72,2.14,94,10,13.91,7,1
13388,0.07,0.66,37.13,97,13,19.65,4,0
13389,0.22,0.5,76.33,54,6,12.86,4,1
13390,0.07,0.32,16.29,38,4,10.31,5,0
13391,0.03,0.49,8.68,19,0,19.08,4,0
13392,0.12,0.89,63.45,69,11,19.76,5,1
13393,0.09,0.85,1.99,73,15,16.77,7,0
13394,0.31,0.95,80.38,71,5,15.77,6,1
13395,0.03,0.38,7.62,24,19,5.03,7,1
13396,0.07,0.45,52.91,80,9,9.71,7,0
13397,0.2,0.12,74.27,10,14,18.88,9,1
13398,0.17,0.95,24.96,85,14,10.52,2,0
13399,0.03,0.4,11.25,21,5,10.02,3,0
13400,0.01,0.46,18.39,15,0,13.06,3,0
13401,0.35,0.92,85.61,64,5,11.72,6,1
13402,0.23,0.57,70.87,13,12,17.88,1,1
13403,0.13,0.61,20.61,71,10,6.23,9,1
13404,0.17,0.26,71.9,40,19,14.88,5,1
13405,0.1,0.55,71.15,8,19,15.46,6,1
13406,0.13,0.93,99.77,38,19,18.2,7,1
13407,0.23,0.6,39.76,52,11,11.24,1,1
13408,0.31,0.33,86.62,2,13,9.43,3,1
13409,0.07,0.13,45.2,22,8,14.4,9,1
13410,0.3,0.4,89.88,4,12,15.87,5,1
13411,0.05,0.62,10.07,52,3,7.56,2,1
13412,0.08,0.14,18.36,7,8,7.37,3,1
13413,0.02,0.65,85.15,1,0,8.95,6,1
13414,0.06,0.57,82.11,83,7,8.72,3,1
13415,0.32,0.81,31.24,58,1,16.26,1,1
13416,0.17,0.13,60.08,62,12,12.96,5,1
13417,0.04,0.8,38.89,94,12,13.22,7,0
13418,0.34,0.57,2.02,66,0,5.22,5,1
13419,0.31,0.43,3.58,55,0,19.91,1,1
13420,0.27,0.97,6.37,13,5,17.45,2,1
13421,0.33,0.24,59.81,28,15,11.65,2,1
13422,0.08,0.59,28.64,14,16,6.0,4,1
13423,0.29,0.39,15.25,3,12,15.41,4,1
13424,0.24,0.57,94.17,16,17,13.03,1,1
13425,0.31,0.6,13.01,89,2,15.16,2,1
13426,0.28,0.18,67.72,46,14,15.16,2,1
13427,0.13,0.7,89.52,3,1,7.32,1,1
13428,0.27,0.67,17.22,98,5,9.93,5,1
13429,0.1,0.79,22.26,3,19,5.27,5,1
13430,0.12,0.18,57.81,41,13,19.73,5,1
13431,0.05,0.37,51.34,29,17,17.1,6,0
13432,0.33,0.69,52.58,40,3,18.93,5,1
13433,0.11,0.22,55.91,19,7,5.66,7,1
13434,0.19,0.71,95.04,20,1,12.51,9,1
13435,0.14,0.15,6.33,21,1,16.21,9,1
13436,0.34,0.4,76.28,20,16,6.56,1,1
13437,0.12,0.86,24.02,92,3,16.66,6,0
13438,0.27,0.8,37.99,47,15,14.71,7,1
13439,0.3,0.68,9.84,91,1,19.77,9,1
13440,0.16,0.88,45.12,44,18,7.11,5,1
13441,0.14,0.74,80.62,89,5,14.44,2,1
13442,0.26,0.57,10.78,2,1,19.21,8,1
13443,0.32,0.98,28.28,43,8,16.16,1,1
13444,0.27,0.73,37.93,57,5,10.04,7,1
13445,0.09,0.64,11.29,88,5,6.79,4,1
13446,0.31,0.47,76.47,97,7,19.46,6,1
13447,0.14,0.91,78.91,19,0,6.08,8,1
13448,0.21,0.37,83.75,90,15,19.63,3,1
13449,0.29,0.11,58.81,64,9,9.55,2,1
13450,0.07,0.28,51.22,46,18,17.9,8,1
13451,0.28,0.2,26.99,41,17,13.31,6,1
13452,0.21,0.39,65.86,67,15,18.69,6,1
13453,0.31,0.84,45.01,91,0,11.4,8,1
13454,0.07,0.69,97.11,14,14,17.75,5,1
13455,0.15,0.25,96.85,20,15,8.58,5,1
13456,0.29,0.81,90.62,35,10,12.0,7,1
13457,0.02,0.55,36.65,87,5,17.69,6,0
13458,0.05,0.56,37.43,25,13,6.78,3,1
13459,0.35,0.43,85.41,4,15,15.93,4,1
13460,0.11,0.88,73.18,57,3,11.55,2,1
13461,0.34,0.39,70.73,2,7,12.7,8,1
13462,0.07,0.18,28.68,66,18,13.69,6,1
13463,0.13,0.37,83.5,89,18,9.13,7,1
13464,0.27,0.74,58.36,87,0,6.45,5,1
13465,0.23,0.69,45.24,21,2,5.28,7,1
13466,0.21,0.27,86.68,89,7,11.46,4,1
13467,0.19,0.2,40.03,91,12,9.03,4,1
13468,0.3,0.69,65.74,52,18,14.49,2,1
13469,0.09,0.71,47.12,75,0,15.74,8,0
13470,0.16,0.43,59.68,78,12,12.56,7,0
13471,0.06,0.86,5.01,81,9,14.28,4,0
13472,0.21,0.98,46.65,15,15,13.41,3,1
13473,0.1,0.29,56.09,46,8,5.07,1,1
13474,0.12,0.62,49.78,31,1,17.63,5,0
13475,0.17,0.1,84.89,62,7,5.89,6,1
13476,0.02,0.74,31.8,34,2,11.16,3,0
13477,0.04,0.47,88.52,36,19,6.67,9,1
13478,0.24,0.27,40.94,44,1,14.93,9,1
13479,0.16,0.78,69.76,63,3,9.88,6,1
13480,0.3,0.83,9.59,77,15,6.07,5,1
13481,0.25,0.2,20.82,18,7,5.68,2,1
13482,0.01,0.14,76.36,81,14,8.56,6,1
13483,0.22,0.4,2.22,45,15,15.01,5,1
13484,0.04,0.66,96.88,39,17,15.77,3,1
13485,0.28,0.81,19.87,92,9,6.93,3,1
13486,0.35,0.59,90.23,26,18,7.09,1,1
13487,0.19,0.62,52.08,78,13,13.9,9,0
13488,0.24,0.82,56.89,75,18,19.36,4,1
13489,0.09,0.58,9.33,96,13,13.29,9,0
13490,0.16,0.65,37.16,24,2,15.68,4,0
13491,0.3,0.56,16.47,58,13,13.63,5,1
13492,0.07,0.89,53.07,95,1,6.57,5,1
13493,0.1,0.31,55.52,50,1,19.2,4,0
13494,0.16,0.34,71.26,72,2,6.08,4,1
13495,0.25,0.22,87.95,39,1,16.4,7,1
13496,0.14,0.84,47.35,72,5,19.69,7,0
13497,0.33,0.47,24.1,31,3,9.78,6,1
13498,0.04,0.41,34.02,83,0,7.57,3,1
13499,0.14,0.98,84.86,36,2,13.49,6,1
13500,0.25,0.93,15.44,39,15,16.93,9,1
13501,0.09,0.97,63.1,96,14,19.24,3,1
13502,0.23,0.23,2.3,21,10,15.41,7,1
13503,0.07,0.9,25.32,23,18,10.04,5,0
13504,0.03,0.4,59.55,54,3,12.42,7,0
13505,0.05,0.11,46.18,36,0,16.42,2,1
13506,0.33,0.45,49.86,15,1,16.82,3,1
13507,0.2,0.56,66.4,2,9,6.12,2,1
13508,0.28,0.2,24.22,76,2,14.21,7,1
13509,0.12,0.58,28.8,70,16,19.51,9,0
13510,0.21,0.84,68.76,38,11,16.78,3,1
13511,0.18,0.44,54.29,65,1,5.11,7,1
13512,0.33,0.42,2.44,50,12,8.37,7,1
13513,0.26,0.4,67.36,90,3,11.68,3,1
13514,0.26,0.93,62.39,87,14,15.59,5,1
13515,0.03,0.14,8.78,1,16,13.33,6,1
13516,0.2,0.5,75.0,21,10,6.16,5,1
13517,0.17,0.34,52.69,57,0,16.07,8,0
13518,0.33,0.9,21.27,19,1,17.58,9,1
13519,0.1,0.19,56.38,29,9,8.09,6,1
13520,0.1,0.47,59.95,50,6,6.01,2,1
13521,0.15,0.47,92.09,90,10,16.86,2,1
13522,0.09,0.9,74.47,34,18,14.61,4,1
13523,0.05,0.29,30.89,81,9,17.05,3,1
13524,0.3,0.68,12.7,82,1,13.5,7,1
13525,0.2,0.22,85.47,54,13,11.43,4,1
13526,0.3,0.96,84.76,32,6,19.45,3,1
13527,0.29,0.63,18.36,4,12,16.7,2,1
13528,0.11,0.66,7.15,30,1,11.18,4,0
13529,0.2,0.49,71.47,95,5,18.61,5,1
13530,0.04,0.41,72.54,18,0,19.9,4,1
13531,0.32,0.29,18.54,69,10,9.62,9,1
13532,0.15,0.64,67.15,96,6,18.39,1,1
13533,0.14,0.96,28.61,29,4,5.68,9,1
13534,0.11,0.42,26.8,12,17,8.22,8,0
13535,0.17,0.89,33.13,15,19,7.41,9,1
13536,0.1,0.23,52.52,79,11,10.35,3,1
13537,0.14,0.94,80.64,99,17,13.44,9,1
13538,0.28,0.42,50.37,53,8,15.8,9,1
13539,0.29,0.44,30.51,35,1,18.54,2,1
13540,0.11,0.52,88.51,52,17,7.38,3,1
13541,0.17,0.75,6.45,53,1,13.67,8,0
13542,0.31,0.75,79.91,14,1,13.32,7,1
13543,0.03,0.53,78.65,18,13,11.88,2,1
13544,0.31,0.57,26.1,38,6,15.42,9,1
13545,0.08,0.13,20.63,86,0,12.7,2,1
13546,0.24,0.37,87.6,38,8,13.25,1,1
13547,0.21,0.41,56.33,55,11,18.55,9,1
13548,0.2,0.6,5.56,11,0,17.9,4,0
13549,0.3,0.6,89.19,67,0,13.66,6,1
13550,0.04,0.74,35.55,53,8,7.34,5,1
13551,0.13,0.75,34.87,78,15,19.38,4,0
13552,0.19,0.31,64.69,44,16,14.34,4,1
13553,0.29,0.79,66.47,25,0,17.11,3,1
13554,0.08,0.12,35.98,62,4,5.83,4,1
13555,0.28,0.74,15.18,14,15,18.45,4,1
13556,0.15,0.19,55.67,47,4,15.4,7,1
13557,0.07,0.76,62.89,95,6,15.28,9,1
13558,0.27,0.57,86.16,89,19,6.65,4,1
13559,0.04,0.49,48.96,55,16,15.69,6,0
13560,0.19,0.72,64.92,83,5,6.15,6,1
13561,0.03,0.13,6.39,12,2,5.84,5,1
13562,0.13,0.3,89.56,7,6,9.88,5,1
13563,0.21,0.65,33.39,49,13,5.35,9,1
13564,0.2,0.86,63.59,14,16,7.39,2,1
13565,0.15,0.44,91.69,29,13,15.89,6,1
13566,0.16,0.33,81.24,47,19,17.52,9,1
13567,0.09,0.57,64.13,14,11,7.69,3,1
13568,0.17,0.66,70.66,87,8,17.35,4,1
13569,0.33,0.48,92.17,51,5,12.21,6,1
13570,0.3,0.89,81.4,14,1,19.37,7,1
13571,0.06,0.57,61.38,87,5,7.09,3,1
13572,0.02,0.13,66.21,8,8,5.8,8,1
13573,0.33,0.3,15.58,77,10,17.68,9,1
13574,0.19,0.51,47.55,65,0,10.43,2,0
13575,0.19,0.73,30.8,37,11,11.86,7,0
13576,0.28,0.3,43.77,90,4,12.68,7,1
13577,0.12,0.98,66.56,68,12,17.38,3,1
13578,0.17,0.39,15.77,16,14,6.14,2,1
13579,0.34,0.58,2.72,89,12,13.27,9,1
13580,0.24,0.12,40.3,83,1,11.46,7,1
13581,0.06,0.9,32.9,20,8,10.1,4,0
13582,0.06,0.81,42.62,90,7,10.22,5,0
13583,0.08,0.28,93.19,96,3,18.96,7,1
13584,0.27,0.94,71.0,67,14,9.02,9,1
13585,0.11,0.38,33.42,71,4,11.82,5,0
13586,0.02,0.72,18.75,32,9,12.39,7,0
13587,0.33,0.84,62.23,69,8,15.8,1,1
13588,0.07,0.77,66.1,85,3,12.78,5,1
13589,0.01,0.93,48.88,30,0,14.32,8,0
13590,0.09,0.88,22.06,20,10,10.98,2,0
13591,0.09,1.0,3.83,58,10,15.78,8,0
13592,0.15,0.26,27.3,29,8,11.99,5,1
13593,0.32,0.37,46.26,24,4,8.34,8,1
13594,0.31,0.67,79.01,1,18,17.25,2,1
13595,0.17,0.76,85.52,89,2,16.48,8,1
13596,0.15,0.58,41.88,27,7,14.41,5,0
13597,0.2,0.17,79.82,89,15,12.83,4,1
13598,0.09,0.86,99.34,21,16,8.13,9,1
13599,0.03,0.96,71.94,17,3,18.03,3,1
13600,0.33,0.46,73.13,92,14,6.46,3,1
13601,0.07,0.3,91.04,32,12,10.75,8,1
13602,0.08,0.12,34.48,44,8,17.79,2,1
13603,0.17,0.31,2.11,98,9,13.93,3,0
13604,0.18,0.73,98.71,22,1,11.58,8,1
13605,0.02,0.92,49.56,42,5,16.87,9,0
13606,0.06,0.18,78.78,83,19,19.84,1,1
13607,0.14,0.6,81.44,62,4,7.83,8,1
13608,0.24,0.73,40.35,48,16,5.76,7,1
13609,0.09,0.35,54.59,8,3,11.94,2,0
13610,0.15,0.61,54.45,2,7,9.31,1,0
13611,0.2,0.74,22.8,5,0,15.0,7,0
13612,0.31,0.85,12.65,28,3,12.41,8,1
13613,0.12,0.51,54.81,4,17,12.49,1,0
13614,0.06,0.77,12.89,53,12,10.32,4,0
13615,0.18,0.37,35.26,1,17,8.16,3,0
13616,0.26,0.29,19.42,79,2,8.2,5,1
13617,0.05,0.27,70.98,77,17,10.8,9,1
13618,0.15,0.42,87.33,95,9,15.23,1,1
13619,0.02,0.13,58.21,81,18,10.06,3,1
13620,0.02,0.35,41.61,6,1,9.89,2,0
13621,0.17,0.69,99.67,88,13,11.38,1,1
13622,0.11,0.68,3.1,55,18,19.86,6,0
13623,0.3,0.17,31.13,52,4,6.37,6,1
13624,0.21,0.36,28.59,77,15,9.42,9,1
13625,0.16,0.61,36.26,85,9,9.38,8,0
13626,0.15,0.39,23.83,24,4,19.62,2,0
13627,0.18,0.48,27.16,62,13,11.11,9,0
13628,0.02,0.74,26.51,56,6,13.5,6,0
13629,0.31,0.11,51.07,86,9,7.97,9,1
13630,0.35,0.35,39.71,93,10,5.19,7,1
13631,0.07,0.23,64.29,24,18,10.09,8,1
13632,0.05,0.21,51.93,76,10,14.59,7,1
13633,0.06,0.96,19.16,20,2,15.37,8,0
13634,0.23,0.44,81.19,34,6,16.31,9,1
13635,0.23,0.57,47.75,15,13,17.91,6,1
13636,0.3,0.76,16.17,51,5,6.73,7,1
13637,0.27,0.14,17.52,4,19,6.24,2,1
13638,0.16,0.32,79.9,53,12,16.82,7,1
13639,0.22,0.85,70.6,14,13,11.54,1,1
13640,0.24,0.88,51.15,65,19,19.21,4,1
13641,0.18,0.44,31.3,33,14,19.15,3,0
13642,0.17,0.44,46.59,50,17,7.12,4,1
13643,0.23,0.78,64.01,63,10,15.37,5,1
13644,0.2,0.37,88.05,50,9,6.01,4,1
13645,0.23,0.21,56.03,93,10,11.05,4,1
13646,0.22,0.33,28.4,74,18,17.63,8,1
13647,0.25,0.45,5.23,36,14,11.91,2,1
13648,0.23,0.15,18.37,78,2,5.5,1,1
13649,0.19,0.53,65.37,86,2,8.6,8,1
13650,0.24,0.77,16.88,97,0,6.3,7,1
13651,0.16,0.56,48.67,92,14,11.12,2,0
13652,0.09,0.16,70.2,71,12,15.45,3,1
13653,0.01,0.5,31.51,50,14,14.91,1,0
13654,0.2,0.74,67.24,41,17,15.78,6,1
13655,0.21,0.15,58.53,98,17,10.76,4,1
13656,0.34,0.15,44.45,70,8,8.98,8,1
13657,0.13,0.43,89.83,99,17,5.85,3,1
13658,0.14,0.28,69.51,27,10,19.12,1,1
13659,0.08,0.94,36.7,30,17,6.77,1,1
13660,0.03,0.62,80.62,32,5,7.67,6,1
13661,0.27,0.36,74.07,83,16,5.38,7,1
13662,0.09,0.73,79.38,22,16,9.76,8,1
13663,0.22,0.44,64.45,85,8,17.28,1,1
13664,0.24,0.22,38.56,69,19,9.98,5,1
13665,0.17,0.31,35.51,21,2,14.99,5,0
13666,0.31,0.68,65.76,56,11,19.48,6,1
13667,0.16,0.15,13.96,84,2,18.39,9,1
13668,0.11,0.35,82.17,31,3,7.7,3,1
13669,0.31,0.29,37.66,59,9,10.39,1,1
13670,0.3,0.28,63.41,70,4,16.27,3,1
13671,0.07,0.71,50.41,95,19,19.66,8,0
13672,0.02,0.84,52.41,43,2,15.74,3,0
13673,0.04,0.74,74.06,88,6,8.78,7,1
13674,0.11,0.68,63.04,54,1,6.99,9,1
13675,0.34,0.92,25.78,18,5,12.43,8,1
13676,0.2,0.15,8.35,55,18,7.89,5,1
13677,0.14,0.25,84.18,29,9,8.41,8,1
13678,0.31,0.47,88.6,61,7,14.52,1,1
13679,0.16,0.44,17.29,51,15,12.72,2,0
13680,0.12,0.48,31.64,76,1,6.81,3,1
13681,0.33,0.29,28.95,12,15,7.31,4,1
13682,0.3,0.23,93.81,93,13,5.29,1,1
13683,0.3,0.56,21.27,61,12,8.29,8,1
13684,0.18,0.94,17.49,71,8,18.31,4,0
13685,0.28,0.45,19.0,16,8,16.9,7,1
13686,0.07,0.14,73.26,12,7,11.22,2,1
13687,0.2,0.74,88.91,62,6,16.13,6,1
13688,0.34,0.36,39.94,85,15,11.1,9,1
13689,0.11,0.32,14.47,68,5,16.88,7,0
13690,0.28,0.39,58.99,60,10,7.73,7,1
13691,0.18,0.75,21.78,81,18,7.29,3,1
13692,0.02,0.84,7.35,28,7,6.17,7,1
13693,0.27,0.63,88.74,64,18,8.63,9,1
13694,0.07,0.39,87.21,95,14,7.19,7,1
13695,0.22,0.38,97.62,72,10,16.98,2,1
13696,0.04,0.21,47.93,50,8,8.6,7,1
13697,0.33,0.94,30.11,26,15,12.74,9,1
13698,0.11,0.67,77.21,40,12,16.34,7,1
13699,0.09,0.12,18.87,55,9,15.16,1,1
13700,0.05,0.7,25.09,31,9,8.07,7,0
13701,0.33,0.5,26.31,83,19,6.16,1,1
13702,0.25,0.98,95.21,71,8,18.68,2,1
13703,0.26,0.84,73.25,5,1,14.33,9,1
13704,0.18,0.25,14.24,13,0,15.6,3,1
13705,0.17,0.75,10.19,18,7,10.79,8,0
13706,0.05,0.54,84.44,82,15,8.62,1,1
13707,0.2,0.27,80.43,50,10,12.96,9,1
13708,0.09,0.73,67.43,84,8,6.17,6,1
13709,0.34,0.59,20.41,87,18,17.0,1,1
13710,0.28,0.13,48.55,36,17,14.82,7,1
13711,0.15,0.68,60.67,52,6,16.42,5,1
13712,0.06,0.67,93.28,33,9,13.54,5,1
13713,0.28,0.23,17.77,64,5,13.67,9,1
13714,0.05,0.41,52.03,71,3,14.01,6,0
13715,0.07,0.63,16.62,69,0,16.76,9,0
13716,0.08,0.22,44.94,96,3,8.38,2,1
13717,0.2,0.87,20.81,73,2,15.22,4,0
13718,0.28,0.12,83.78,30,2,13.29,6,1
13719,0.12,0.19,26.22,96,13,12.43,3,1
13720,0.04,0.2,42.29,68,4,13.11,3,1
13721,0.17,0.58,41.37,89,0,9.08,1,0
13722,0.26,0.66,86.76,22,10,5.56,5,1
13723,0.09,0.46,76.02,59,5,16.39,6,1
13724,0.08,0.36,6.7,8,1,18.74,4,0
13725,0.33,0.83,7.64,66,12,12.21,9,1
13726,0.33,0.16,55.57,37,0,17.57,6,1
13727,0.35,0.35,43.34,99,7,13.33,3,1
13728,0.28,0.14,28.28,56,9,18.95,7,1
13729,0.07,0.11,79.47,61,14,12.63,5,1
13730,0.08,0.42,13.73,86,2,8.07,9,0
13731,0.13,0.28,97.43,65,5,18.05,5,1
13732,0.12,0.34,3.39,42,1,17.0,7,0
13733,0.34,0.84,12.7,97,19,10.97,6,1
13734,0.28,0.25,31.82,49,2,17.63,3,1
13735,0.26,0.8,51.41,68,8,5.14,7,1
13736,0.07,0.71,22.4,9,19,17.0,4,0
13737,0.32,0.39,73.89,8,4,15.32,6,1
13738,0.29,0.59,36.4,58,5,10.7,6,1
13739,0.07,0.5,4.82,86,9,16.87,3,0
13740,0.31,0.22,87.89,54,8,6.9,2,1
13741,0.1,0.92,94.44,85,0,8.05,3,1
13742,0.04,0.61,62.24,48,15,13.0,8,1
13743,0.23,0.89,80.85,54,5,18.22,1,1
13744,0.23,0.84,12.99,28,15,6.95,3,1
13745,0.04,0.17,27.61,66,19,13.46,6,1
13746,0.12,0.29,33.2,81,19,16.3,7,1
13747,0.35,0.23,96.11,31,2,16.15,4,1
13748,0.24,0.85,51.71,13,13,14.42,8,1
13749,0.26,0.88,1.73,59,7,19.11,8,1
13750,0.08,0.58,38.64,82,19,12.23,4,0
13751,0.04,0.19,1.77,88,13,18.2,4,1
13752,0.1,0.22,24.54,31,14,14.29,5,1
13753,0.09,0.83,46.02,33,9,16.06,3,0
13754,0.09,0.94,33.02,53,16,11.97,6,0
13755,0.08,0.28,4.24,95,7,7.51,9,1
13756,0.21,0.11,12.52,91,18,6.64,2,1
13757,0.12,0.4,55.54,36,3,15.23,3,0
13758,0.29,0.13,69.86,85,9,10.65,1,1
13759,0.07,0.85,41.05,69,3,13.51,6,0
13760,0.17,0.54,73.42,75,19,16.19,3,1
13761,0.01,0.68,17.17,98,3,16.8,1,0
13762,0.17,0.47,13.08,34,9,12.64,7,0
13763,0.03,0.41,84.11,61,2,9.72,6,1
13764,0.34,0.3,34.58,60,17,16.64,7,1
13765,0.28,0.79,43.79,3,13,11.23,7,1
13766,0.18,0.73,94.81,6,19,19.05,2,1
13767,0.04,0.42,42.99,20,13,17.37,4,0
13768,0.21,0.39,1.35,4,19,16.2,5,1
13769,0.27,0.1,93.86,53,13,8.62,9,1
13770,0.07,0.16,2.4,71,6,10.44,8,1
13771,0.2,0.66,66.57,62,8,17.73,8,1
13772,0.29,0.56,32.97,81,1,5.35,9,1
13773,0.27,0.49,47.57,38,19,16.72,7,1
13774,0.28,0.84,55.18,36,2,11.06,6,1
13775,0.31,0.55,41.44,34,11,16.99,9,1
13776,0.33,0.45,77.66,6,18,13.29,5,1
13777,0.15,0.25,93.14,66,15,12.9,5,1
13778,0.2,0.84,9.55,18,6,15.52,3,0
13779,0.28,0.62,80.23,27,11,17.1,9,1
13780,0.25,0.18,13.74,39,9,15.4,2,1
13781,0.35,0.68,8.95,51,2,11.76,3,1
13782,0.01,0.48,95.63,19,7,9.81,4,1
13783,0.13,0.83,49.44,96,6,17.68,1,0
13784,0.11,0.93,16.11,88,8,12.81,2,0
13785,0.1,0.64,57.43,34,18,16.75,5,0
13786,0.09,0.76,27.06,89,4,19.94,6,0
13787,0.25,0.15,46.97,24,8,14.66,6,1
13788,0.04,0.6,62.84,25,15,9.18,3,1
13789,0.26,0.78,87.06,76,19,17.98,4,1
13790,0.25,0.55,1.31,94,8,9.11,9,1
13791,0.1,0.63,22.2,70,11,8.91,1,0
13792,0.1,0.91,10.53,30,19,6.11,9,1
13793,0.22,0.28,10.61,97,14,6.18,8,1
13794,0.27,0.19,94.63,79,17,17.93,4,1
13795,0.31,0.72,93.67,93,8,8.46,4,1
13796,0.3,0.84,75.18,54,2,6.63,5,1
13797,0.34,0.87,64.66,78,10,10.29,2,1
13798,0.21,0.68,84.95,25,5,15.7,7,1
13799,0.32,0.85,6.78,5,8,10.09,2,1
13800,0.28,0.73,12.83,2,2,9.64,7,1
13801,0.31,0.18,32.39,80,8,12.32,5,1
13802,0.01,0.79,83.42,63,2,5.32,7,1
13803,0.34,0.26,47.75,54,18,12.37,1,1
13804,0.17,0.31,50.85,38,3,19.85,9,0
13805,0.28,0.46,23.7,17,12,16.99,4,1
13806,0.05,0.38,65.19,31,16,6.06,8,1
13807,0.14,0.39,88.9,1,1,14.82,6,1
13808,0.1,0.25,33.62,6,15,11.92,4,1
13809,0.11,0.36,62.3,95,0,17.39,8,1
13810,0.05,0.12,33.86,70,2,6.48,9,1
13811,0.28,0.53,79.48,36,15,8.49,5,1
13812,0.01,0.79,48.02,8,5,16.87,8,0
13813,0.12,0.88,34.61,93,7,17.74,4,0
13814,0.07,0.84,42.58,73,4,12.94,4,0
13815,0.21,0.47,10.03,86,7,5.3,9,1
13816,0.1,0.76,86.75,10,0,18.41,7,1
13817,0.1,0.36,95.85,24,18,10.74,5,1
13818,0.18,0.15,48.26,63,1,5.6,7,1
13819,0.23,0.71,22.91,40,5,17.28,1,1
13820,0.05,0.68,66.8,2,5,11.27,2,1
13821,0.07,0.82,45.79,20,19,7.85,4,1
13822,0.09,0.65,25.98,81,19,17.02,2,0
13823,0.34,0.24,4.8,33,8,11.87,6,1
13824,0.15,0.87,89.08,14,0,14.12,2,1
13825,0.21,0.66,79.88,96,1,17.35,8,1
13826,0.09,0.83,83.07,54,19,12.84,7,1
13827,0.18,0.8,44.54,55,18,6.66,5,1
13828,0.04,0.37,75.57,37,15,19.46,1,1
13829,0.02,0.17,58.54,88,8,9.3,8,1
13830,0.17,0.26,38.1,84,4,19.91,4,1
13831,0.15,0.18,84.43,6,19,5.09,4,1
13832,0.06,0.32,99.88,33,10,12.26,4,1
13833,0.24,0.51,90.03,50,19,15.57,1,1
13834,0.35,0.92,77.84,92,13,18.59,2,1
13835,0.14,0.88,75.0,75,12,16.71,7,1
13836,0.22,0.75,65.37,84,2,8.83,1,1
13837,0.34,0.12,85.51,70,1,8.65,5,1
13838,0.29,0.41,49.82,72,15,10.35,9,1
13839,0.17,0.71,18.99,83,10,6.66,8,1
13840,0.26,0.22,77.04,79,2,15.04,8,1
13841,0.05,0.82,92.03,86,14,19.12,5,1
13842,0.18,0.92,34.79,51,2,14.63,4,0
13843,0.1,0.42,78.52,66,18,13.0,2,1
13844,0.06,0.74,28.1,61,3,12.55,1,0
13845,0.15,0.23,94.32,28,4,13.89,2,1
13846,0.05,0.72,68.66,44,8,15.66,7,1
13847,0.25,0.12,57.36,82,6,16.92,6,1
13848,0.17,0.24,78.21,12,12,15.47,7,1
13849,0.19,0.74,81.51,83,17,15.58,3,1
13850,0.06,0.74,89.34,57,14,19.28,5,1
13851,0.06,0.68,90.21,26,11,18.49,3,1
13852,0.21,0.53,6.22,25,9,17.36,9,1
13853,0.34,0.71,13.17,92,16,5.65,8,1
13854,0.04,0.8,82.78,15,5,15.03,7,1
13855,0.11,0.97,94.66,74,10,11.82,6,1
13856,0.31,0.9,31.46,98,2,14.26,4,1
13857,0.03,0.82,1.85,77,5,15.29,4,0
13858,0.31,0.73,32.95,80,19,15.72,2,1
13859,0.19,0.62,38.9,53,11,18.04,6,0
13860,0.15,0.21,76.34,95,2,18.65,6,1
13861,0.12,0.25,5.71,65,1,14.1,2,1
13862,0.11,0.84,22.05,54,2,18.41,7,0
13863,0.11,0.82,89.5,87,12,16.47,4,1
13864,0.31,0.65,16.33,78,19,8.04,6,1
13865,0.26,0.49,76.17,39,8,5.53,6,1
13866,0.24,0.12,36.77,94,16,5.15,7,1
13867,0.28,0.39,66.6,51,13,13.8,3,1
13868,0.1,0.48,8.31,20,19,12.82,5,0
13869,0.22,0.54,29.37,64,7,15.45,5,1
13870,0.17,0.94,43.05,89,3,17.64,4,0
13871,0.28,0.2,85.86,11,0,7.47,7,1
13872,0.12,0.57,56.79,90,9,17.85,5,0
13873,0.23,0.43,5.48,52,12,6.47,3,1
13874,0.31,0.99,80.38,85,1,18.25,4,1
13875,0.15,0.88,6.4,54,4,17.76,2,0
13876,0.03,0.49,93.5,69,5,15.45,3,1
13877,0.19,1.0,21.96,7,0,9.5,5,0
13878,0.13,0.56,49.3,12,4,6.4,1,1
13879,0.24,0.25,8.16,2,14,16.67,4,1
13880,0.33,0.6,56.61,21,7,8.27,5,1
13881,0.18,0.3,50.23,96,17,11.61,5,0
13882,0.17,0.67,41.61,69,17,12.96,8,0
13883,0.23,0.94,4.52,91,3,15.28,3,1
13884,0.05,0.81,88.01,95,19,12.31,9,1
13885,0.1,0.35,80.46,76,19,15.42,4,1
13886,0.32,0.37,63.67,36,6,17.21,5,1
13887,0.24,0.16,57.65,21,7,15.7,2,1
13888,0.01,0.36,69.8,53,19,9.49,2,1
13889,0.08,0.18,15.26,19,12,18.41,9,1
13890,0.24,0.55,93.33,3,3,13.26,9,1
13891,0.27,0.74,29.18,60,17,11.98,2,1
13892,0.3,0.78,65.99,81,12,13.63,1,1
13893,0.11,0.15,61.07,94,13,12.25,1,1
13894,0.33,0.41,64.02,73,8,16.33,9,1
13895,0.2,0.36,88.02,34,11,11.31,5,1
13896,0.25,0.19,30.3,29,8,16.65,3,1
13897,0.21,0.43,75.15,74,0,16.4,1,1
13898,0.05,0.37,60.24,57,8,9.15,4,1
13899,0.34,0.67,8.53,73,6,6.44,3,1
13900,0.05,0.89,42.0,40,0,17.76,5,0
13901,0.1,0.51,83.96,50,1,7.53,8,1
13902,0.29,0.77,32.22,75,17,5.47,7,1
13903,0.22,0.23,48.74,19,7,11.03,5,1
13904,0.29,0.91,49.38,22,0,8.81,3,1
13905,0.19,0.24,62.18,51,2,8.31,5,1
13906,0.14,0.27,88.52,49,0,7.58,1,1
13907,0.32,0.2,18.18,52,19,16.24,3,1
13908,0.02,0.38,50.96,22,2,16.75,2,0
13909,0.3,0.6,43.0,62,7,5.7,1,1
13910,0.09,0.99,30.3,60,11,13.2,5,0
13911,0.3,0.81,92.04,80,6,7.03,1,1
13912,0.06,0.44,1.81,81,19,12.49,2,0
13913,0.21,0.62,13.09,7,0,10.22,1,1
13914,0.31,0.66,73.6,53,2,8.03,8,1
13915,0.17,0.84,27.08,31,11,19.22,8,0
13916,0.26,0.76,72.59,4,7,19.35,1,1
13917,0.28,0.61,83.39,93,8,13.46,7,1
13918,0.26,0.7,26.21,7,14,7.82,3,1
13919,0.32,0.77,20.0,94,10,13.75,3,1
13920,0.16,0.22,15.38,3,5,18.93,2,1
13921,0.07,0.28,20.81,25,4,10.67,2,1
13922,0.03,0.72,27.45,34,4,7.07,6,1
13923,0.09,0.87,87.01,33,15,15.41,5,1
13924,0.06,0.47,77.23,95,14,14.84,6,1
13925,0.2,0.98,1.18,88,10,5.02,3,1
13926,0.07,0.29,87.54,38,19,17.8,7,1
13927,0.02,0.48,8.8,4,16,14.91,4,0
13928,0.02,0.44,65.87,48,18,7.94,2,1
13929,0.29,0.94,16.0,74,16,5.05,7,1
13930,0.21,0.36,7.17,89,14,19.58,4,1
13931,0.13,0.52,76.22,61,12,16.32,1,1
13932,0.31,0.27,47.25,65,17,10.48,9,1
13933,0.03,0.57,60.31,81,15,11.49,1,1
13934,0.34,0.87,43.11,71,19,13.08,1,1
13935,0.22,0.37,7.65,78,0,15.78,7,1
13936,0.07,0.83,74.22,61,19,7.59,7,1
13937,0.24,0.92,82.21,1,12,7.94,9,1
13938,0.27,0.17,5.1,6,3,5.72,5,1
13939,0.16,0.78,38.2,74,11,19.79,2,0
13940,0.3,0.33,56.17,21,14,18.13,8,1
13941,0.06,0.26,60.91,67,19,13.29,3,1
13942,0.1,0.64,58.24,83,11,11.45,5,0
13943,0.04,0.74,69.6,28,18,8.56,6,1
13944,0.08,0.46,96.71,66,18,13.92,3,1
13945,0.09,0.14,39.67,27,14,15.36,6,1
13946,0.32,0.92,56.11,32,4,15.34,5,1
13947,0.04,0.76,70.21,12,10,5.1,7,1
13948,0.16,0.34,59.65,65,17,15.53,2,0
13949,0.19,0.55,39.29,46,9,18.0,8,0
13950,0.32,0.13,62.78,40,12,6.72,6,1
13951,0.35,0.41,65.36,93,18,16.33,1,1
13952,0.27,0.57,58.91,9,19,17.35,2,1
13953,0.34,0.57,21.31,82,14,9.14,3,1
13954,0.28,0.29,51.09,62,17,15.68,3,1
13955,0.34,0.8,88.55,16,7,6.45,3,1
13956,0.25,0.37,86.99,99,2,14.74,5,1
13957,0.04,0.62,75.33,68,10,12.65,9,1
13958,0.15,0.34,70.02,40,4,17.75,6,1
13959,0.23,0.48,16.17,35,11,11.78,9,1
13960,0.13,0.29,46.49,83,0,11.42,3,1
13961,0.1,0.67,11.98,60,5,19.01,9,0
13962,0.21,0.48,81.91,70,5,19.01,4,1
13963,0.33,0.11,29.81,95,11,5.54,7,1
13964,0.02,0.13,76.92,91,14,12.28,1,1
13965,0.27,0.52,81.64,3,3,7.41,3,1
13966,0.26,0.26,89.36,53,17,9.11,4,1
13967,0.34,0.63,75.63,59,11,14.99,8,1
13968,0.33,0.47,56.91,36,6,6.94,1,1
13969,0.27,0.69,60.22,66,4,5.17,7,1
13970,0.19,0.96,32.74,37,2,15.91,4,0
13971,0.08,0.58,18.52,79,4,14.62,3,0
13972,0.2,0.81,13.93,87,16,18.54,8,0
13973,0.27,0.78,19.02,44,5,13.13,5,1
13974,0.31,0.93,93.46,64,19,19.18,6,1
13975,0.28,0.29,17.28,51,1,14.14,2,1
13976,0.08,0.84,72.65,6,18,10.81,1,1
13977,0.21,0.91,19.28,97,14,14.13,7,1
13978,0.12,0.45,97.55,69,2,16.24,8,1
13979,0.01,0.38,37.29,21,0,10.21,3,0
13980,0.08,0.96,41.8,57,18,10.59,6,0
13981,0.05,0.66,41.05,28,6,14.45,1,0
13982,0.3,0.44,81.83,85,9,11.83,4,1
13983,0.1,0.81,22.61,24,8,12.9,2,0
13984,0.11,0.37,83.27,92,15,19.73,1,1
13985,0.34,0.26,66.05,75,14,5.66,3,1
13986,0.14,0.59,22.81,63,12,14.72,2,0
13987,0.01,0.61,7.48,22,7,18.84,5,0
13988,0.11,0.84,77.72,34,10,8.54,9,1
13989,0.05,0.51,22.68,37,0,8.18,8,0
13990,0.04,0.83,89.02,41,7,10.44,2,1
13991,0.04,0.38,13.85,81,11,6.11,7,1
13992,0.21,0.62,62.02,79,18,13.4,3,1
13993,0.07,0.29,69.52,93,5,14.68,6,1
13994,0.13,0.45,66.11,98,15,17.3,9,1
13995,0.3,0.87,32.29,43,13,5.99,3,1
13996,0.15,0.29,87.68,22,6,11.54,2,1
13997,0.32,0.83,77.21,91,2,16.76,2,1
13998,0.18,0.35,51.51,15,9,16.52,5,0
13999,0.15,0.13,60.73,21,0,6.1,6,1
14000,0.27,0.2,57.07,52,5,5.17,4,1
