Actual_Insolvency_Risk,Predicted_Insolvency_Risk,Probability_Insolvent,Probability_Safe
1,1,0.7969038437301044,0.20309615626989563
1,1,0.5698072386325301,0.43019276136746987
1,1,0.9261081953768068,0.07389180462319322
1,1,0.6726790212535987,0.3273209787464013
1,1,0.6397820026453572,0.36021799735464277
1,1,0.8640674658698039,0.13593253413019613
0,0,0.34649141883663154,0.6535085811633685
1,1,0.8906206513271857,0.10937934867281429
1,1,0.8831311033100239,0.11686889668997613
0,1,0.900282342283318,0.09971765771668195
1,1,0.8749797093297765,0.12502029067022347
1,1,0.8999901864958251,0.10000981350417493
1,1,0.8997982591410656,0.10020174085893441
0,0,0.3475692171881442,0.6524307828118558
1,1,0.6486072383360866,0.3513927616639134
1,1,0.9041795124777887,0.09582048752221128
1,1,0.9039566403595811,0.09604335964041888
0,1,0.8833693218918243,0.11663067810817573
0,0,0.47852997930415897,0.521470020695841
1,1,0.8764549267897512,0.12354507321024877
0,1,0.5123588452870302,0.48764115471296976
0,1,0.7024924966668014,0.29750750333319864
0,1,0.6635416120985758,0.33645838790142424
0,1,0.641621109839311,0.358378890160689
1,1,0.5239682015989886,0.4760317984010114
1,1,0.8991091319230099,0.1008908680769901
0,1,0.5983033288383753,0.40169667116162466
1,1,0.9021683400099022,0.0978316599900978
0,0,0.45172759724027717,0.5482724027597228
0,1,0.5708342080942022,0.42916579190579784
1,1,0.9117291152740881,0.08827088472591194
1,0,0.4039070814329465,0.5960929185670535
1,1,0.5091371721754528,0.49086282782454715
0,1,0.8746226122377403,0.1253773877622597
1,1,0.9187121811742796,0.08128781882572045
1,1,0.8837181327533365,0.11628186724666345
1,1,0.6924748141306644,0.30752518586933564
1,1,0.9165301328288593,0.08346986717114069
0,1,0.5615405289648803,0.43845947103511973
0,1,0.5833314239918306,0.4166685760081694
1,1,0.5063993742120646,0.4936006257879354
1,0,0.30992573263603695,0.690074267363963
0,1,0.8970321998485506,0.10296780015144935
0,0,0.4848265262714566,0.5151734737285434
1,1,0.5418217162423338,0.4581782837576662
1,1,0.9078811455573006,0.0921188544426994
0,1,0.5941508052579718,0.4058491947420282
1,1,0.5205987863529793,0.4794012136470207
1,1,0.8989435632088071,0.10105643679119292
0,1,0.7574662464727733,0.24253375352722673
0,1,0.5473256501593523,0.4526743498406477
1,1,0.9119654707906016,0.08803452920939836
1,1,0.519345049836006,0.48065495016399395
1,1,0.7603037178935786,0.23969628210642135
1,1,0.6456963588698613,0.3543036411301387
1,1,0.5035423820103202,0.4964576179896798
0,0,0.4834106398316755,0.5165893601683245
1,1,0.9184899018743996,0.0815100981256004
0,0,0.38356716640374217,0.6164328335962579
1,1,0.9220671010447945,0.0779328989552055
0,0,0.39103351375232603,0.608966486247674
1,1,0.8903069065143091,0.1096930934856909
1,1,0.8988720441955618,0.10112795580443823
1,1,0.8950023472543276,0.10499765274567241
1,1,0.5388847106899401,0.46111528931005985
0,0,0.4110888548486826,0.5889111451513174
1,1,0.7214979802723175,0.2785020197276825
0,1,0.8741508597950194,0.12584914020498061
0,1,0.5489186842849688,0.4510813157150312
1,1,0.8684088911027246,0.13159110889727543
0,1,0.8970267091804552,0.10297329081954476
1,1,0.7051598951178557,0.2948401048821443
1,1,0.9146456598965355,0.08535434010346454
0,0,0.4558830727553476,0.5441169272446524
1,1,0.9022295585304024,0.09777044146959757
0,1,0.5531245087886298,0.44687549121137016
0,1,0.8880677730531652,0.1119322269468348
1,1,0.9076696385770363,0.09233036142296369
1,1,0.523988447188497,0.476011552811503
1,1,0.7367910170150723,0.2632089829849277
1,0,0.48679646824166173,0.5132035317583383
1,1,0.585820359082093,0.41417964091790704
0,0,0.39573124207508314,0.6042687579249169
0,1,0.9067078149035842,0.09329218509641579
0,1,0.628299299013308,0.37170070098669195
0,1,0.5178667719670221,0.48213322803297787
1,1,0.51536747080756,0.48463252919244004
1,1,0.9163680097736742,0.08363199022632584
0,1,0.5545030065595457,0.44549699344045435
1,1,0.5754896103132613,0.4245103896867387
1,1,0.7876693583084543,0.2123306416915457
1,1,0.893377627596034,0.10662237240396599
1,1,0.7216101346313192,0.2783898653686808
1,1,0.8876075400262715,0.11239245997372849
0,1,0.5109851404590112,0.4890148595409888
0,0,0.31838028730731915,0.6816197126926808
0,0,0.4099796411784571,0.5900203588215429
1,1,0.5744963935639354,0.42550360643606455
1,1,0.5347675846951192,0.4652324153048808
1,1,0.8936306880878064,0.10636931191219356
1,1,0.8514984601676402,0.1485015398323598
1,1,0.8844402651394997,0.11555973486050031
1,1,0.9383928293264517,0.06160717067354826
1,0,0.39734312668900373,0.6026568733109963
1,1,0.8596605574430681,0.14033944255693187
1,1,0.7301675558760489,0.26983244412395113
0,0,0.4075932511110835,0.5924067488889164
0,1,0.5146130332332627,0.4853869667667373
0,0,0.4196578702951883,0.5803421297048117
1,0,0.451602257153992,0.5483977428460081
1,1,0.8740323015792288,0.12596769842077116
1,1,0.8590190074545745,0.1409809925454255
1,1,0.8844157081041978,0.11558429189580222
0,1,0.7756950014757968,0.22430499852420316
1,1,0.8984204955523155,0.10157950444768449
0,1,0.6259761013180296,0.3740238986819704
1,1,0.8954906786089855,0.10450932139101454
1,1,0.547486095208461,0.45251390479153897
0,1,0.8968570263577624,0.10314297364223757
1,1,0.9243467914470147,0.0756532085529853
1,1,0.7805679535528788,0.21943204644712122
1,1,0.8921953566846252,0.10780464331537476
1,1,0.8598534628564162,0.14014653714358383
1,1,0.8621569358019396,0.13784306419806036
1,1,0.8878060459078684,0.11219395409213162
0,1,0.6204354433899876,0.3795645566100124
1,1,0.6446563336323494,0.3553436663676506
0,0,0.41172303075128425,0.5882769692487158
0,0,0.42082200876733356,0.5791779912326664
1,1,0.8859012512470451,0.11409874875295489
1,1,0.8974937234638806,0.10250627653611943
1,0,0.48572984031112565,0.5142701596888744
1,1,0.9069290028860894,0.09307099711391065
1,1,0.5847401729045305,0.4152598270954695
1,1,0.9322909570829969,0.06770904291700308
1,0,0.3480558388537202,0.6519441611462797
1,1,0.5900167342599019,0.40998326574009814
1,1,0.8607751144095385,0.13922488559046153
1,1,0.9030891056328348,0.09691089436716516
1,1,0.576504890155803,0.423495109844197
0,1,0.7236292435073652,0.27637075649263476
1,1,0.9001450348886911,0.09985496511130887
0,1,0.5785517024530081,0.42144829754699187
0,1,0.9161143756892665,0.08388562431073354
1,1,0.8407140406182546,0.1592859593817454
1,1,0.9139448119607518,0.08605518803924816
0,0,0.3617745287635727,0.6382254712364273
1,1,0.9086628926882109,0.09133710731178912
1,1,0.8028923438790866,0.1971076561209134
1,1,0.904970829389658,0.095029170610342
0,1,0.6222799000178362,0.3777200999821638
1,1,0.6168655035394446,0.3831344964605554
1,1,0.9012137395694207,0.09878626043057925
1,1,0.8997379407691143,0.10026205923088571
1,1,0.8991443225342801,0.10085567746571988
1,1,0.5909474828745683,0.40905251712543167
1,0,0.3335549397311358,0.6664450602688642
1,1,0.7703509245775645,0.2296490754224355
1,1,0.767473299423114,0.23252670057688596
1,1,0.8898797483935544,0.11012025160644556
0,1,0.6581866337788953,0.3418133662211047
1,0,0.4898303491149901,0.5101696508850099
1,0,0.35424239886685926,0.6457576011331407
1,1,0.5493334403873329,0.4506665596126671
1,1,0.5410690566149001,0.4589309433850999
1,1,0.9079974167414259,0.09200258325857413
1,1,0.8933169578346316,0.10668304216536839
1,1,0.908963447755002,0.09103655224499796
1,1,0.8914864444493338,0.10851355555066622
0,1,0.6163172029979883,0.3836827970020117
1,1,0.8971228234208032,0.10287717657919682
1,1,0.8885946153413613,0.1114053846586387
1,1,0.8901528681269726,0.10984713187302741
1,0,0.4787014597668053,0.5212985402331947
0,0,0.468511737918498,0.531488262081502
0,1,0.5657963577193122,0.43420364228068775
1,1,0.7803201463128903,0.21967985368710974
1,1,0.8477211852913747,0.15227881470862525
0,0,0.4911713306190564,0.5088286693809436
0,0,0.3452366632188389,0.6547633367811612
0,0,0.39608274730312004,0.6039172526968799
1,0,0.3710036404871193,0.6289963595128807
1,1,0.8735578918708657,0.12644210812913426
0,1,0.870232312063676,0.12976768793632398
0,0,0.495506589374795,0.504493410625205
1,1,0.9089607284115352,0.09103927158846481
1,1,0.8776880023896536,0.12231199761034639
1,0,0.48423899644697366,0.5157610035530263
1,1,0.639347612836443,0.36065238716355696
1,1,0.8931906552971319,0.10680934470286807
1,1,0.6703841726423074,0.32961582735769257
1,1,0.8838769196239902,0.11612308037600982
1,0,0.4551787393099057,0.5448212606900943
1,1,0.6045285446568258,0.3954714553431742
1,1,0.9157143247144507,0.08428567528554931
1,1,0.9382037498323065,0.06179625016769352
1,1,0.8592152210405283,0.14078477895947172
1,1,0.9072622611522566,0.09273773884774339
1,1,0.8957566341646491,0.10424336583535088
0,1,0.659268567256591,0.340731432743409
1,0,0.45459547392228356,0.5454045260777165
1,1,0.9179604791747956,0.08203952082520438
1,1,0.9130121538779681,0.08698784612203192
1,1,0.5732119947982987,0.42678800520170135
1,1,0.9067495216244067,0.0932504783755933
1,1,0.8894233420997447,0.11057665790025528
1,1,0.5277996943432183,0.4722003056567817
1,1,0.8981516915602095,0.10184830843979054
1,1,0.9090681911933614,0.09093180880663865
1,1,0.949044825515497,0.05095517448450304
1,1,0.891297607047032,0.10870239295296802
0,0,0.4301793421210695,0.5698206578789304
1,1,0.6621842719186638,0.3378157280813362
1,0,0.4833820504046773,0.5166179495953227
1,1,0.928664758136273,0.07133524186372697
1,1,0.9096219580782192,0.09037804192178078
0,1,0.538200865099961,0.461799134900039
1,1,0.6203047151370519,0.3796952848629481
1,1,0.8820700991760527,0.11792990082394728
1,1,0.6391987018640688,0.3608012981359312
0,1,0.6165292840581155,0.38347071594188453
1,1,0.8922693471131796,0.10773065288682038
1,1,0.6517596834740569,0.3482403165259431
1,1,0.9047306674204959,0.0952693325795041
1,1,0.9102338653078761,0.08976613469212391
1,1,0.8918989107842886,0.10810108921571138
1,1,0.670852578634842,0.32914742136515796
1,1,0.8743796068817338,0.12562039311826623
1,0,0.44817957397960234,0.5518204260203976
1,1,0.568260317121326,0.43173968287867404
1,1,0.5240848109823274,0.4759151890176726
1,1,0.6320062720859863,0.36799372791401375
0,1,0.5026391206950597,0.49736087930494033
1,1,0.8907543640493046,0.10924563595069536
0,1,0.8953511168247957,0.10464888317520427
1,1,0.86657111692332,0.13342888307668
1,1,0.8868259323229186,0.11317406767708138
0,1,0.7637858521411881,0.2362141478588119
1,0,0.33203832003293265,0.6679616799670673
1,1,0.8908926662098942,0.10910733379010584
1,1,0.9059567238742602,0.09404327612573982
1,1,0.8957119349836411,0.1042880650163589
0,0,0.4424997947178398,0.5575002052821603
1,1,0.890145649358323,0.10985435064167703
1,0,0.33493687785563825,0.6650631221443617
1,1,0.9231654229236513,0.07683457707634866
1,1,0.8320881281805659,0.16791187181943412
0,0,0.3164530436967497,0.6835469563032504
0,1,0.5322211966961383,0.4677788033038617
0,0,0.46842086607699107,0.5315791339230089
0,1,0.5025954713545758,0.49740452864542417
1,1,0.9237719743143539,0.07622802568564613
1,1,0.9008225720958175,0.09917742790418249
1,1,0.5493299742598178,0.4506700257401822
0,1,0.8808188009539937,0.11918119904600633
1,1,0.7999036837883086,0.20009631621169144
1,1,0.8808379489455694,0.11916205105443056
1,1,0.6411969770343199,0.3588030229656801
0,0,0.47097412752732826,0.5290258724726717
1,1,0.6878870519866458,0.3121129480133542
1,1,0.8866726147010591,0.11332738529894093
1,1,0.923750042795808,0.07624995720419203
1,1,0.9062444921685664,0.0937555078314336
1,1,0.5186004790956759,0.48139952090432414
1,1,0.769139324479661,0.23086067552033895
1,1,0.5204929521626411,0.47950704783735887
0,1,0.8951519940510544,0.10484800594894561
1,1,0.9030411236312268,0.0969588763687732
1,1,0.6662236059719664,0.3337763940280336
0,1,0.8104078405714731,0.18959215942852692
1,1,0.8730621756203762,0.12693782437962375
1,1,0.8998523205305272,0.10014767946947278
0,1,0.8019725014689736,0.1980274985310264
1,1,0.8802100320174927,0.1197899679825073
1,1,0.5463687569983878,0.45363124300161217
1,1,0.937161170311539,0.062838829688461
1,1,0.901763928594574,0.098236071405426
1,1,0.8847698337972041,0.11523016620279591
1,1,0.8996589003636555,0.10034109963634452
0,0,0.4959975922425214,0.5040024077574786
0,1,0.5709907188949795,0.42900928110502046
1,1,0.8827525961730807,0.11724740382691934
1,1,0.8936573975958533,0.10634260240414672
1,1,0.891955201293669,0.10804479870633099
1,1,0.6795881084806833,0.3204118915193167
0,1,0.5812237842099419,0.4187762157900581
0,0,0.3081225977314038,0.6918774022685962
0,1,0.8682815246513559,0.13171847534864412
1,1,0.8769151022019032,0.12308489779809684
0,1,0.7614309169292993,0.23856908307070068
1,1,0.5635186900633189,0.4364813099366811
0,1,0.5255955207205031,0.4744044792794969
1,1,0.9205864589627806,0.07941354103721943
0,0,0.41297679502571844,0.5870232049742816
0,1,0.5228169588163132,0.4771830411836868
0,1,0.5159812297638584,0.4840187702361416
0,0,0.3784682929514343,0.6215317070485658
0,1,0.6835963294627085,0.31640367053729146
0,0,0.4978954090426589,0.5021045909573412
1,1,0.5341248619577966,0.4658751380422034
0,1,0.6002471387366821,0.3997528612633179
0,1,0.686696448333098,0.31330355166690205
1,1,0.9004851580005521,0.09951484199944793
1,1,0.8988723443599174,0.10112765564008264
0,1,0.6072348093639734,0.39276519063602655
1,0,0.4515064449810995,0.5484935550189005
1,1,0.9002842953617743,0.09971570463822566
1,1,0.8739014975440098,0.1260985024559902
1,1,0.9059620569163994,0.09403794308360058
1,1,0.8976009872505459,0.10239901274945407
0,0,0.37643986443014216,0.6235601355698579
0,1,0.9099471521551927,0.09005284784480727
1,1,0.8496296602187867,0.15037033978121328
1,1,0.8687532766045417,0.1312467233954583
1,0,0.4695711059105521,0.5304288940894479
1,1,0.540311690772852,0.459688309227148
0,1,0.5070242053047626,0.49297579469523745
1,1,0.9036979609346166,0.09630203906538337
1,1,0.8666867631106946,0.1333132368893054
1,1,0.8931023737752923,0.10689762622470766
1,0,0.40885778240262366,0.5911422175973764
0,0,0.3423614242186581,0.6576385757813419
1,1,0.9142239169315053,0.08577608306849471
1,1,0.9218030229435226,0.07819697705647743
1,1,0.8834781092022835,0.11652189079771647
1,1,0.51205208823758,0.48794791176242003
0,0,0.4323728729644147,0.5676271270355853
1,1,0.8717574948133752,0.12824250518662483
1,1,0.6378477565357079,0.3621522434642921
0,1,0.6722467554415755,0.3277532445584245
1,1,0.6434784170022418,0.35652158299775816
1,1,0.5763289570915247,0.42367104290847535
1,1,0.6700319612415988,0.3299680387584012
1,1,0.5136666841322597,0.4863333158677403
1,1,0.5542605105647794,0.44573948943522057
1,1,0.8811596687826202,0.1188403312173798
1,1,0.5897487395497911,0.4102512604502089
1,1,0.8989548339879484,0.1010451660120516
1,1,0.9027229173033757,0.09727708269662427
1,1,0.9006760061050081,0.09932399389499191
1,1,0.895214829410256,0.10478517058974401
1,1,0.9515542356467738,0.04844576435322623
1,1,0.874743534394729,0.12525646560527104
1,1,0.8739931185903659,0.12600688140963412
1,1,0.832283231283117,0.167716768716883
0,0,0.3387028785374582,0.6612971214625418
0,1,0.5726169665937574,0.4273830334062426
1,1,0.6114917777237531,0.38850822227624693
0,1,0.5440345715354673,0.4559654284645327
1,1,0.6621228041421042,0.3378771958578958
1,1,0.6770386316531848,0.3229613683468152
1,1,0.8824906532198994,0.11750934678010061
1,1,0.7327985903366856,0.2672014096633144
1,1,0.5128367655856797,0.4871632344143203
1,1,0.8551980801193529,0.14480191988064706
1,1,0.5592875029159576,0.44071249708404237
1,1,0.8901654594856129,0.10983454051438712
1,1,0.897449836529201,0.10255016347079904
1,1,0.9136347153453502,0.08636528465464977
0,1,0.5553200255996197,0.4446799744003803
0,0,0.4453980515242426,0.5546019484757574
0,1,0.9099111659664572,0.09008883403354284
1,0,0.49791376631106266,0.5020862336889373
0,1,0.5785226094324424,0.4214773905675576
1,1,0.605513042650605,0.394486957349395
1,1,0.5289356345093805,0.4710643654906195
1,1,0.9098464661602786,0.09015353383972136
0,0,0.4832874213825098,0.5167125786174902
1,1,0.8850395569858072,0.11496044301419284
1,1,0.9049681706277923,0.09503182937220767
1,1,0.9015565438764,0.09844345612359995
1,1,0.9380562289149447,0.06194377108505533
0,0,0.4868849252224005,0.5131150747775994
1,1,0.711690922891841,0.288309077108159
0,1,0.6950683789214064,0.3049316210785936
0,0,0.39512409746647803,0.604875902533522
1,1,0.8653768021059842,0.13462319789401578
0,1,0.8969556983199483,0.10304430168005174
1,1,0.8709689645755824,0.12903103542441763
0,0,0.4125224291770354,0.5874775708229646
0,1,0.5763490163594127,0.4236509836405873
1,1,0.6881378814537051,0.31186211854629486
1,1,0.9127324798323052,0.08726752016769479
1,1,0.6371922225457297,0.3628077774542703
1,1,0.8948442666856049,0.1051557333143951
0,1,0.5070591970293731,0.4929408029706269
1,1,0.9162114379540882,0.08378856204591179
1,1,0.8882045396310579,0.11179546036894206
1,1,0.8888786150613546,0.11112138493864543
1,1,0.9163311712430302,0.08366882875696979
0,1,0.9042223212042225,0.09577767879577748
0,1,0.9158009026164826,0.08419909738351739
1,0,0.43535577420875604,0.564644225791244
0,0,0.36102845820088336,0.6389715417991166
1,1,0.6206247689776269,0.37937523102237314
1,1,0.537458197872281,0.462541802127719
0,1,0.8850886227719922,0.11491137722800782
1,1,0.8890622014194904,0.11093779858050956
1,1,0.8252320053999614,0.17476799460003856
1,1,0.9133325070053924,0.08666749299460763
1,1,0.8474121654158123,0.15258783458418768
1,1,0.6016866511841574,0.39831334881584257
1,1,0.8850885185867365,0.11491148141326346
1,1,0.8273754317285783,0.1726245682714217
1,1,0.8925007505080529,0.10749924949194711
1,0,0.4890808138328424,0.5109191861671576
1,1,0.8668925912585521,0.13310740874144789
0,0,0.33785758542063626,0.6621424145793637
1,1,0.8931595438811367,0.10684045611886328
0,1,0.7425242627868222,0.25747573721317785
0,1,0.5190359340238729,0.48096406597612706
1,1,0.5894348981579879,0.4105651018420121
1,0,0.4634046237337072,0.5365953762662927
0,1,0.8618284533893883,0.1381715466106117
1,1,0.6857571547799317,0.3142428452200683
0,0,0.4092747630256009,0.5907252369743992
1,1,0.8465658023173025,0.1534341976826975
1,1,0.5003987425624812,0.4996012574375188
1,1,0.8940373364124211,0.10596266358757889
1,1,0.8922251853634625,0.10777481463653749
0,0,0.49908652373786067,0.5009134762621393
1,1,0.856296670644238,0.14370332935576202
1,1,0.8997592007906403,0.10024079920935969
1,0,0.4430434886627387,0.5569565113372613
0,1,0.5223026157860079,0.4776973842139921
0,1,0.6237425215580554,0.37625747844194457
1,1,0.6384892485793109,0.3615107514206891
1,1,0.7323793809039977,0.2676206190960023
1,0,0.4521823175171946,0.5478176824828054
1,0,0.40850386460955274,0.5914961353904473
1,1,0.5229113441523497,0.47708865584765026
1,1,0.6479222054470288,0.35207779455297117
1,1,0.9303335409793173,0.06966645902068269
0,1,0.6596446821513464,0.3403553178486536
1,1,0.6201801541624693,0.3798198458375307
0,1,0.948065064224798,0.05193493577520203
0,1,0.7379319750261867,0.2620680249738133
1,1,0.864606706590461,0.13539329340953898
0,0,0.3501915572230556,0.6498084427769444
1,1,0.7481508045017434,0.2518491954982566
0,1,0.5736135939555932,0.4263864060444068
1,1,0.9364924975813373,0.06350750241866265
1,1,0.8963033848245983,0.10369661517540174
0,1,0.5211710839412819,0.47882891605871813
0,0,0.4653694012341239,0.5346305987658762
1,1,0.837072056971059,0.16292794302894098
1,1,0.7661982848870477,0.23380171511295234
1,1,0.9091389319719493,0.09086106802805072
1,1,0.6336370762306157,0.3663629237693843
0,0,0.44163090983296144,0.5583690901670386
1,1,0.5909110565303604,0.40908894346963964
1,1,0.5924225658278862,0.4075774341721138
1,1,0.8711486057213672,0.1288513942786328
0,0,0.38478948365903437,0.6152105163409656
1,1,0.8800264020425881,0.11997359795741191
1,0,0.43609140755963105,0.563908592440369
0,1,0.8816273470446528,0.11837265295534716
1,1,0.9046996138044777,0.09530038619552228
1,1,0.9106033353265702,0.08939666467342977
0,0,0.48726662900794354,0.5127333709920565
1,1,0.6858015453775281,0.31419845462247187
1,1,0.9105651310044931,0.0894348689955069
0,0,0.45006989816910253,0.5499301018308975
0,1,0.5397146383567383,0.4602853616432617
0,0,0.32143489738924574,0.6785651026107542
1,1,0.8995161361237006,0.10048386387629937
1,1,0.9074761319749555,0.09252386802504453
1,0,0.4027835214251008,0.5972164785748992
1,1,0.7448775791051455,0.2551224208948545
1,0,0.4179810040697438,0.5820189959302562
1,1,0.7737842370834609,0.2262157629165391
1,1,0.901113487461447,0.09888651253855296
0,0,0.2916219439422156,0.7083780560577844
1,0,0.45497366162931385,0.5450263383706861
0,1,0.6135338516046176,0.3864661483953824
0,1,0.5089525985408291,0.4910474014591709
1,0,0.49530639726794273,0.5046936027320572
1,0,0.4287410474233067,0.5712589525766933
1,1,0.8835532749661771,0.11644672503382292
1,1,0.8813744845707074,0.11862551542929256
0,1,0.8805166566161363,0.11948334338386368
1,1,0.8273956490394103,0.17260435096058968
1,1,0.9300162184970491,0.06998378150295093
1,1,0.8095746184987,0.19042538150129995
1,1,0.8835935019524214,0.11640649804757863
0,1,0.6196866311026753,0.3803133688973247
1,1,0.8944998969601121,0.10550010303988788
1,1,0.8891575803025482,0.11084241969745179
0,1,0.5137957977534994,0.4862042022465006
1,1,0.7419183382231948,0.25808166177680525
1,1,0.5760434310927339,0.4239565689072661
1,1,0.8907184633455111,0.10928153665448892
1,1,0.8638176754824329,0.13618232451756707
1,1,0.7425768908670741,0.2574231091329259
0,1,0.8408875212852109,0.15911247871478906
1,1,0.893318015899331,0.10668198410066898
0,1,0.8769500570947502,0.12304994290524984
0,1,0.9022234618504874,0.09777653814951259
1,1,0.8833588521641151,0.11664114783588486
1,1,0.6986151182610703,0.30138488173892974
1,1,0.9391084031240398,0.06089159687596024
1,1,0.5943339671634965,0.4056660328365035
1,1,0.6890782849811204,0.31092171501887955
1,1,0.9360396181553002,0.06396038184469977
1,1,0.8971174149595911,0.10288258504040892
1,1,0.5574840225447961,0.4425159774552039
0,1,0.5402609576431603,0.4597390423568397
0,1,0.6025097635689808,0.3974902364310192
1,0,0.44188945671924484,0.5581105432807552
1,1,0.5064841410647986,0.49351585893520145
0,1,0.8878006583528952,0.11219934164710477
0,1,0.6093714889408014,0.3906285110591986
1,1,0.5801798988190797,0.4198201011809203
1,1,0.5344208084035372,0.46557919159646277
1,1,0.9003502209794845,0.09964977902051553
1,1,0.836002002042263,0.16399799795773695
1,1,0.9118178809500157,0.0881821190499843
1,1,0.9023027063123569,0.09769729368764313
0,1,0.6371371629547675,0.3628628370452325
1,1,0.9094894698522746,0.09051053014772537
1,1,0.9082167389635577,0.0917832610364423
0,1,0.500054791352258,0.49994520864774195
1,0,0.32229240261406794,0.6777075973859321
0,1,0.5025346251786651,0.4974653748213349
1,0,0.40159250022477894,0.5984074997752211
0,1,0.5451856109670007,0.4548143890329993
1,1,0.9034731372504762,0.09652686274952382
1,1,0.8338933024731061,0.1661066975268939
1,1,0.8863265775023541,0.11367342249764589
0,1,0.9174378789044947,0.08256212109550531
0,1,0.8325653293328373,0.16743467066716267
1,1,0.7197629961497689,0.2802370038502311
0,0,0.4378112919879279,0.5621887080120721
1,1,0.9221584362736333,0.07784156372636675
0,1,0.5563818997448263,0.4436181002551737
1,0,0.42170636433603087,0.5782936356639692
0,1,0.6725841685396502,0.3274158314603498
1,0,0.48065135326012254,0.5193486467398775
1,1,0.8337931618385945,0.16620683816140547
1,1,0.6076510019016166,0.3923489980983834
1,1,0.5287869168033589,0.4712130831966411
0,1,0.6707832536713411,0.32921674632865894
1,1,0.8794309391256692,0.12056906087433084
1,1,0.8640251962948714,0.1359748037051286
1,1,0.5988597059639805,0.4011402940360195
1,1,0.7152562459432384,0.28474375405676156
1,0,0.49166671917271726,0.5083332808272827
1,1,0.8966119411480881,0.10338805885191193
1,1,0.6270708014635659,0.37292919853643414
0,1,0.6020809885274461,0.39791901147255393
1,1,0.755622952877027,0.24437704712297303
0,0,0.44557797160055557,0.5544220283994444
0,0,0.42822487640506296,0.5717751235949371
1,1,0.8884877675873302,0.11151223241266983
0,1,0.7015737194549198,0.29842628054508025
1,1,0.6201194126989465,0.37988058730105345
0,0,0.4268679656581816,0.5731320343418185
1,1,0.6269937421731209,0.37300625782687913
0,1,0.6077186891741434,0.3922813108258566
1,1,0.8803726836842736,0.11962731631572643
1,1,0.708824028238313,0.29117597176168697
1,1,0.8949366293414356,0.10506337065856441
1,1,0.8999966111347469,0.10000338886525306
1,1,0.7332035306274511,0.26679646937254886
0,0,0.4517571084282891,0.5482428915717109
0,1,0.5806252015300302,0.41937479846996983
1,1,0.8971531903948263,0.10284680960517367
1,1,0.9068558273335614,0.0931441726664386
1,1,0.8592502283751713,0.1407497716248287
1,1,0.8945839685665374,0.10541603143346256
0,0,0.4955534667178812,0.5044465332821189
1,1,0.9018858119839473,0.09811418801605265
1,1,0.5221105855402374,0.47788941445976263
1,1,0.8450287192789343,0.1549712807210657
1,1,0.9236157980934147,0.07638420190658535
0,1,0.5403307314191544,0.45966926858084556
1,1,0.8837962912413762,0.11620370875862385
0,1,0.6302957071294801,0.36970429287051987
1,1,0.7523220734665599,0.24767792653344012
1,1,0.9110878536997841,0.08891214630021593
1,1,0.8844045876710456,0.11559541232895443
1,1,0.6560950007265911,0.3439049992734089
1,1,0.8946549306575474,0.10534506934245258
0,1,0.6565573618966085,0.3434426381033915
1,1,0.8941209506684296,0.10587904933157044
0,0,0.3808414967147147,0.6191585032852853
1,1,0.8927118372527374,0.1072881627472626
1,1,0.8493326599446595,0.15066734005534055
1,1,0.9065081521021613,0.09349184789783871
0,1,0.8889044440925349,0.11109555590746512
1,1,0.9254669473164168,0.07453305268358323
0,1,0.522445884181951,0.47755411581804896
1,1,0.8931718680901027,0.10682813190989726
1,1,0.7209840166071703,0.27901598339282974
1,1,0.9457278252646232,0.05427217473537682
1,1,0.8805671051253395,0.11943289487466047
1,1,0.5319868279786951,0.4680131720213049
1,0,0.4369143233755141,0.5630856766244858
0,0,0.40834717188187003,0.5916528281181299
1,1,0.9009655474010078,0.09903445259899224
1,0,0.32871075815827033,0.6712892418417297
1,1,0.8962753775825685,0.10372462241743152
0,1,0.5232275734059946,0.4767724265940054
1,1,0.9343624228573295,0.06563757714267049
1,1,0.923086358245786,0.076913641754214
1,1,0.9073061228080147,0.0926938771919853
1,1,0.924659108658891,0.075340891341109
1,1,0.8196383634170422,0.18036163658295779
0,1,0.6059750204926112,0.3940249795073888
1,1,0.9006379216295557,0.0993620783704443
0,1,0.633392923132902,0.36660707686709804
1,1,0.9338328116802165,0.06616718831978352
0,0,0.3234388314064837,0.6765611685935162
0,1,0.6549054106934649,0.34509458930653514
1,1,0.8987083728655013,0.10129162713449869
1,1,0.8946610680981668,0.10533893190183319
1,1,0.539776389819798,0.46022361018020197
0,0,0.4022990268973159,0.5977009731026841
1,1,0.8931712811179774,0.10682871888202261
1,1,0.9138362482141974,0.0861637517858026
0,1,0.5113156851059709,0.4886843148940291
1,1,0.5617179437730818,0.4382820562269182
0,1,0.6309237508897617,0.3690762491102383
1,1,0.9086486757614328,0.09135132423856718
1,1,0.8719397170802874,0.1280602829197126
1,1,0.8990198008372181,0.10098019916278189
0,1,0.5777266434130469,0.4222733565869531
0,0,0.37511957592128137,0.6248804240787187
0,1,0.5959775415888638,0.40402245841113615
1,1,0.9211991793784815,0.0788008206215185
1,1,0.7354446759817242,0.26455532401827575
0,0,0.22782853487740862,0.7721714651225914
0,0,0.436811701188718,0.563188298811282
0,1,0.7673633212332698,0.23263667876673022
1,1,0.8926167476870677,0.10738325231293233
0,0,0.38701903081287914,0.6129809691871209
1,1,0.8915740254638086,0.1084259745361914
1,1,0.505047686752982,0.49495231324701805
0,0,0.4421942566503215,0.5578057433496785
1,1,0.9034452762851989,0.09655472371480112
0,1,0.6036685088258321,0.3963314911741679
0,1,0.6640749474648997,0.3359250525351003
0,0,0.41430063131752604,0.585699368682474
1,1,0.678271378043768,0.321728621956232
1,1,0.8624629074368712,0.13753709256312885
1,1,0.8678236281337067,0.13217637186629327
1,1,0.9189384227380788,0.0810615772619212
1,1,0.9031879786511067,0.09681202134889333
0,1,0.5114039840888283,0.48859601591117174
1,1,0.5449389858157065,0.45506101418429346
1,1,0.7334391688566201,0.2665608311433799
1,1,0.5825908928862474,0.41740910711375256
0,1,0.7231882222659617,0.2768117777340383
0,1,0.5636911549860302,0.4363088450139698
0,0,0.44665197537948986,0.5533480246205101
1,1,0.903322595196139,0.096677404803861
1,1,0.9247969124041906,0.0752030875958094
1,1,0.9202654352691811,0.07973456473081886
1,1,0.5785195570782927,0.4214804429217073
1,1,0.6453724549404519,0.3546275450595481
1,1,0.9269659387472864,0.07303406125271361
1,1,0.8877997393132208,0.11220026068677924
0,1,0.8219775011476586,0.17802249885234145
0,1,0.88618056034518,0.11381943965482
1,1,0.8321346401216605,0.1678653598783395
1,1,0.7316379407688465,0.2683620592311535
0,0,0.3958664815090625,0.6041335184909375
1,1,0.9035308030026085,0.09646919699739154
0,1,0.509402583025193,0.49059741697480697
1,1,0.7981395439296753,0.20186045607032466
1,0,0.40797524392292644,0.5920247560770735
1,0,0.3806983006247776,0.6193016993752224
0,1,0.5100246826015604,0.4899753173984396
1,1,0.6546474294081941,0.3453525705918059
1,1,0.8362574986633938,0.16374250133660617
0,1,0.6374594856965894,0.3625405143034106
1,1,0.8983021007217953,0.10169789927820472
0,1,0.8946996584316605,0.10530034156833945
1,0,0.40378335521788755,0.5962166447821124
1,1,0.88139311672336,0.11860688327664004
1,1,0.6720910551591204,0.3279089448408796
1,1,0.917325763012426,0.08267423698757403
0,1,0.5086575894030283,0.4913424105969717
1,1,0.9438123557001414,0.05618764429985856
1,1,0.8944927991371561,0.10550720086284393
0,0,0.4534423079079968,0.5465576920920032
1,1,0.8997064602027736,0.10029353979722644
0,1,0.5767224758257251,0.4232775241742749
0,1,0.6333244267195492,0.36667557328045075
1,1,0.9101125843470464,0.08988741565295355
0,1,0.5332607738635426,0.46673922613645735
1,1,0.8608766990801664,0.1391233009198336
0,1,0.8951578324073439,0.10484216759265608
1,0,0.37732540941877585,0.6226745905812241
0,0,0.450164695649086,0.549835304350914
1,1,0.8519477555072243,0.14805224449277565
1,1,0.576044353208838,0.42395564679116204
1,0,0.35621373784703936,0.6437862621529606
1,1,0.7868665708141622,0.21313342918583777
1,1,0.8805328716195799,0.11946712838042006
1,1,0.6672249546563364,0.33277504534366364
1,1,0.8826828029341824,0.11731719706581756
1,1,0.6346062244672669,0.3653937755327331
1,1,0.9068481633248586,0.09315183667514138
1,1,0.539553025439574,0.46044697456042605
1,1,0.8827133255898459,0.11728667441015406
1,1,0.894761879162588,0.10523812083741202
1,1,0.9190035948823821,0.08099640511761785
1,1,0.8853747473649038,0.11462525263509615
1,1,0.90160812067415,0.09839187932585003
0,0,0.38555578510529165,0.6144442148947084
1,1,0.9097074756426067,0.09029252435739332
0,1,0.7138629887128299,0.28613701128717006
1,1,0.8009304539943317,0.19906954600566829
1,1,0.5502091268899394,0.4497908731100606
1,1,0.9088309898484902,0.0911690101515098
1,1,0.597131101789671,0.402868898210329
1,1,0.8969730121260459,0.10302698787395415
1,1,0.9188154778031229,0.0811845221968771
1,0,0.3834051204888285,0.6165948795111715
1,1,0.8956550393367875,0.10434496066321253
1,1,0.6062528498675064,0.3937471501324936
0,1,0.6103741045135169,0.3896258954864831
0,0,0.4353181938880836,0.5646818061119163
1,1,0.8851306256038486,0.11486937439615141
0,1,0.745152645664707,0.25484735433529304
1,1,0.8858862204114254,0.1141137795885746
1,1,0.5045131763155035,0.4954868236844965
1,1,0.6258480205275663,0.3741519794724337
1,1,0.8661529345396671,0.13384706546033287
1,1,0.9289655127796946,0.07103448722030536
1,1,0.8919300887913042,0.1080699112086958
1,1,0.9139160103422433,0.08608398965775665
0,1,0.6123935801679904,0.3876064198320096
0,1,0.5033077955162559,0.49669220448374407
1,1,0.891360727166916,0.10863927283308406
1,1,0.8978543314436935,0.10214566855630647
1,0,0.49610015578321626,0.5038998442167837
1,1,0.567064147029942,0.432935852970058
1,1,0.9221232373508775,0.07787676264912247
1,1,0.8809692608030598,0.11903073919694018
1,1,0.576511669616944,0.423488330383056
1,1,0.6336787692312326,0.36632123076876744
1,1,0.906371799823898,0.09362820017610196
1,1,0.9275554329108397,0.07244456708916025
1,1,0.9050467424882831,0.0949532575117169
1,0,0.47158398613141306,0.5284160138685869
1,1,0.9212378754440715,0.07876212455592846
1,1,0.8547072163921656,0.14529278360783437
1,1,0.8591593633615704,0.1408406366384296
0,0,0.4314279266048207,0.5685720733951793
1,1,0.8428424198054314,0.1571575801945686
1,0,0.45175841020050145,0.5482415897994986
1,1,0.899076695925326,0.10092330407467398
1,1,0.8970021047236816,0.10299789527631842
0,0,0.3057534356554283,0.6942465643445717
0,1,0.8860032450057167,0.1139967549942833
1,1,0.9304235722492906,0.06957642775070938
1,1,0.8904267475998616,0.10957325240013838
0,0,0.3694896087311865,0.6305103912688135
1,1,0.8962464845753388,0.10375351542466116
1,1,0.6151103381465822,0.3848896618534178
1,1,0.9056724126840123,0.09432758731598767
1,1,0.947727060362079,0.05227293963792101
1,1,0.8985489213831012,0.10145107861689884
1,1,0.9045969280464967,0.09540307195350328
1,1,0.549399594377108,0.45060040562289205
0,0,0.315653321202157,0.6843466787978429
1,0,0.4039404469180198,0.5960595530819802
0,0,0.3851478807689939,0.6148521192310061
0,0,0.455521822005861,0.544478177994139
1,1,0.5785301088290744,0.4214698911709256
1,1,0.943711961595677,0.05628803840432295
1,1,0.872816368958723,0.12718363104127695
1,1,0.9227193494333623,0.07728065056663769
1,1,0.7529064058918338,0.24709359410816623
0,1,0.6736725954208003,0.32632740457919973
1,1,0.661589256499299,0.338410743500701
1,1,0.6039979783409153,0.3960020216590847
1,1,0.8965043906500187,0.10349560934998125
1,1,0.881879685670316,0.11812031432968395
0,1,0.5413339400464775,0.4586660599535225
1,1,0.8933620299786278,0.10663797002137221
0,0,0.41856024828276023,0.5814397517172398
1,1,0.9197576166121564,0.08024238338784362
1,1,0.8985978649379582,0.10140213506204176
1,1,0.7353766601115435,0.26462333988845654
1,1,0.9022353889172694,0.0977646110827306
1,1,0.9114359573500048,0.08856404264999518
1,1,0.9386294254098965,0.06137057459010353
1,1,0.5603385633799963,0.4396614366200037
1,1,0.8630518669811338,0.1369481330188662
1,1,0.8970666793401235,0.10293332065987648
1,1,0.9007736917238061,0.09922630827619394
1,1,0.9266923728618759,0.07330762713812411
1,1,0.537256218853803,0.46274378114619696
0,0,0.4330510054914233,0.5669489945085767
1,1,0.5737658721689476,0.4262341278310524
1,1,0.871142625812284,0.12885737418771603
1,0,0.42956937327368716,0.5704306267263128
1,1,0.908349264211789,0.09165073578821104
1,1,0.8773533094711676,0.12264669052883237
1,1,0.9042819400123171,0.0957180599876829
0,0,0.4629571837433251,0.5370428162566749
0,1,0.8971064653615464,0.10289353463845363
1,1,0.9116810537193245,0.08831894628067549
1,1,0.5555154800265167,0.44448451997348326
1,1,0.9125427182668847,0.08745728173311529
1,1,0.7618321243210004,0.23816787567899955
1,1,0.8952339250245391,0.10476607497546087
1,1,0.6317361670581915,0.36826383294180853
0,1,0.880752405268293,0.11924759473170699
0,1,0.6346139922009747,0.3653860077990253
1,1,0.8831136878582582,0.11688631214174183
1,1,0.7948986317132511,0.20510136828674885
1,1,0.714517892803827,0.28548210719617295
0,0,0.4695136618655651,0.5304863381344349
0,1,0.9381504171857022,0.061849582814297754
0,0,0.4481355973821436,0.5518644026178564
0,0,0.35296536752684504,0.647034632473155
1,1,0.8985615163240367,0.10143848367596331
1,1,0.9131929949908875,0.08680700500911254
1,1,0.9071161034180938,0.09288389658190621
1,0,0.33994114189821373,0.6600588581017863
1,1,0.9326181571922549,0.06738184280774506
1,1,0.5481489448537453,0.4518510551462547
0,1,0.6197376588233466,0.38026234117665336
1,1,0.6206651486341339,0.3793348513658661
1,1,0.9154285248590868,0.08457147514091323
1,1,0.8942493430954885,0.10575065690451146
0,0,0.427358433216299,0.572641566783701
0,0,0.39614799960882324,0.6038520003911767
1,1,0.8990778802818569,0.10092211971814313
0,0,0.46561599615861476,0.5343840038413852
1,1,0.9061863947693329,0.09381360523066706
1,1,0.8881785380085155,0.11182146199148446
1,1,0.6464894080277387,0.3535105919722613
1,1,0.9152368766321017,0.08476312336789826
1,1,0.9080566080344855,0.09194339196551449
1,1,0.9125716313167479,0.0874283686832521
0,1,0.8670409869573068,0.1329590130426932
1,1,0.913525258632885,0.08647474136711497
1,1,0.7152377630291434,0.28476223697085656
1,1,0.6666542740191778,0.33334572598082224
0,1,0.5406474639392345,0.45935253606076554
1,0,0.4748204876752699,0.52517951232473
1,0,0.40801604771240485,0.5919839522875951
1,1,0.9318437622121706,0.06815623778782942
0,1,0.5732167876248084,0.42678321237519157
1,1,0.9097276387730021,0.09027236122699789
1,1,0.8752663862957057,0.12473361370429425
1,1,0.5925074740287124,0.4074925259712876
0,1,0.6699166731841165,0.3300833268158835
1,1,0.8092368916121434,0.1907631083878566
0,1,0.6194124693341361,0.3805875306658639
1,0,0.3661734515049074,0.6338265484950927
1,1,0.5701253604698888,0.4298746395301112
1,1,0.8941313333067555,0.10586866669324446
0,1,0.8962251158998412,0.10377488410015878
1,1,0.9087550270351064,0.09124497296489364
1,1,0.8809014965841876,0.1190985034158124
1,1,0.8882589469355014,0.11174105306449855
1,1,0.9037602455620977,0.09623975443790234
1,1,0.8976004148406478,0.10239958515935221
1,1,0.8444566372206336,0.15554336277936642
1,1,0.8844237115619611,0.11557628843803891
1,1,0.8991669684515999,0.10083303154840006
1,1,0.8753114098906969,0.12468859010930311
1,1,0.6283070752756493,0.37169292472435067
0,1,0.8951678395010085,0.10483216049899147
0,1,0.5858323356494425,0.4141676643505575
0,0,0.44977969666174555,0.5502203033382544
1,1,0.8733802652966646,0.12661973470333543
1,1,0.6635261116855666,0.33647388831443337
0,1,0.9148506912554213,0.08514930874457871
0,0,0.4263286268491164,0.5736713731508836
1,1,0.9181404118297221,0.08185958817027794
0,0,0.35869586446346663,0.6413041355365334
0,1,0.5539097164321125,0.4460902835678875
0,1,0.6306103657735517,0.3693896342264483
0,0,0.4345884697188634,0.5654115302811367
1,1,0.8639078600453719,0.1360921399546281
0,1,0.5336535099009365,0.4663464900990635
1,1,0.8784956726280947,0.12150432737190531
1,1,0.9354418363287678,0.06455816367123224
1,1,0.8688287215425651,0.13117127845743493
1,1,0.8945054420348408,0.10549455796515916
1,1,0.7215111527571889,0.2784888472428111
1,1,0.7322518630068301,0.2677481369931699
1,1,0.8519596246192878,0.14804037538071224
1,1,0.5170921663171989,0.4829078336828011
1,1,0.5469336020149476,0.45306639798505244
0,0,0.36326302486347006,0.6367369751365299
0,0,0.4514614187897226,0.5485385812102774
0,1,0.6661699046008729,0.3338300953991271
0,0,0.36617086367505153,0.6338291363249484
1,1,0.8594303645494185,0.14056963545058154
1,0,0.4366519188270012,0.5633480811729987
1,1,0.9169878504584229,0.0830121495415771
0,1,0.6155712943824587,0.3844287056175413
1,1,0.9019146812713176,0.09808531872868242
1,1,0.909941051965956,0.09005894803404402
1,1,0.8234825677363466,0.17651743226365335
1,0,0.4111884191554168,0.5888115808445832
1,1,0.8842803364835218,0.11571966351647822
1,1,0.8930357520469947,0.1069642479530053
1,1,0.615484114669643,0.38451588533035697
1,1,0.8160694717627731,0.1839305282372269
1,1,0.7460061443439323,0.2539938556560677
1,1,0.5893839317576527,0.4106160682423473
1,1,0.914717451550437,0.08528254844956296
1,1,0.5276769912855906,0.47232300871440935
1,1,0.8923312689747457,0.10766873102525432
1,1,0.897057196452074,0.10294280354792595
1,1,0.894212254598209,0.10578774540179103
1,1,0.541975773172274,0.45802422682772603
1,1,0.9117319615107766,0.08826803848922338
1,1,0.9358695925954311,0.06413040740456888
1,1,0.8974367964868136,0.10256320351318637
0,1,0.842430655671198,0.15756934432880199
0,0,0.40226935656250357,0.5977306434374965
1,0,0.4172243126643312,0.5827756873356689
1,1,0.9470183793627456,0.05298162063725442
1,1,0.8895748144041467,0.11042518559585335
1,1,0.9015706320899995,0.09842936791000045
0,1,0.5562433340403541,0.4437566659596459
1,1,0.5995894940963267,0.40041050590367333
1,0,0.4889461523693449,0.5110538476306551
1,1,0.8825438278347993,0.11745617216520066
1,1,0.906146267015963,0.09385373298403699
1,1,0.906208636943028,0.093791363056972
1,0,0.4817932738053671,0.5182067261946329
0,0,0.3716971774622001,0.6283028225377999
0,1,0.903235186952176,0.09676481304782403
1,1,0.8918190074604115,0.10818099253958846
0,1,0.6919357020579062,0.3080642979420938
0,0,0.39469298676023723,0.6053070132397628
0,0,0.40028613221823317,0.5997138677817668
1,1,0.890265120925881,0.10973487907411905
0,1,0.8955659008047604,0.1044340991952396
1,1,0.9073384605224792,0.09266153947752076
1,1,0.5313054576519085,0.4686945423480915
1,1,0.8076318789499115,0.1923681210500885
0,0,0.4051492582020807,0.5948507417979193
0,0,0.40959974208324473,0.5904002579167553
1,1,0.8903707134021702,0.10962928659782978
0,0,0.4340924812873809,0.565907518712619
1,1,0.8999597810975872,0.10004021890241277
1,1,0.9092225648185916,0.09077743518140835
1,1,0.6739183847462331,0.3260816152537669
0,1,0.9188483866066715,0.08115161339332855
0,1,0.5073117211563469,0.49268827884365307
0,1,0.5878441239896149,0.41215587601038506
0,0,0.4320850734133825,0.5679149265866175
0,0,0.48793968410860067,0.5120603158913993
0,0,0.4315668706201456,0.5684331293798544
0,1,0.6425358443200954,0.35746415567990464
0,1,0.5287189436320501,0.4712810563679499
1,1,0.8909755669225092,0.10902443307749077
1,1,0.7924722115722208,0.2075277884277792
1,1,0.6302096117313728,0.3697903882686272
1,1,0.7217130971431288,0.2782869028568712
1,1,0.5209214318741305,0.47907856812586946
1,1,0.868656570749946,0.13134342925005404
0,0,0.4735364827285542,0.5264635172714458
1,1,0.8665624788334111,0.1334375211665889
1,1,0.9052148619384449,0.09478513806155509
1,1,0.8901569819993442,0.10984301800065577
0,0,0.47619678290568435,0.5238032170943157
0,1,0.7118403806327019,0.28815961936729806
0,0,0.4610453630335228,0.5389546369664773
1,1,0.9148067842831437,0.08519321571685634
1,1,0.606199943088305,0.39380005691169495
1,1,0.5497219019788187,0.45027809802118135
1,1,0.6268376507888819,0.3731623492111181
1,1,0.8951714063544818,0.10482859364551822
1,1,0.6062125004547565,0.3937874995452435
1,1,0.516101009757006,0.483898990242994
0,1,0.7189815471865274,0.2810184528134726
1,1,0.9101963015627641,0.0898036984372359
0,1,0.6366648568660417,0.3633351431339583
0,0,0.3763974878098365,0.6236025121901635
1,1,0.9140322921887046,0.08596770781129537
1,1,0.5295977312483279,0.4704022687516721
0,1,0.6106678400810478,0.3893321599189522
1,0,0.3753847156797162,0.6246152843202838
0,1,0.9203536707930935,0.07964632920690651
1,1,0.8597715432810161,0.14022845671898387
1,1,0.8764191011856376,0.1235808988143624
1,1,0.8987357604142284,0.10126423958577158
1,1,0.9051981073061901,0.0948018926938099
1,1,0.8605802405723845,0.13941975942761553
1,1,0.9126473385334922,0.08735266146650777
0,0,0.47934610044918097,0.520653899550819
1,1,0.8849141713670382,0.1150858286329618
1,1,0.6231934512872467,0.3768065487127533
1,1,0.867792273930464,0.132207726069536
1,1,0.9402465945339591,0.05975340546604091
1,1,0.5832805086326113,0.41671949136738873
1,1,0.7776883574196303,0.22231164258036973
1,1,0.9217351009470149,0.07826489905298506
0,1,0.915783985594594,0.08421601440540605
1,1,0.9307705005700799,0.06922949942992007
0,1,0.5043630639959302,0.4956369360040698
1,1,0.5309196957470949,0.46908030425290514
1,0,0.35692504695485694,0.6430749530451431
0,1,0.529900208856043,0.47009979114395695
1,1,0.7456468848537893,0.25435311514621073
1,1,0.8454738095332436,0.15452619046675642
1,1,0.8976376607913421,0.1023623392086579
1,1,0.857938299090419,0.14206170090958103
1,1,0.7966644088878471,0.20333559111215294
1,0,0.4745587238303303,0.5254412761696696
1,1,0.8864686251857452,0.11353137481425479
1,1,0.7983329536637117,0.2016670463362883
0,0,0.49493138754111365,0.5050686124588863
1,1,0.6624512381417182,0.33754876185828175
1,1,0.6563063057506884,0.3436936942493116
1,1,0.899609123434031,0.10039087656596901
0,0,0.4099735044743866,0.5900264955256134
1,1,0.7591186117459309,0.24088138825406913
0,1,0.8874234191184398,0.1125765808815602
1,1,0.9089797849069701,0.09102021509302993
0,1,0.7074267236642187,0.29257327633578134
1,1,0.9060887337072558,0.09391126629274416
1,1,0.7062981429664646,0.29370185703353535
1,1,0.7623759585163377,0.23762404148366234
1,1,0.9009619963798585,0.09903800362014148
1,1,0.9127183418375623,0.08728165816243771
0,1,0.6921764157286106,0.30782358427138945
0,0,0.3240142869526985,0.6759857130473015
0,1,0.8751698691269542,0.12483013087304584
0,1,0.5275498823548466,0.47245011764515343
1,1,0.8761205191708205,0.12387948082917954
0,0,0.3630936624010289,0.6369063375989711
1,1,0.9425220438914158,0.057477956108584194
0,1,0.906133599155926,0.09386640084407405
0,1,0.9135520821677587,0.08644791783224126
0,1,0.9489853489587506,0.05101465104124936
1,1,0.895120139600165,0.10487986039983499
1,1,0.9086937751207298,0.0913062248792702
1,1,0.564392997410528,0.43560700258947205
1,1,0.9025325556698932,0.09746744433010679
1,1,0.8461775744547606,0.1538224255452394
1,1,0.6963960600680937,0.30360393993190626
1,1,0.8674108417172335,0.13258915828276652
1,1,0.852019500131913,0.14798049986808703
1,1,0.7288778923388817,0.27112210766111833
1,1,0.8865624646768764,0.11343753532312362
1,1,0.9193155405467849,0.08068445945321512
1,1,0.5344261310339149,0.4655738689660851
1,1,0.9069463334326197,0.09305366656738034
1,1,0.8879780548393966,0.11202194516060338
1,1,0.9418111070103804,0.0581888929896196
1,1,0.9135343537869681,0.08646564621303188
0,1,0.6289286396609444,0.37107136033905563
1,1,0.8943789043897448,0.10562109561025523
1,1,0.9018480265365648,0.09815197346343518
0,1,0.6985633187436228,0.30143668125637724
0,1,0.8885904525907994,0.11140954740920062
1,1,0.8991744838641011,0.10082551613589885
1,1,0.6644425234425899,0.3355574765574101
1,1,0.6749324373759699,0.32506756262403014
0,1,0.8994459697758306,0.10055403022416942
1,0,0.35744458981913185,0.6425554101808681
0,1,0.91805191748418,0.08194808251581998
1,0,0.46873812599257847,0.5312618740074215
1,1,0.5675273938877105,0.43247260611228955
0,1,0.5810787470797207,0.41892125292027926
1,1,0.702980749766272,0.297019250233728
1,1,0.9155727289908857,0.08442727100911429
0,0,0.42918011575616144,0.5708198842438386
1,1,0.7544134615023739,0.24558653849762613
1,0,0.4541871205034468,0.5458128794965532
0,0,0.49849916816091505,0.501500831839085
0,1,0.7263878576003094,0.27361214239969056
1,1,0.9298406090143826,0.07015939098561741
1,1,0.8922146786514413,0.10778532134855867
0,0,0.48729023664065335,0.5127097633593467
1,1,0.7958978628935323,0.20410213710646774
1,1,0.8431444031694699,0.15685559683053008
1,1,0.910401572235718,0.08959842776428195
1,1,0.7397109263897654,0.26028907361023457
1,1,0.5244878092281496,0.47551219077185036
1,1,0.9345356971984882,0.06546430280151183
0,1,0.9051279861120515,0.09487201388794853
1,1,0.8935596507603546,0.1064403492396454
1,1,0.8390620459024456,0.1609379540975544
1,1,0.9135411924709695,0.08645880752903046
1,1,0.5084009249237238,0.4915990750762762
1,1,0.8996492137458114,0.10035078625418858
1,1,0.9189476334137163,0.08105236658628368
1,0,0.3885433669220374,0.6114566330779626
1,1,0.8854698129689399,0.1145301870310601
1,0,0.4087576289326515,0.5912423710673484
1,1,0.640377130320457,0.35962286967954304
0,1,0.809097201334531,0.190902798665469
1,1,0.8823197327321345,0.11768026726786551
1,1,0.8962393611210356,0.10376063887896436
0,0,0.3472777890412429,0.6527222109587572
1,0,0.4328365303016486,0.5671634696983514
1,1,0.8611545615494821,0.1388454384505179
1,1,0.8948613105419594,0.10513868945804061
1,1,0.904832584641293,0.09516741535870699
1,1,0.914166467817569,0.08583353218243095
1,1,0.9080181469594751,0.09198185304052486
1,1,0.9213675098604622,0.07863249013953777
1,1,0.9138983782749962,0.0861016217250038
0,0,0.4194306812299853,0.5805693187700147
0,1,0.9246771421986145,0.07532285780138548
0,1,0.6476299599171695,0.35237004008283046
0,0,0.3896892584964974,0.6103107415035026
1,1,0.7485428956784987,0.25145710432150126
1,1,0.8793755066693522,0.12062449333064784
1,1,0.6152746032489724,0.38472539675102757
1,1,0.554860859765812,0.445139140234188
0,0,0.38842679056751095,0.611573209432489
0,1,0.590001759089066,0.40999824091093395
1,1,0.8994884204272933,0.10051157957270673
1,1,0.8535536555142055,0.14644634448579452
1,1,0.906138771050034,0.09386122894996596
0,1,0.8381667434015068,0.16183325659849324
1,1,0.6441552400485108,0.35584475995148923
1,1,0.5234524227086824,0.4765475772913176
0,1,0.5527293395220443,0.4472706604779557
1,1,0.8873392199249056,0.11266078007509439
1,1,0.9106790610691341,0.0893209389308659
1,1,0.642816131805148,0.35718386819485204
1,1,0.8989360745462293,0.10106392545377074
1,1,0.5264503101440818,0.47354968985591817
0,1,0.5852420918315103,0.4147579081684897
1,1,0.9061728396971667,0.09382716030283333
1,1,0.9115406907769494,0.08845930922305056
1,0,0.40221589275666036,0.5977841072433396
1,1,0.6531741872991537,0.34682581270084634
1,1,0.9229423285440331,0.07705767145596687
1,1,0.6838285428346728,0.31617145716532724
1,1,0.8375074132861821,0.16249258671381794
1,1,0.5514715315262185,0.44852846847378147
1,1,0.9292095943732851,0.0707904056267149
0,0,0.4377227022234593,0.5622772977765407
0,1,0.5949625075579477,0.40503749244205234
0,1,0.5376993083601352,0.46230069163986476
1,1,0.74431536329985,0.25568463670014996
0,1,0.7889848354772715,0.2110151645227285
0,1,0.5663454042199858,0.4336545957800142
1,1,0.5177050631041097,0.4822949368958903
1,1,0.9403030584521485,0.059696941547851545
0,1,0.5704698631422744,0.42953013685772556
1,1,0.9119450592756917,0.0880549407243083
0,0,0.46736057353448524,0.5326394264655148
1,1,0.9102909870071626,0.0897090129928374
0,1,0.9028409324359101,0.09715906756408987
0,1,0.5087460047497354,0.4912539952502646
1,1,0.8945260299721652,0.10547397002783476
1,1,0.8743779284713599,0.12562207152864013
1,1,0.6049986007907189,0.3950013992092811
0,0,0.44714182244155076,0.5528581775584492
1,1,0.7912977078965732,0.20870229210342683
1,1,0.9046429623658977,0.0953570376341023
1,1,0.892149671708296,0.10785032829170405
1,1,0.5556434643536576,0.44435653564634237
1,1,0.7321833110743262,0.2678166889256738
1,1,0.9031101263400801,0.09688987365991986
0,1,0.5745082084006626,0.42549179159933737
1,1,0.9464134502047474,0.05358654979525257
1,1,0.9083965495297578,0.09160345047024221
1,1,0.8894989503780117,0.11050104962198826
1,1,0.5745075488273967,0.42549245117260326
0,1,0.7249480112312835,0.2750519887687165
1,1,0.6072126125783441,0.39278738742165586
1,1,0.7823937632599273,0.21760623674007273
0,1,0.6094580462747166,0.39054195372528344
1,1,0.9278382095569331,0.07216179044306692
1,1,0.8599105428239373,0.1400894571760627
1,1,0.7331433696259719,0.26685663037402807
1,1,0.5453421775832328,0.4546578224167672
1,0,0.4039378472331094,0.5960621527668906
1,1,0.9087070188189954,0.0912929811810046
0,1,0.8961185950035655,0.1038814049964345
1,1,0.8899578557828485,0.11004214421715153
0,1,0.9165072791783007,0.08349272082169934
0,1,0.5709309012387362,0.42906909876126376
0,1,0.5349351272739897,0.46506487272601027
1,1,0.6397276591183374,0.3602723408816626
1,1,0.7936437615974973,0.20635623840250272
1,1,0.9150452606303818,0.08495473936961817
0,0,0.4884050328512593,0.5115949671487408
1,1,0.910094879299971,0.08990512070002898
1,1,0.9301957208957297,0.06980427910427034
1,1,0.8953660021348537,0.10463399786514627
1,1,0.5035327475903019,0.49646725240969813
0,1,0.8266859028628518,0.17331409713714818
1,1,0.8953640370034546,0.10463596299654543
0,1,0.5772443285331935,0.4227556714668065
0,1,0.887801286492482,0.11219871350751798
1,1,0.7926029972332752,0.2073970027667248
1,1,0.8968276887881536,0.10317231121184645
1,1,0.884976643433679,0.11502335656632101
0,1,0.5118169695616819,0.4881830304383181
0,0,0.45114416131346247,0.5488558386865375
1,1,0.9212959367150291,0.07870406328497093
1,1,0.6482637662937027,0.35173623370629725
0,1,0.5551231398640198,0.44487686013598016
0,0,0.3964375357445338,0.6035624642554662
1,1,0.6652890036371115,0.3347109963628885
0,0,0.44348142361708875,0.5565185763829112
1,1,0.5742689843538518,0.42573101564614824
1,1,0.8859503678768755,0.11404963212312447
0,0,0.3979699182763168,0.6020300817236832
1,1,0.5770902378576263,0.42290976214237375
0,1,0.6897845970476386,0.3102154029523614
0,1,0.7402477728857566,0.2597522271142434
1,1,0.6707783147766756,0.3292216852233244
1,1,0.846662235024977,0.15333776497502305
1,1,0.8900806925338106,0.10991930746618939
1,1,0.9328050411619717,0.06719495883802828
1,1,0.66416293867954,0.33583706132046
0,0,0.4265613911201399,0.5734386088798601
1,1,0.6194836767039805,0.3805163232960195
1,1,0.8984459021287244,0.10155409787127556
1,1,0.5144105368183567,0.4855894631816433
0,0,0.4085202297254328,0.5914797702745672
0,1,0.5037741056485675,0.4962258943514325
0,1,0.8500886888683415,0.14991131113165845
1,1,0.9027200698129946,0.09727993018700543
1,1,0.7598315651431351,0.2401684348568649
1,1,0.9064125070932137,0.09358749290678625
1,1,0.9008067539658798,0.09919324603412016
0,1,0.9051297006485187,0.09487029935148128
1,1,0.6439350122995717,0.35606498770042827
1,1,0.53430698133834,0.46569301866166
1,1,0.9108097222284695,0.08919027777153055
1,1,0.8895119199914278,0.11048808000857224
1,1,0.8541001447335549,0.1458998552664451
1,1,0.8831111831589448,0.11688881684105523
1,1,0.9138658256134502,0.0861341743865498
1,1,0.9056620889802632,0.09433791101973676
0,1,0.5491046653063109,0.45089533469368914
1,1,0.5347387210270848,0.46526127897291525
1,1,0.8930340683084392,0.10696593169156077
1,1,0.913591029845076,0.08640897015492399
1,1,0.9072935449447571,0.09270645505524289
1,1,0.5770499181051939,0.4229500818948061
0,1,0.9198208649993842,0.0801791350006158
1,1,0.9022009659828775,0.09779903401712253
1,1,0.8990207047067219,0.10097929529327809
1,1,0.5845824125383294,0.41541758746167057
1,1,0.9025309218313664,0.0974690781686336
1,1,0.9152473936415234,0.08475260635847659
1,1,0.8993306977813218,0.1006693022186782
0,1,0.6527952355353873,0.3472047644646127
1,1,0.8985590531528285,0.10144094684717153
0,0,0.41783248125539124,0.5821675187446087
1,1,0.8979239856801042,0.10207601431989577
0,1,0.534162368695827,0.465837631304173
1,1,0.8816310233963108,0.11836897660368917
1,1,0.5675285857155584,0.4324714142844416
0,0,0.42969671958915756,0.5703032804108424
1,1,0.9086755022563461,0.09132449774365392
0,0,0.41453661640747275,0.5854633835925273
1,1,0.889837215916834,0.11016278408316604
0,0,0.3489879099437559,0.6510120900562442
0,1,0.5246104515837205,0.47538954841627945
1,1,0.8424502802663735,0.15754971973362653
1,1,0.9405894497436832,0.05941055025631681
1,1,0.918450335913917,0.081549664086083
1,1,0.774544722015172,0.225455277984828
1,1,0.5479687757876223,0.45203122421237774
1,1,0.8892493221167689,0.11075067788323112
1,1,0.8873934744955656,0.1126065255044344
0,1,0.6420691674795111,0.35793083252048885
1,1,0.6450747223341932,0.35492527766580684
0,1,0.5526332395631252,0.44736676043687484
1,1,0.7302769432888663,0.2697230567111337
1,1,0.9020415070162555,0.09795849298374448
0,1,0.526203796278535,0.473796203721465
1,1,0.8721272459072682,0.1278727540927318
1,1,0.7006630235021973,0.29933697649780266
1,1,0.7442711916334699,0.2557288083665301
0,1,0.633716730834761,0.366283269165239
1,0,0.46297291409696995,0.53702708590303
1,1,0.9122520909389064,0.08774790906109364
1,1,0.8346082200825884,0.1653917799174116
1,1,0.7599786206637502,0.24002137933624978
1,1,0.9038473002003516,0.09615269979964836
1,1,0.8693771303773398,0.13062286962266023
1,1,0.5698266306832851,0.4301733693167149
1,1,0.7018533980250541,0.2981466019749459
1,1,0.9035296054265217,0.09647039457347828
1,1,0.8825380113452077,0.1174619886547923
1,0,0.4437688022407418,0.5562311977592582
1,1,0.9039786728891784,0.09602132711082156
0,1,0.9108975392238414,0.08910246077615858
1,1,0.9125950436324661,0.08740495636753387
1,1,0.8908604388535499,0.10913956114645007
1,1,0.7513994348598771,0.24860056514012285
0,0,0.4691561448733165,0.5308438551266834
1,1,0.7074142908068654,0.29258570919313465
1,1,0.9349814147332544,0.06501858526674564
1,1,0.5059030375844988,0.49409696241550116
1,1,0.5921400416054636,0.40785995839453637
1,1,0.6775341377045195,0.32246586229548047
1,1,0.9128732968414147,0.08712670315858528
1,0,0.40194426859220606,0.5980557314077939
1,1,0.8818781373475654,0.11812186265243463
1,1,0.8698695084648318,0.1301304915351682
1,1,0.6917345217124994,0.3082654782875006
0,1,0.5991179802008354,0.4008820197991646
0,0,0.4821122370911902,0.5178877629088098
0,1,0.5942609950011698,0.4057390049988302
1,1,0.5975191530205678,0.4024808469794322
0,1,0.5335610876781685,0.46643891232183154
0,1,0.8813571130185901,0.1186428869814099
1,1,0.8710256438387768,0.1289743561612232
1,1,0.7978229392005761,0.20217706079942388
1,1,0.7159208588854264,0.28407914111457355
1,1,0.8946303003521718,0.10536969964782816
0,0,0.4684365756913519,0.5315634243086481
1,1,0.6972665531530244,0.30273344684697556
1,1,0.687481970319207,0.312518029680793
1,1,0.6085735741457491,0.3914264258542509
0,1,0.5773882846617123,0.4226117153382877
1,1,0.9207561584554373,0.07924384154456265
1,1,0.891926050526243,0.10807394947375704
1,1,0.696283449337936,0.30371655066206404
1,1,0.6595676006071906,0.34043239939280945
0,1,0.5779400686899449,0.42205993131005515
0,1,0.5350749800279394,0.4649250199720606
1,1,0.6168333389857099,0.3831666610142901
1,1,0.8803211988024553,0.1196788011975447
1,1,0.896596483543993,0.10340351645600698
0,1,0.6691476617335854,0.3308523382664146
0,1,0.5600614657494811,0.4399385342505189
1,1,0.9131532243993555,0.08684677560064447
0,1,0.8854300282215678,0.1145699717784322
1,1,0.6101155932898832,0.3898844067101168
1,1,0.9100447310238003,0.08995526897619965
1,1,0.9040359304195817,0.09596406958041825
0,0,0.35611097109478024,0.6438890289052197
1,1,0.9306420827151846,0.06935791728481544
1,1,0.8978407907327038,0.10215920926729616
1,1,0.5396384373439732,0.4603615626560268
0,1,0.6269708011825705,0.37302919881742946
1,1,0.5347874535879125,0.46521254641208754
0,0,0.4389613196331673,0.5610386803668327
1,1,0.5395630285884551,0.46043697141154494
1,1,0.8732529095485826,0.1267470904514174
1,1,0.9011327433349898,0.09886725666501017
0,1,0.9317067868322763,0.06829321316772374
1,1,0.8841612194614358,0.11583878053856422
1,1,0.5686365822101047,0.4313634177898953
1,1,0.8996177675143678,0.10038223248563216
0,1,0.542118811489286,0.457881188510714
1,0,0.49667643923895344,0.5033235607610466
0,1,0.612220433206042,0.387779566793958
0,1,0.5235521586543623,0.47644784134563767
1,1,0.9129503840539376,0.08704961594606242
1,1,0.5258301619371202,0.4741698380628798
1,1,0.6595389760778212,0.3404610239221788
1,0,0.4526704283226775,0.5473295716773225
1,1,0.6347700925083131,0.36522990749168693
1,0,0.43261934229464427,0.5673806577053557
1,1,0.8908401640185398,0.10915983598146017
0,0,0.42822084287477535,0.5717791571252246
1,1,0.8675088825932388,0.13249111740676123
0,1,0.6893352119354718,0.31066478806452824
1,1,0.7175608163712639,0.2824391836287361
1,1,0.9323111025596664,0.06768889744033357
1,1,0.8818736121391219,0.11812638786087815
1,0,0.48081836721296833,0.5191816327870317
1,1,0.8600385325596684,0.13996146744033156
1,1,0.9092644691910117,0.09073553080898833
1,1,0.8951921282893411,0.10480787171065886
0,0,0.27374855842454837,0.7262514415754516
0,1,0.8272943411917749,0.17270565880822508
0,1,0.5549282094028859,0.4450717905971141
1,1,0.8971132070271715,0.10288679297282854
1,1,0.6329418314570566,0.3670581685429434
0,0,0.49635232274504476,0.5036476772549552
0,1,0.5033140406167075,0.4966859593832925
0,0,0.4591903797993774,0.5408096202006226
1,1,0.9099637568024358,0.0900362431975642
1,1,0.9063647048469083,0.09363529515309166
0,1,0.5638634826465166,0.43613651735348336
1,0,0.4236448924400771,0.5763551075599229
0,1,0.5543548085596549,0.4456451914403451
0,1,0.5434228955942285,0.4565771044057715
1,1,0.7461916126188962,0.2538083873811038
0,1,0.5906000470398652,0.40939995296013476
1,1,0.5002650307951209,0.49973496920487914
1,1,0.876430716449473,0.12356928355052699
0,1,0.5799234882561916,0.42007651174380845
0,1,0.5387064928199334,0.46129350718006656
1,1,0.9040590640960582,0.09594093590394182
1,1,0.8867940131793761,0.11320598682062388
1,1,0.93867165794144,0.06132834205855997
0,1,0.6381436508740747,0.36185634912592535
0,1,0.8798598882263683,0.12014011177363171
1,1,0.62022572187366,0.37977427812634
1,1,0.9100900837939294,0.08990991620607058
1,1,0.9155164019537162,0.0844835980462838
1,1,0.8506947296229043,0.14930527037709573
1,1,0.5754594585820595,0.4245405414179405
1,1,0.5796427607139828,0.4203572392860172
0,1,0.6479102282092217,0.35208977179077827
1,1,0.9059469555058158,0.09405304449418417
1,1,0.8906695212939737,0.1093304787060263
0,0,0.4823508746714757,0.5176491253285243
1,1,0.8554276261684617,0.14457237383153831
1,1,0.9417056753805353,0.05829432461946471
1,0,0.4298080567791794,0.5701919432208207
0,0,0.4934374112899612,0.5065625887100388
1,1,0.8766375544871096,0.12336244551289044
1,1,0.8841524963354226,0.11584750366457741
0,0,0.43809967935022304,0.561900320649777
1,1,0.9038524001704388,0.09614759982956123
1,1,0.9014918713904564,0.09850812860954361
0,0,0.4217062995158311,0.5782937004841688
1,1,0.9350196740046883,0.06498032599531167
1,1,0.8998207487803962,0.1001792512196038
0,1,0.507998758649882,0.492001241350118
0,0,0.37569518487842807,0.624304815121572
1,1,0.8388521047343901,0.1611478952656099
1,1,0.902544984159488,0.09745501584051197
1,1,0.767633897852136,0.23236610214786402
1,1,0.7087861398207531,0.2912138601792469
1,1,0.9004107552207308,0.09958924477926923
1,1,0.9078116414890693,0.09218835851093066
1,1,0.9062106036888294,0.09378939631117056
1,1,0.8817376967672851,0.11826230323271492
1,1,0.8986243952772656,0.10137560472273444
1,1,0.8937418728720532,0.1062581271279468
0,1,0.552114048780849,0.447885951219151
0,0,0.44739318351014773,0.5526068164898523
0,0,0.41073896395010673,0.5892610360498933
1,1,0.8815456174987305,0.1184543825012695
1,1,0.929220377705778,0.07077962229422197
1,1,0.6624755670801826,0.3375244329198174
1,1,0.8653217854005729,0.13467821459942708
1,1,0.7580991695126578,0.24190083048734223
1,1,0.888618704163845,0.11138129583615497
1,0,0.4642144490218773,0.5357855509781226
1,1,0.8506826105729979,0.14931738942700212
1,1,0.8736853198525607,0.1263146801474393
1,1,0.8541848792574837,0.14581512074251635
0,1,0.5935157640608696,0.4064842359391304
1,1,0.9112513295946306,0.08874867040536938
0,1,0.5584805522591144,0.4415194477408856
1,1,0.9042619585848397,0.09573804141516029
1,1,0.5210212654106192,0.4789787345893808
0,1,0.9297788384496138,0.07022116155038616
0,1,0.5403063915835162,0.45969360841648377
0,1,0.6572662891022342,0.34273371089776583
0,0,0.47932598628656803,0.520674013713432
1,1,0.6144232363775465,0.3855767636224535
1,1,0.887467992355819,0.11253200764418103
1,0,0.4705915391979161,0.5294084608020839
1,1,0.6053506661698238,0.3946493338301762
0,1,0.593686547834334,0.40631345216566594
1,0,0.4333563839337828,0.5666436160662172
0,1,0.7816999013537903,0.2183000986462097
1,1,0.9038710077969906,0.09612899220300941
1,1,0.9288012007555259,0.07119879924447414
1,0,0.4798975232280621,0.5201024767719379
1,1,0.9083710088693859,0.09162899113061407
1,1,0.6020695965349637,0.3979304034650363
1,1,0.939881505517536,0.06011849448246398
0,0,0.3325485375466623,0.6674514624533376
1,0,0.2869422744413618,0.7130577255586382
1,0,0.4867382509084452,0.5132617490915548
0,1,0.9347471351410829,0.06525286485891713
1,1,0.8318990055352666,0.16810099446473337
0,1,0.6719026119647764,0.3280973880352236
1,1,0.5754424655828917,0.4245575344171083
1,1,0.8650044844183085,0.13499551558169154
1,1,0.8645404481861539,0.13545955181384606
1,1,0.5942238313405321,0.40577616865946786
1,0,0.3436912574094294,0.6563087425905706
1,1,0.8905687387970112,0.10943126120298885
0,0,0.3416175007546054,0.6583824992453946
1,1,0.931613213708555,0.06838678629144501
0,0,0.39554824201660127,0.6044517579833988
1,1,0.9086312534091994,0.09136874659080063
1,0,0.47976844463084745,0.5202315553691526
1,1,0.8735400705661592,0.12645992943384077
1,1,0.8875623364020457,0.11243766359795426
1,1,0.8930883251927381,0.10691167480726194
0,1,0.5806186876656535,0.4193813123343465
1,1,0.6683707386267047,0.3316292613732953
1,1,0.8976447318048991,0.10235526819510088
1,1,0.5722334062158374,0.4277665937841626
0,0,0.4317592781216972,0.5682407218783028
1,1,0.5104373512988736,0.4895626487011264
0,1,0.7609342119864468,0.23906578801355316
1,1,0.9028900297750577,0.09710997022494228
1,0,0.3552816442979607,0.6447183557020393
1,1,0.9106911407614373,0.08930885923856269
0,0,0.3395248972994512,0.6604751027005489
1,1,0.7946196197331071,0.20538038026689287
1,1,0.8969992661387228,0.10300073386127717
1,1,0.8985628985450121,0.10143710145498785
1,1,0.8654382460579657,0.1345617539420343
0,1,0.5457047272703852,0.4542952727296148
0,1,0.8453211875853165,0.1546788124146835
0,1,0.8911911870260687,0.1088088129739313
1,1,0.8470104610661127,0.15298953893388734
0,1,0.566666517279957,0.433333482720043
0,1,0.6847954134069247,0.31520458659307526
0,1,0.8499815877645258,0.15001841223547419
1,1,0.8811243740709175,0.11887562592908252
1,1,0.8683595123698165,0.13164048763018354
0,1,0.6308322658205829,0.36916773417941706
1,1,0.9043148541580524,0.09568514584194765
1,1,0.8945431285977187,0.10545687140228133
1,1,0.8938626525541491,0.1061373474458509
0,0,0.4986794706372496,0.5013205293627504
1,1,0.5589847390215563,0.4410152609784437
1,1,0.9078559813189918,0.09214401868100819
1,1,0.8948453335325706,0.10515466646742944
1,1,0.6801755823791645,0.31982441762083547
1,1,0.8935373458133122,0.10646265418668777
1,1,0.8825329897074288,0.11746701029257123
1,1,0.6798741161916207,0.32012588380837925
0,1,0.54812599417548,0.45187400582452
1,1,0.8942270438672166,0.10577295613278337
0,1,0.6054867381638792,0.3945132618361208
0,1,0.5727752571383256,0.42722474286167444
1,1,0.5764512781559324,0.42354872184406755
1,1,0.5062556430939102,0.49374435690608975
0,0,0.4813709069861106,0.5186290930138894
1,1,0.5847679262102585,0.4152320737897415
1,1,0.888909531164894,0.11109046883510598
1,1,0.9056546264525469,0.09434537354745309
1,1,0.8846750177963574,0.11532498220364262
0,1,0.7820132612414934,0.2179867387585066
1,1,0.5520547646083026,0.4479452353916974
0,1,0.6304106383608237,0.36958936163917633
1,1,0.9436136958889912,0.056386304111008756
1,1,0.7118304898164489,0.2881695101835511
1,1,0.9393545281178047,0.06064547188219527
1,1,0.8930160018588698,0.10698399814113024
1,1,0.8660628635913684,0.13393713640863159
1,1,0.8988036295360341,0.1011963704639659
0,1,0.6936310035245272,0.3063689964754728
1,1,0.7758200788887202,0.22417992111127982
1,1,0.8182344210160694,0.18176557898393064
1,1,0.5785028947425294,0.42149710525747064
1,1,0.8949484837420911,0.10505151625790887
1,1,0.8790077623686291,0.1209922376313709
1,1,0.892813272071116,0.10718672792888395
1,0,0.4748260339719256,0.5251739660280744
0,1,0.639763235700686,0.36023676429931395
0,0,0.4924875340869915,0.5075124659130086
0,1,0.5154939642753342,0.4845060357246658
1,1,0.9069024429779451,0.09309755702205491
1,1,0.6351847617110463,0.3648152382889537
1,1,0.9051628013463034,0.09483719865369655
1,1,0.91787589206082,0.08212410793918001
1,1,0.8969152500492754,0.10308474995072459
1,1,0.8991370549559016,0.10086294504409843
1,1,0.9029149748001676,0.09708502519983242
1,0,0.31012164373586926,0.6898783562641307
1,1,0.9119520365684644,0.08804796343153565
0,1,0.7093063792992756,0.29069362070072435
1,0,0.44494420942255675,0.5550557905774433
1,1,0.5790937002629365,0.4209062997370635
0,1,0.8990150252009703,0.10098497479902968
1,1,0.6374568812682663,0.3625431187317337
1,1,0.5079756153480337,0.4920243846519663
1,1,0.8802609689788067,0.11973903102119332
1,1,0.8521008238996026,0.14789917610039738
0,1,0.8468430805376918,0.15315691946230825
0,0,0.3907419892330726,0.6092580107669274
1,1,0.9048057115113367,0.09519428848866329
0,1,0.6601660808549565,0.33983391914504346
0,1,0.5913883727992203,0.4086116272007797
1,1,0.888096461749244,0.11190353825075605
0,1,0.7075104006784797,0.2924895993215203
0,1,0.8888233985068559,0.11117660149314412
1,1,0.8902164599238158,0.10978354007618418
0,1,0.8668435406251116,0.1331564593748884
1,1,0.6953749219388698,0.30462507806113015
0,0,0.45140331357717955,0.5485966864228204
1,1,0.6280099884176282,0.37199001158237177
0,0,0.45655654137646495,0.543443458623535
1,1,0.5405784427164139,0.45942155728358613
1,1,0.6655926286770869,0.3344073713229131
1,1,0.9431189017031152,0.05688109829688481
1,1,0.8930651587124449,0.10693484128755515
1,1,0.9174927744106411,0.08250722558935886
1,1,0.6154095001475277,0.3845904998524723
1,1,0.88067667293206,0.11932332706794002
0,1,0.901853833205885,0.09814616679411503
1,1,0.9066255985658298,0.0933744014341702
1,1,0.6579858717970728,0.3420141282029272
1,0,0.43496784648273995,0.56503215351726
1,1,0.8922423277569757,0.10775767224302435
1,1,0.6516753818098244,0.3483246181901756
1,1,0.8373793075104109,0.1626206924895891
0,0,0.49975883058707105,0.500241169412929
1,1,0.9502011909602344,0.049798809039765635
0,1,0.5757507325516629,0.42424926744833713
1,1,0.7502073568113976,0.2497926431886024
0,0,0.47048586198384523,0.5295141380161548
1,1,0.5066003840182628,0.4933996159817372
1,1,0.9154966940055534,0.08450330599444655
0,0,0.34016713155666917,0.6598328684433308
1,0,0.4222219892618653,0.5777780107381347
0,1,0.896784316018038,0.10321568398196201
1,1,0.8783614341618076,0.12163856583819244
1,1,0.8671379175974238,0.13286208240257624
1,1,0.6299412649215305,0.37005873507846954
0,1,0.6928387412395576,0.3071612587604424
1,1,0.8972514515381788,0.10274854846182124
1,1,0.9291646469743414,0.07083535302565858
1,1,0.6055081014848519,0.3944918985151481
0,1,0.8382316056234383,0.16176839437656165
1,1,0.5350370545345433,0.4649629454654567
0,1,0.7061327816012638,0.2938672183987362
1,1,0.899563065519392,0.10043693448060798
1,1,0.9149229036075519,0.08507709639244809
1,1,0.9047984697661458,0.09520153023385425
0,1,0.5424805071146982,0.4575194928853018
1,1,0.8144624576133694,0.18553754238663056
0,1,0.5287730558907128,0.4712269441092872
1,1,0.6635359801232885,0.3364640198767115
1,1,0.9526701187456732,0.0473298812543268
1,1,0.8571580739089315,0.1428419260910685
1,1,0.864042731120603,0.13595726887939696
1,1,0.9188676435284445,0.08113235647155548
1,1,0.8815486224024037,0.11845137759759627
0,1,0.9192218218504121,0.08077817814958788
1,1,0.9018533744075551,0.09814662559244491
1,1,0.8946234334654917,0.10537656653450833
0,0,0.38006703370148903,0.6199329662985109
0,1,0.595293017026734,0.404706982973266
1,1,0.5437756673849694,0.4562243326150306
0,1,0.543879638933874,0.45612036106612597
0,0,0.40403767715044986,0.5959623228495501
1,1,0.8734518311439368,0.12654816885606324
0,1,0.5019852854174441,0.49801471458255586
0,1,0.588023225302928,0.41197677469707195
1,1,0.8378977384278444,0.16210226157215557
0,1,0.6039421806112807,0.3960578193887193
1,1,0.8961414094670886,0.10385859053291135
1,1,0.8748360668827037,0.12516393311729634
1,1,0.5154953679465403,0.4845046320534597
0,1,0.5585536418256186,0.4414463581743814
1,1,0.509555834220519,0.490444165779481
0,0,0.41119906530243794,0.588800934697562
1,1,0.9029867021163369,0.09701329788366309
1,1,0.6135470855273975,0.38645291447260255
1,0,0.45437452089612,0.5456254791038799
0,1,0.740557112246299,0.25944288775370095
1,1,0.9374986868041061,0.06250131319589391
1,1,0.8068063744684695,0.19319362553153052
1,1,0.9121692557897938,0.0878307442102062
1,1,0.6957571609908989,0.3042428390091011
1,1,0.9092649988290776,0.09073500117092237
1,1,0.9051878125832451,0.0948121874167549
1,0,0.38055198861761247,0.6194480113823875
0,1,0.5045471557513765,0.49545284424862346
1,1,0.8918523200208158,0.10814767997918417
1,1,0.5542199555263921,0.44578004447360786
1,1,0.8931466972994259,0.10685330270057414
1,0,0.4741129867189673,0.5258870132810327
1,1,0.5362581595643504,0.4637418404356496
1,1,0.8661029263314103,0.13389707366858972
1,1,0.8973154931730208,0.10268450682697916
1,1,0.6141446152431945,0.3858553847568055
1,1,0.8777422770135623,0.12225772298643767
1,1,0.6963149223899154,0.30368507761008456
1,0,0.3705980891058925,0.6294019108941076
1,1,0.8562945264460498,0.14370547355395025
1,1,0.8975052282856658,0.10249477171433419
1,1,0.9152058553224095,0.0847941446775905
0,1,0.8166466258279178,0.1833533741720822
1,1,0.7717559977561629,0.22824400224383712
0,0,0.31715435350114213,0.6828456464988579
1,1,0.905813360590756,0.09418663940924399
0,1,0.658201950608151,0.341798049391849
1,0,0.4839393939348884,0.5160606060651116
0,1,0.7333912029468281,0.26660879705317186
1,1,0.9027929919837304,0.09720700801626958
1,1,0.9056044460729423,0.09439555392705767
1,1,0.90474545580675,0.09525454419324997
1,0,0.2995929516365445,0.7004070483634555
1,1,0.9019098451009158,0.09809015489908424
1,1,0.6671663123103115,0.33283368768968846
1,1,0.5394724162466614,0.4605275837533386
1,1,0.8880473683020643,0.11195263169793568
1,0,0.36324179588409683,0.6367582041159032
1,1,0.5607309107277851,0.43926908927221486
1,1,0.9025447561730024,0.09745524382699755
1,0,0.4315456625767527,0.5684543374232474
1,1,0.9159601345563569,0.08403986544364306
1,1,0.651248580642483,0.34875141935751697
0,0,0.2955006250239075,0.7044993749760925
1,1,0.8757348562459429,0.12426514375405706
1,1,0.607408121579528,0.39259187842047205
1,1,0.8519264129860408,0.14807358701395923
0,0,0.45222719488588453,0.5477728051141155
1,1,0.5267650530083604,0.4732349469916396
1,1,0.888412762388807,0.11158723761119305
0,1,0.5159245255604811,0.4840754744395189
1,1,0.9198861830320779,0.08011381696792208
1,1,0.6575307022512581,0.3424692977487419
1,1,0.9025783853044753,0.09742161469552468
0,1,0.8972915926888375,0.10270840731116249
1,1,0.6187899987639415,0.3812100012360585
0,1,0.8907240681461487,0.10927593185385132
1,1,0.8973157195202986,0.10268428047970135
0,1,0.9402594714938871,0.05974052850611289
0,0,0.3396873458070006,0.6603126541929993
1,1,0.7078986694137526,0.29210133058624743
0,1,0.7381878692791684,0.26181213072083165
1,1,0.50743595955944,0.49256404044056
1,1,0.7878989561995378,0.21210104380046224
0,0,0.3990051029820876,0.6009948970179124
1,1,0.6965097469928749,0.30349025300712507
1,1,0.8808181856757085,0.11918181432429154
1,1,0.9242062607942342,0.07579373920576582
0,1,0.5024391769254304,0.4975608230745696
1,1,0.8765877985461622,0.1234122014538378
1,1,0.8993767655859398,0.10062323441406018
1,1,0.904110939264812,0.09588906073518799
1,1,0.8696752073234972,0.13032479267650277
0,0,0.4967156736382213,0.5032843263617788
1,1,0.9092356308176976,0.09076436918230235
0,1,0.9259457004244283,0.07405429957557175
1,1,0.6521367389886735,0.3478632610113265
0,0,0.35830909134652966,0.6416909086534703
1,1,0.8629536294076301,0.1370463705923699
1,1,0.8928401857078475,0.10715981429215249
1,1,0.8773917089457937,0.12260829105420634
1,1,0.8446631083277993,0.15533689167220066
0,1,0.7068185167027606,0.29318148329723936
1,1,0.9304641826567516,0.06953581734324843
0,1,0.5920595801970086,0.40794041980299145
0,0,0.33157265073509834,0.6684273492649017
0,1,0.6539660812569096,0.3460339187430904
1,0,0.4724300427366594,0.5275699572633405
1,1,0.8981503835102587,0.10184961648974133
1,1,0.9151105801074749,0.08488941989252508
1,0,0.4730948391403471,0.5269051608596529
1,1,0.9310038602712903,0.06899613972870966
1,1,0.8954746474024569,0.10452535259754314
0,1,0.6397882724158097,0.3602117275841903
0,1,0.9244799084895289,0.07552009151047112
1,1,0.7056862288442164,0.2943137711557836
0,0,0.41997773301062125,0.5800222669893788
0,1,0.892359018256973,0.10764098174302705
1,1,0.9054856376835506,0.09451436231644939
1,0,0.36189737388595306,0.638102626114047
1,0,0.440986300947949,0.559013699052051
0,1,0.9017332415990237,0.09826675840097632
1,1,0.7660368481113654,0.2339631518886346
0,0,0.47054364941918564,0.5294563505808143
1,1,0.8948169952512821,0.10518300474871789
1,1,0.5892478461919389,0.41075215380806107
0,0,0.33814438055465207,0.661855619445348
1,1,0.9301161093515702,0.06988389064842981
1,1,0.593604250527332,0.406395749472668
1,1,0.9185965947349378,0.08140340526506218
1,1,0.556060334329044,0.443939665670956
1,1,0.8942399919704563,0.10576000802954366
1,1,0.9330609153354609,0.06693908466453913
1,1,0.5871727658500541,0.41282723414994593
0,1,0.8994292974376246,0.10057070256237544
0,1,0.8804145909467811,0.1195854090532189
1,1,0.8459672214211437,0.15403277857885633
0,1,0.5453869534359096,0.4546130465640904
1,1,0.8993427066397107,0.10065729336028928
0,1,0.6759576298487654,0.3240423701512346
1,1,0.6862935440362111,0.3137064559637889
1,0,0.4024542133540447,0.5975457866459553
0,1,0.5663951834771627,0.43360481652283733
0,1,0.6996129597826577,0.3003870402173423
1,0,0.43355799723436783,0.5664420027656322
0,0,0.4091767100653973,0.5908232899346026
0,0,0.4581397264657277,0.5418602735342724
1,0,0.4337015793027224,0.5662984206972776
1,1,0.8861586080308044,0.11384139196919563
1,1,0.8761989647554123,0.12380103524458774
0,1,0.6201246449364874,0.37987535506351255
0,1,0.500319586649922,0.49968041335007796
1,0,0.35962776701023463,0.6403722329897654
0,1,0.5646143381000553,0.43538566189994465
1,0,0.4386033121359764,0.5613966878640235
1,1,0.86914206488453,0.13085793511546995
0,1,0.8871915869442573,0.11280841305574274
1,1,0.9160059396505656,0.08399406034943435
1,1,0.9003390639218407,0.09966093607815929
0,0,0.441083493669702,0.558916506330298
0,0,0.49130585045866015,0.5086941495413398
0,1,0.5302531864318402,0.46974681356815984
0,1,0.6135291988687473,0.38647080113125265
1,1,0.8599554949256415,0.1400445050743585
1,1,0.9070116508685117,0.09298834913148835
1,1,0.702601314543635,0.29739868545636505
1,1,0.8739066570520427,0.12609334294795727
1,1,0.8948862251192911,0.10511377488070894
1,1,0.8951523225422797,0.10484767745772028
1,1,0.542401130467672,0.457598869532328
1,1,0.5480878792739371,0.4519121207260629
1,1,0.9353277065553297,0.06467229344467029
1,1,0.8263539955239466,0.17364600447605338
1,1,0.8964173890868846,0.10358261091311538
1,1,0.8876311977744078,0.1123688022255922
0,0,0.4187162576243305,0.5812837423756695
1,0,0.31882487874873483,0.6811751212512651
1,1,0.9072812790524751,0.09271872094752487
1,1,0.8810182958964196,0.11898170410358044
0,1,0.6973965018848309,0.30260349811516907
1,1,0.7922118492041661,0.2077881507958339
1,1,0.847820866435809,0.152179133564191
1,1,0.9313638072371965,0.06863619276280353
1,1,0.9302403365217577,0.06975966347824225
1,1,0.555714218239179,0.444285781760821
1,1,0.8866520342904416,0.11334796570955841
1,1,0.8370514902119739,0.1629485097880261
0,1,0.8980042754705183,0.10199572452948169
1,1,0.8967610778264271,0.10323892217357289
1,1,0.8999173897222931,0.10008261027770693
0,0,0.30900159731217575,0.6909984026878242
1,1,0.9421572083822657,0.05784279161773431
0,1,0.8873105370300018,0.11268946296999816
1,1,0.8638037909490603,0.13619620905093965
1,1,0.6783465851641827,0.32165341483581733
0,1,0.8857475887730075,0.11425241122699248
1,1,0.8812942701102587,0.11870572988974126
1,1,0.8901441546712118,0.10985584532878823
1,1,0.7166111497419156,0.28338885025808436
1,1,0.8749428261596432,0.12505717384035675
1,1,0.5604719460319152,0.4395280539680848
1,1,0.8799546217716928,0.12004537822830719
1,1,0.907965405530008,0.09203459446999196
0,1,0.670738018743602,0.32926198125639805
0,0,0.40352093376259157,0.5964790662374084
1,1,0.917848252523706,0.08215174747629395
1,1,0.9178384479797698,0.08216155202023023
1,1,0.8757860506937486,0.1242139493062514
1,1,0.9171620498217282,0.08283795017827178
1,1,0.6206430576306806,0.3793569423693194
1,1,0.882378474789354,0.11762152521064595
1,1,0.8628803708070875,0.13711962919291254
1,1,0.8921235457315412,0.10787645426845882
1,1,0.8323327733474933,0.16766722665250666
0,0,0.41348628825419564,0.5865137117458044
0,1,0.5981718864753953,0.4018281135246047
0,1,0.5548885006008798,0.4451114993991202
1,1,0.936446153143024,0.06355384685697596
1,1,0.7558781919342956,0.24412180806570438
0,1,0.9019554129236407,0.09804458707635932
0,0,0.3706653512137255,0.6293346487862745
0,1,0.6564307224624294,0.3435692775375706
1,1,0.8926014924629647,0.10739850753703528
1,1,0.8642513588296741,0.13574864117032592
1,1,0.6657075391429434,0.33429246085705655
0,0,0.4789414831663271,0.5210585168336729
1,1,0.8772807391705066,0.12271926082949336
1,1,0.8861762158571755,0.11382378414282446
1,1,0.5087267409645349,0.49127325903546515
1,1,0.9029147349902222,0.09708526500977777
1,1,0.6404194814019577,0.3595805185980423
1,1,0.8086220338268211,0.19137796617317893
1,1,0.813487190112357,0.18651280988764296
0,1,0.5467329136708307,0.45326708632916934
1,1,0.6217454827319977,0.3782545172680023
1,1,0.927014659907872,0.07298534009212798
1,1,0.8752895663849114,0.1247104336150886
0,1,0.906542381526163,0.09345761847383705
1,1,0.894576292357638,0.10542370764236197
1,1,0.921188362489063,0.078811637510937
1,1,0.9059113689726829,0.09408863102731713
1,1,0.9115102224601296,0.08848977753987042
1,1,0.8097426111603889,0.19025738883961107
1,1,0.8696967038255005,0.13030329617449954
1,1,0.550098310355948,0.44990168964405197
1,0,0.3201393025792926,0.6798606974207074
0,0,0.3123627169281723,0.6876372830718277
1,1,0.7424129072047008,0.25758709279529923
1,1,0.7594306378167079,0.24056936218329206
1,1,0.8975688306675306,0.10243116933246943
0,0,0.4924283852926083,0.5075716147073916
0,1,0.6014175798902179,0.39858242010978207
1,1,0.90368379988071,0.09631620011928999
0,1,0.5466883805799178,0.45331161942008225
1,1,0.8830871868154712,0.11691281318452884
1,1,0.9008703977460192,0.09912960225398082
0,1,0.8758467283907997,0.12415327160920031
0,1,0.5208162079458223,0.4791837920541777
0,0,0.47810801757786314,0.5218919824221369
1,1,0.5662724513703833,0.4337275486296167
1,0,0.4218076574143507,0.5781923425856492
1,1,0.8986160482096424,0.10138395179035764
1,0,0.49430591846461547,0.5056940815353845
0,1,0.5739404344847514,0.4260595655152486
0,1,0.587138404571241,0.412861595428759
0,1,0.6213347616635386,0.3786652383364614
0,1,0.6034263770572277,0.3965736229427723
1,1,0.907412700792216,0.09258729920778397
1,1,0.8908479008136284,0.10915209918637159
1,1,0.8798166912391466,0.12018330876085337
1,1,0.6109484910743618,0.3890515089256382
0,1,0.5076461217358094,0.49235387826419064
1,1,0.9062202572034501,0.09377974279654988
1,1,0.8902045486324637,0.10979545136753632
1,1,0.8841749107339647,0.1158250892660353
1,1,0.877829815664592,0.12217018433540805
0,1,0.5096789716659847,0.49032102833401525
0,1,0.63067870211516,0.36932129788484
1,1,0.5334868419015825,0.46651315809841754
1,1,0.7764588866993761,0.22354111330062387
1,1,0.9280147484189727,0.07198525158102731
0,1,0.535711666710237,0.46428833328976304
1,1,0.9218524049013539,0.0781475950986461
0,1,0.6190128619884746,0.3809871380115254
1,1,0.8774426947586418,0.12255730524135822
0,1,0.9200399524481632,0.07996004755183683
0,1,0.8912331342602886,0.1087668657397114
0,1,0.862219088659935,0.13778091134006498
1,1,0.552810308213344,0.447189691786656
1,1,0.9260642393152937,0.07393576068470631
0,0,0.42253884844102196,0.577461151558978
0,1,0.5106043604205214,0.4893956395794786
1,1,0.9275883937055478,0.0724116062944522
1,1,0.9028899109160239,0.09711008908397611
1,1,0.9120509360353091,0.08794906396469093
1,0,0.4761237985547465,0.5238762014452535
1,1,0.6448278217123076,0.35517217828769243
1,1,0.6505565226894503,0.3494434773105497
1,1,0.8775049194892317,0.1224950805107683
1,1,0.5720963128625748,0.4279036871374252
1,1,0.5238012713016624,0.47619872869833757
1,1,0.9005998912791143,0.09940010872088567
1,1,0.7745496944882571,0.22545030551174294
1,1,0.8912859719934282,0.10871402800657182
0,0,0.476720419829316,0.523279580170684
0,1,0.5154686786403835,0.4845313213596165
1,1,0.892135780682359,0.10786421931764101
1,1,0.8922300936847377,0.10776990631526229
1,1,0.8872463457591655,0.1127536542408345
0,1,0.9004639111218428,0.09953608887815724
0,1,0.8081455564673139,0.1918544435326861
1,1,0.8946789704771074,0.10532102952289257
1,1,0.8791682660384563,0.12083173396154367
1,1,0.7304644039899569,0.26953559601004307
0,0,0.4655578313520817,0.5344421686479184
1,0,0.3423051286004451,0.657694871399555
1,1,0.898316567362578,0.10168343263742197
1,1,0.9223585660051671,0.07764143399483292
0,0,0.3620980229956077,0.6379019770043923
1,1,0.9001871737494903,0.09981282625050969
0,0,0.371238553788797,0.628761446211203
0,1,0.7497369815654569,0.2502630184345431
0,1,0.6357579167487439,0.36424208325125607
1,1,0.9280581290355043,0.07194187096449567
1,1,0.9144101523472264,0.08558984765277355
0,1,0.912450397029948,0.08754960297005199
1,1,0.8852654640000267,0.1147345359999733
1,1,0.8857251387566283,0.11427486124337172
1,1,0.8588216272414225,0.14117837275857748
1,1,0.8956852124677508,0.10431478753224921
1,0,0.4157587925968315,0.5842412074031684
0,1,0.9084967846994753,0.09150321530052474
1,0,0.4244988237292762,0.5755011762707238
1,0,0.4376094481522125,0.5623905518477875
1,1,0.8767077164409255,0.12329228355907451
1,1,0.8716629555948193,0.12833704440518068
1,1,0.9075049816937143,0.0924950183062857
1,1,0.9403684688655249,0.05963153113447506
0,0,0.4589317393139486,0.5410682606860514
1,1,0.903567851094345,0.09643214890565499
1,1,0.8534847842548704,0.1465152157451296
1,1,0.8948278666133089,0.10517213338669107
1,1,0.9138615941707721,0.08613840582922794
1,1,0.8173712362086017,0.18262876379139825
0,0,0.4054930464987829,0.5945069535012171
1,1,0.8676198522218193,0.13238014777818075
0,1,0.6831699136225629,0.31683008637743715
1,1,0.5599040156743522,0.4400959843256478
1,1,0.829337314500087,0.17066268549991304
1,1,0.9234295585252588,0.07657044147474124
1,1,0.9182889800635688,0.08171101993643115
1,1,0.5951177760142848,0.40488222398571516
1,1,0.7541782666653184,0.2458217333346816
1,0,0.48202794601387317,0.5179720539861268
1,1,0.9350146805708651,0.06498531942913488
1,1,0.909450254470034,0.09054974552996597
1,0,0.4509926040298263,0.5490073959701737
0,0,0.44532523385456485,0.5546747661454352
1,1,0.8731377167028729,0.12686228329712712
1,1,0.8690741667554792,0.13092583324452078
1,1,0.8890486718423725,0.11095132815762754
1,1,0.8983067732892452,0.10169322671075476
1,0,0.3857789396942117,0.6142210603057883
1,1,0.9447722202375739,0.0552277797624261
1,1,0.9093412391818392,0.09065876081816082
0,0,0.3640041422497797,0.6359958577502203
1,1,0.5490162495160462,0.4509837504839538
0,1,0.8985941406706008,0.10140585932939916
1,1,0.627020109087327,0.37297989091267303
1,1,0.6890595095750781,0.3109404904249219
1,0,0.4053214546203987,0.5946785453796013
1,1,0.9081045531645856,0.0918954468354144
1,1,0.8859103344395413,0.11408966556045874
1,1,0.639433541813352,0.360566458186648
1,1,0.5790338141909626,0.42096618580903744
1,1,0.8498986955082461,0.15010130449175385
1,1,0.902199207188193,0.09780079281180698
1,1,0.9027332712016707,0.09726672879832932
1,1,0.768332025370546,0.231667974629454
1,1,0.6128572049497892,0.38714279505021076
1,1,0.5270899702201745,0.47291002977982555
1,1,0.9194484140868557,0.08055158591314426
1,1,0.9179699225573823,0.0820300774426177
0,1,0.6805875029767582,0.3194124970232418
1,1,0.8717116387376885,0.12828836126231147
1,1,0.8031958986795751,0.19680410132042492
1,1,0.8960514310020303,0.10394856899796967
1,1,0.9211202336338189,0.0788797663661811
0,1,0.9194287993551673,0.0805712006448327
1,1,0.6386343028051933,0.3613656971948067
0,1,0.5440815883190313,0.4559184116809687
0,1,0.5058202966125008,0.49417970338749917
1,1,0.9013783066612538,0.09862169333874615
0,0,0.49194133041554633,0.5080586695844537
0,0,0.4656170272375064,0.5343829727624936
1,1,0.8963805158038647,0.10361948419613531
1,1,0.6092011968808498,0.39079880311915016
1,1,0.6050528815663293,0.3949471184336707
1,1,0.8990474433589989,0.10095255664100111
0,0,0.4933190098825019,0.5066809901174981
1,1,0.9110577622862883,0.08894223771371168
1,1,0.8946641473629992,0.10533585263700085
1,1,0.9383283462957672,0.061671653704232776
1,1,0.88817045589619,0.11182954410380996
0,0,0.3950432272495957,0.6049567727504044
1,0,0.4513823753428909,0.5486176246571091
1,1,0.889438407743381,0.11056159225661899
1,1,0.9028780609017446,0.0971219390982554
1,0,0.48874550570050246,0.5112544942994975
0,0,0.3549508071813658,0.6450491928186342
1,1,0.8669686109767711,0.13303138902322886
0,0,0.289318194563441,0.710681805436559
1,1,0.9180495411129466,0.08195045888705343
1,1,0.8226420978488699,0.17735790215113012
1,1,0.8680277051735447,0.13197229482645534
1,1,0.8925585090111852,0.10744149098881484
0,1,0.5542635581504365,0.4457364418495635
1,1,0.902633754525227,0.09736624547477302
1,0,0.4438889715603648,0.5561110284396352
1,1,0.8940233363348545,0.10597666366514547
0,1,0.6376756308030802,0.3623243691969198
1,1,0.8866671731424679,0.1133328268575321
1,1,0.7628923917511514,0.23710760824884858
1,1,0.8877394932831242,0.11226050671687582
1,1,0.8328843427017264,0.1671156572982736
0,1,0.9024645170334405,0.09753548296655945
1,0,0.3490563827160729,0.6509436172839271
0,1,0.5320830724908511,0.4679169275091489
1,0,0.31705802417360585,0.6829419758263942
1,0,0.4889352284455768,0.5110647715544232
1,1,0.6053175190104797,0.3946824809895203
1,1,0.9006269971529293,0.09937300284707073
1,1,0.9179180899586616,0.08208191004133836
1,1,0.9037445462816446,0.09625545371835542
1,1,0.6272589911266014,0.37274100887339856
1,1,0.9056182904738739,0.09438170952612612
0,1,0.6110345872120224,0.3889654127879776
1,1,0.9065202021779238,0.09347979782207616
0,0,0.47841471499829935,0.5215852850017006
1,1,0.7121976307670282,0.28780236923297176
0,1,0.9103955842102869,0.08960441578971312
1,1,0.8576788206175557,0.14232117938244426
1,1,0.9081617908374904,0.09183820916250962
0,0,0.40202109452008566,0.5979789054799143
1,1,0.7349499463279036,0.26505005367209644
1,1,0.6733827365958243,0.32661726340417574
0,1,0.5384619484083253,0.4615380515916747
1,1,0.6889708501707252,0.31102914982927476
0,1,0.8934464586853845,0.10655354131461547
1,1,0.5050785045162307,0.4949214954837693
1,0,0.4257505736853656,0.5742494263146344
0,0,0.44845403907859466,0.5515459609214053
1,1,0.8966700363078975,0.10332996369210246
1,1,0.9040724918007654,0.09592750819923457
1,1,0.8725736603394326,0.12742633966056738
1,1,0.8416260271990511,0.1583739728009489
0,1,0.615262991772545,0.38473700822745505
0,1,0.5189246107791472,0.4810753892208528
1,1,0.9120230333554445,0.08797696664455545
0,1,0.8942190623633837,0.10578093763661633
1,1,0.9021398570769756,0.09786014292302436
1,1,0.56910916275545,0.43089083724455
1,1,0.9399174735936148,0.06008252640638523
1,1,0.9048115989072981,0.09518840109270188
1,1,0.9452528234717865,0.05474717652821348
0,0,0.4271371549872304,0.5728628450127695
1,1,0.9046653786259302,0.09533462137406978
1,1,0.7769553964822636,0.22304460351773636
0,0,0.3697257865813048,0.6302742134186952
1,1,0.9261412620504765,0.07385873794952347
1,1,0.5364319811386937,0.4635680188613063
1,1,0.9306612587718429,0.06933874122815709
1,1,0.7711062641137927,0.22889373588620732
0,0,0.3858735177174571,0.614126482282543
1,1,0.8986778199050696,0.10132218009493044
1,1,0.9081211274314357,0.09187887256856431
0,1,0.5947988824011607,0.40520111759883926
1,1,0.5767273400879116,0.4232726599120884
0,0,0.43378910127282394,0.5662108987271761
1,1,0.890244234170069,0.10975576582993096
1,1,0.5363181577121602,0.4636818422878398
1,1,0.5727413981404996,0.4272586018595004
1,1,0.9258329833985716,0.07416701660142844
1,1,0.6457486086024504,0.3542513913975496
1,1,0.8834461913123409,0.11655380868765908
0,0,0.48868793822001033,0.5113120617799897
1,1,0.9087511903011466,0.0912488096988534
1,1,0.8121538064487115,0.1878461935512885
1,1,0.9012547830046947,0.09874521699530525
1,1,0.8930232564027409,0.10697674359725906
0,0,0.47825694763804805,0.521743052361952
1,1,0.9075911381000253,0.09240886189997466
1,1,0.5175504948414335,0.48244950515856655
0,0,0.3392634594237686,0.6607365405762313
0,1,0.6742249650299026,0.3257750349700974
1,0,0.4989001293182723,0.5010998706817277
1,1,0.8928716837157954,0.1071283162842046
1,0,0.4427391600568133,0.5572608399431866
1,1,0.6959664589010162,0.30403354109898384
1,1,0.5437952271598961,0.45620477284010386
1,1,0.6844250910789949,0.31557490892100515
1,1,0.9555078566885177,0.044492143311482324
1,1,0.7746758053363513,0.22532419466364872
0,1,0.6051788569089711,0.3948211430910289
1,0,0.37554186590575295,0.624458134094247
0,1,0.5047466457769104,0.4952533542230896
1,1,0.9134586511952798,0.0865413488047202
1,1,0.8990857477799014,0.10091425222009864
0,1,0.5523431208367837,0.4476568791632163
1,1,0.7907857682803644,0.2092142317196356
1,1,0.9156658476004272,0.08433415239957276
1,1,0.8500149670218318,0.14998503297816823
1,1,0.5541965318213476,0.44580346817865235
1,1,0.9086683899044244,0.09133161009557555
1,1,0.9148261053706781,0.0851738946293219
1,1,0.9114821139985647,0.08851788600143529
1,1,0.9035849878587062,0.09641501214129378
1,1,0.6959752779457498,0.30402472205425024
0,0,0.4973308911060614,0.5026691088939386
1,1,0.5222243856852811,0.47777561431471893
1,1,0.8395431119807056,0.16045688801929436
0,0,0.31139716111672666,0.6886028388832733
1,1,0.8091796664042832,0.19082033359571682
1,1,0.9198788124237444,0.08012118757625564
0,1,0.893257570648659,0.10674242935134104
0,1,0.7030055321232751,0.2969944678767249
1,1,0.8901314087037889,0.10986859129621107
1,1,0.8977639406507962,0.10223605934920377
1,1,0.8822910918204994,0.11770890817950064
1,1,0.5748202455632632,0.42517975443673683
0,1,0.6513163926714006,0.3486836073285994
0,0,0.36046132961979965,0.6395386703802004
1,1,0.8493394809767115,0.15066051902328848
1,1,0.9040391660727557,0.0959608339272443
1,0,0.3954670582515016,0.6045329417484984
1,1,0.8743797830282715,0.12562021697172854
1,1,0.5004931114226975,0.4995068885773025
1,0,0.45237177526398964,0.5476282247360104
1,1,0.889158405836982,0.11084159416301798
1,1,0.9176063062656246,0.08239369373437544
1,1,0.8831339100960944,0.11686608990390557
1,1,0.5358821313213088,0.4641178686786912
1,0,0.41927353213934615,0.5807264678606538
1,1,0.8844949716992557,0.11550502830074427
1,1,0.6436092673493725,0.3563907326506275
0,1,0.9460489520915543,0.05395104790844574
1,1,0.9285446562343077,0.07145534376569229
1,1,0.5000598482857019,0.49994015171429806
1,1,0.5943454218904949,0.4056545781095051
1,0,0.48847529559395625,0.5115247044060438
1,1,0.8539703575141794,0.14602964248582062
1,1,0.898757978675745,0.10124202132425497
1,1,0.88075699780434,0.11924300219565998
1,1,0.9317665880266734,0.06823341197332655
1,1,0.8575776778360216,0.14242232216397843
1,1,0.9180613282011674,0.08193867179883263
1,1,0.8941471811008533,0.10585281889914666
1,1,0.8862269433971057,0.11377305660289427
0,1,0.6126612329921088,0.38733876700789116
1,1,0.8599524988619772,0.14004750113802278
1,0,0.44689860787920616,0.5531013921207939
1,1,0.9033568742739567,0.09664312572604328
1,1,0.9036515184284287,0.09634848157157128
0,1,0.6084898572717847,0.39151014272821527
0,0,0.33980609763141995,0.6601939023685801
1,1,0.7125740409493497,0.28742595905065027
1,1,0.9070754943990066,0.09292450560099341
1,1,0.8836982789850945,0.11630172101490555
1,1,0.6828432047083889,0.3171567952916111
1,0,0.49669928568858684,0.5033007143114132
0,0,0.48019861009971926,0.5198013899002807
0,0,0.3813228901593454,0.6186771098406546
1,0,0.49524308953742396,0.504756910462576
1,1,0.841184287271933,0.15881571272806705
1,1,0.903042162154283,0.09695783784571699
1,1,0.8812571319568299,0.11874286804317014
1,1,0.716851546459855,0.28314845354014495
1,1,0.8890746636108879,0.11092533638911206
1,1,0.6412314175099015,0.35876858249009846
1,1,0.5512762283013939,0.4487237716986061
1,1,0.55684433607169,0.44315566392830996
1,1,0.9242218843556191,0.07577811564438086
1,1,0.58609125058123,0.41390874941877
1,1,0.9128848373025442,0.08711516269745578
0,0,0.4130081607071992,0.5869918392928009
1,1,0.9173697652223227,0.08263023477767728
1,1,0.8974032347849693,0.1025967652150307
1,1,0.9165609683735885,0.08343903162641153
1,1,0.8744134235517335,0.12558657644826654
1,0,0.46351177242999403,0.536488227570006
1,0,0.43141332077485584,0.5685866792251442
1,1,0.883418515124771,0.11658148487522901
0,0,0.3149334033251861,0.685066596674814
1,1,0.9031866422696466,0.09681335773035338
1,1,0.5683656523308753,0.4316343476691247
1,1,0.5700448320540279,0.4299551679459721
1,1,0.8951170090047169,0.10488299099528309
1,1,0.9302631270140929,0.06973687298590714
1,1,0.9149061031762292,0.08509389682377078
1,1,0.6215840232431071,0.37841597675689287
1,1,0.9012985015371394,0.09870149846286058
1,1,0.7102122736907436,0.2897877263092564
1,1,0.5144160556941106,0.48558394430588936
1,1,0.8814407585595151,0.11855924144048491
1,1,0.7657940328844443,0.23420596711555575
1,1,0.8734987973415993,0.1265012026584007
1,1,0.5650084632946963,0.43499153670530366
1,0,0.3647097440256566,0.6352902559743434
1,1,0.8956975729592325,0.10430242704076753
0,1,0.8426124378429409,0.15738756215705907
1,1,0.9170504473137624,0.0829495526862376
0,0,0.37898599790832455,0.6210140020916755
0,0,0.37195967476794356,0.6280403252320564
0,0,0.44640653893706095,0.553593461062939
1,1,0.6735259439681731,0.3264740560318269
1,1,0.8976209206133934,0.10237907938660662
1,1,0.9101795661359029,0.0898204338640971
1,1,0.5850578777925416,0.4149421222074584
1,1,0.5536950210386563,0.4463049789613437
1,1,0.8943988057814841,0.10560119421851588
1,1,0.9036634525867747,0.09633654741322528
1,1,0.8986222022388961,0.1013777977611039
1,1,0.90389556859874,0.09610443140126002
1,1,0.9291688266438131,0.07083117335618694
0,0,0.43994887382069797,0.560051126179302
1,1,0.9280911203527369,0.07190887964726311
1,1,0.9132507986315078,0.08674920136849218
1,1,0.857948604951097,0.14205139504890296
1,1,0.6670605352535843,0.33293946474641567
0,1,0.8309850249082902,0.16901497509170982
1,1,0.5792570698194738,0.4207429301805262
1,1,0.9009363182799914,0.09906368172000857
0,1,0.5016189326969674,0.49838106730303255
1,1,0.5956059077663204,0.4043940922336796
1,1,0.6558912194500515,0.34410878054994853
1,1,0.7478409408367628,0.2521590591632372
0,0,0.44382398458803257,0.5561760154119675
0,1,0.8643102803447732,0.1356897196552268
1,1,0.8213361957379218,0.17866380426207817
0,0,0.39678497146978225,0.6032150285302178
1,1,0.8908590872311711,0.10914091276882887
1,1,0.8902549604688839,0.10974503953111614
1,0,0.4923883262858274,0.5076116737141726
1,1,0.908393279488791,0.091606720511209
0,1,0.7228294642664216,0.2771705357335784
1,1,0.933148486082177,0.06685151391782296
1,1,0.8839750418438528,0.11602495815614722
1,1,0.8870120690102509,0.11298793098974913
1,1,0.9031722364218591,0.09682776357814094
1,0,0.38251524328675485,0.6174847567132451
1,1,0.8945646718839427,0.10543532811605727
1,1,0.7446588172068175,0.2553411827931825
1,1,0.9324857730687546,0.06751422693124542
0,1,0.7109255641412886,0.2890744358587114
0,1,0.8998975612697366,0.10010243873026337
1,1,0.9079838606052939,0.0920161393947061
1,1,0.8845116483450879,0.11548835165491211
0,0,0.4781253301640655,0.5218746698359344
1,0,0.4300599968796282,0.5699400031203719
1,1,0.9088570058529847,0.09114299414701532
1,1,0.5378138786530561,0.4621861213469439
1,1,0.5528383586161127,0.44716164138388725
0,0,0.46724595908963784,0.5327540409103622
1,1,0.9070147692621401,0.09298523073785991
0,1,0.5435859884228237,0.4564140115771763
1,1,0.8950349606275552,0.10496503937244483
0,0,0.4767056119865353,0.5232943880134646
1,1,0.5592492883725468,0.44075071162745316
1,1,0.8871474609312269,0.11285253906877313
1,1,0.6636699967769714,0.33633000322302864
1,1,0.6601197170705846,0.3398802829294154
0,1,0.5444364396996381,0.45556356030036194
1,1,0.89349079762838,0.10650920237161998
1,1,0.6258179276803292,0.3741820723196708
0,1,0.69079285310742,0.30920714689258
1,1,0.8232720566140331,0.17672794338596687
1,1,0.9039670594901695,0.09603294050983047
1,1,0.79895867207809,0.20104132792190998
1,1,0.8730430772046142,0.12695692279538584
1,1,0.9272817130950112,0.07271828690498883
0,1,0.5937390886927594,0.4062609113072406
0,1,0.6447998170249002,0.3552001829750998
1,1,0.8598898484842894,0.1401101515157106
1,1,0.8992917066871032,0.10070829331289677
0,0,0.34031745628758664,0.6596825437124134
1,1,0.910486231152853,0.08951376884714701
1,1,0.8903836053461549,0.1096163946538451
1,1,0.9113141832235645,0.0886858167764355
1,1,0.906380537712147,0.093619462287853
1,1,0.9064626389574728,0.09353736104252719
1,1,0.9010748067551055,0.09892519324489446
1,1,0.9350112469385117,0.06498875306148832
0,1,0.8692698975149004,0.13073010248509964
1,1,0.857721302961848,0.142278697038152
1,1,0.618130209521687,0.38186979047831304
1,1,0.8843216809507147,0.11567831904928527
1,1,0.5859466003221094,0.41405339967789057
1,1,0.6121809206324391,0.3878190793675609
1,0,0.4742856779114797,0.5257143220885203
0,0,0.4342337619731954,0.5657662380268046
0,1,0.8745230395159872,0.1254769604840128
1,1,0.9196583778020938,0.08034162219790619
0,0,0.4708351139118687,0.5291648860881313
1,1,0.9070103516624933,0.09298964833750667
1,1,0.7741497930231971,0.22585020697680291
1,1,0.6911703684097847,0.30882963159021526
1,1,0.8934951179994377,0.1065048820005623
0,0,0.3869007460730979,0.6130992539269021
0,1,0.8424961008583202,0.15750389914167984
1,1,0.8963992992631087,0.10360070073689132
1,1,0.8961296315293753,0.1038703684706247
1,1,0.901404905822626,0.098595094177374
1,0,0.3913883482249876,0.6086116517750124
1,1,0.9177828878952743,0.08221711210472571
1,1,0.5332162151451858,0.4667837848548142
1,1,0.9016734101318086,0.09832658986819143
1,1,0.8961987458719337,0.10380125412806629
1,1,0.8953371290615647,0.10466287093843529
1,0,0.3921593949114552,0.6078406050885448
0,1,0.8860853044343775,0.1139146955656225
1,1,0.8998027956644042,0.10019720433559576
0,0,0.48540103145506985,0.5145989685449301
1,1,0.9008197521175046,0.09918024788249535
1,1,0.9087896780324974,0.09121032196750256
0,1,0.8962435325111998,0.10375646748880019
0,1,0.5148326712337853,0.4851673287662147
1,1,0.9043242000103389,0.09567579998966114
1,1,0.9167096183194988,0.08329038168050118
1,1,0.8923461212769029,0.10765387872309706
1,1,0.8874211148048105,0.11257888519518955
1,1,0.6580177851462582,0.3419822148537418
1,1,0.5659614814110882,0.43403851858891185
0,1,0.5268912640531009,0.47310873594689906
0,0,0.37640771726316646,0.6235922827368335
1,1,0.5654431566457524,0.4345568433542476
1,1,0.6328459052112044,0.36715409478879557
1,1,0.8947602600014343,0.10523973999856573
1,1,0.8967447707391117,0.10325522926088826
0,1,0.5948676660226362,0.4051323339773638
0,1,0.5352650780449447,0.4647349219550553
1,1,0.8476737921210705,0.15232620787892948
1,1,0.8782338630362388,0.12176613696376115
1,1,0.5002819714310073,0.4997180285689927
1,1,0.7030430577954725,0.2969569422045275
1,1,0.8947551184094571,0.1052448815905429
0,0,0.39251861152173606,0.6074813884782639
1,1,0.9090312712809778,0.09096872871902217
0,0,0.43458861862640924,0.5654113813735908
1,0,0.3534373753542933,0.6465626246457067
1,1,0.597889587294756,0.40211041270524395
1,1,0.8202306895857845,0.1797693104142155
1,1,0.9143477522121358,0.08565224778786418
0,0,0.49233709366893996,0.50766290633106
1,1,0.540256877025429,0.459743122974571
1,1,0.8979911626488138,0.10200883735118615
1,0,0.4631188652095474,0.5368811347904525
1,1,0.8627359456226872,0.13726405437731282
0,1,0.6168545703896655,0.3831454296103345
1,1,0.5857765796323366,0.41422342036766335
0,0,0.4009917568765797,0.5990082431234203
1,1,0.8950865013468403,0.10491349865315969
1,1,0.9078900327576872,0.0921099672423128
1,1,0.8414848233390897,0.1585151766609103
1,1,0.8524967810427555,0.1475032189572445
0,0,0.44877698580977193,0.5512230141902281
0,0,0.48783561338052805,0.512164386619472
1,1,0.9371042052134964,0.06289579478650364
1,0,0.46089648225291074,0.5391035177470893
1,1,0.8944744838547021,0.10552551614529793
1,1,0.9086896104546671,0.09131038954533288
0,1,0.5573359178817845,0.4426640821182155
1,1,0.5650385513840149,0.43496144861598507
0,1,0.8863291207059374,0.11367087929406261
1,1,0.8965440041468595,0.10345599585314047
1,1,0.8184259791596239,0.1815740208403761
1,1,0.8702078811440942,0.1297921188559058
1,1,0.5721471111331616,0.42785288886683837
1,0,0.4710119728656032,0.5289880271343967
1,1,0.9393856926379687,0.06061430736203133
1,1,0.9161764157679635,0.08382358423203651
1,1,0.8392561874655392,0.1607438125344608
1,1,0.5265502984072757,0.47344970159272426
1,1,0.8950008364488906,0.10499916355110939
1,1,0.8986934377000745,0.10130656229992552
1,0,0.3664376523547008,0.6335623476452992
1,1,0.9015185144225952,0.09848148557740477
0,1,0.5703394829527114,0.4296605170472886
0,1,0.6873969088104288,0.3126030911895712
0,0,0.43957600658844687,0.5604239934115531
1,1,0.9032889953503672,0.09671100464963278
0,1,0.5693349527545284,0.4306650472454716
0,1,0.6009917456584836,0.39900825434151643
1,1,0.5962433142080613,0.4037566857919387
1,1,0.8758501135899981,0.12414988641000191
1,1,0.5020430150952616,0.4979569849047384
0,1,0.6117813417519868,0.38821865824801316
1,1,0.5187059504285082,0.4812940495714918
0,1,0.718790192643777,0.28120980735622303
1,1,0.7739287245130136,0.22607127548698636
1,1,0.9007945913312119,0.09920540866878813
0,1,0.5323102653211249,0.4676897346788751
1,0,0.4857111187113174,0.5142888812886826
0,1,0.6573119083082528,0.3426880916917472
1,1,0.897241886669125,0.10275811333087503
0,0,0.36069025102611674,0.6393097489738833
1,1,0.6181327790432943,0.38186722095670567
1,1,0.5213195358223413,0.47868046417765875
1,1,0.9067207038930907,0.09327929610690933
1,1,0.7993704482058921,0.2006295517941079
1,1,0.9063284237299312,0.09367157627006883
1,1,0.5628215611989343,0.43717843880106566
1,1,0.9182455919896142,0.0817544080103858
0,1,0.6606858632220951,0.3393141367779049
0,1,0.6194090011636696,0.3805909988363304
0,1,0.676750173834755,0.323249826165245
1,1,0.853872738189469,0.14612726181053104
1,1,0.6544918406859184,0.34550815931408163
1,1,0.8563357847423558,0.14366421525764417
1,0,0.4809688987663603,0.5190311012336397
0,0,0.48958463404599484,0.5104153659540052
1,0,0.3916341346563599,0.6083658653436401
1,1,0.8892031961367451,0.11079680386325486
1,1,0.8953984615378527,0.10460153846214726
1,1,0.6831019314077281,0.3168980685922719
1,1,0.9071596649867871,0.09284033501321287
0,0,0.3944725192365446,0.6055274807634554
1,1,0.8747949426981702,0.12520505730182985
1,1,0.5254896959270898,0.47451030407291017
1,1,0.8730206439139107,0.12697935608608935
0,1,0.8995524433096552,0.10044755669034477
1,1,0.610144868299244,0.38985513170075603
1,1,0.8934707660049392,0.10652923399506076
1,1,0.7433593429056762,0.2566406570943238
1,1,0.5964683501372524,0.4035316498627476
0,1,0.7121587323981408,0.28784126760185924
1,1,0.9108634151282786,0.08913658487172138
1,0,0.4230857688658964,0.5769142311341036
1,1,0.9131534339354463,0.08684656606455365
0,0,0.3342120529570962,0.6657879470429038
0,1,0.6659628468648134,0.33403715313518656
1,1,0.8964558811062635,0.10354411889373649
1,1,0.8821244513888854,0.1178755486111146
1,1,0.8973974737399635,0.10260252626003652
1,1,0.9206335068011329,0.07936649319886713
1,1,0.66208383709917,0.33791616290083004
0,0,0.38109392452087115,0.6189060754791289
0,1,0.6140818191815097,0.3859181808184903
0,1,0.6209247194996806,0.37907528050031936
1,0,0.46030162543537423,0.5396983745646258
1,1,0.7125096909543427,0.2874903090456573
0,1,0.7260911217555736,0.27390887824442645
0,1,0.8976589550363829,0.10234104496361707
1,1,0.8798336820099678,0.12016631799003219
0,1,0.7475627441665315,0.25243725583346854
0,0,0.38933862971432687,0.6106613702856731
0,1,0.7343043723788287,0.26569562762117127
0,1,0.5977214712788741,0.4022785287211259
1,1,0.9056732013753223,0.09432679862467774
1,1,0.7293438599525792,0.2706561400474208
0,0,0.460908383223183,0.5390916167768169
0,0,0.39237392903371743,0.6076260709662826
1,1,0.8483098720516974,0.1516901279483026
1,1,0.8838997002573106,0.11610029974268943
0,1,0.8317634686991788,0.16823653130082117
1,1,0.8827093824847149,0.11729061751528513
1,1,0.774801190789447,0.22519880921055302
1,1,0.8791738188583595,0.12082618114164045
1,1,0.9222845099681305,0.0777154900318695
1,0,0.4068773185065536,0.5931226814934464
0,1,0.5056406918395903,0.49435930816040974
1,1,0.9145640216615746,0.08543597833842542
1,1,0.5932429338372461,0.40675706616275387
1,1,0.8828691216125384,0.11713087838746161
0,1,0.5203418970298596,0.47965810297014044
1,1,0.8774180589320051,0.12258194106799492
1,1,0.5085942729553034,0.49140572704469665
1,1,0.877606016763013,0.12239398323698703
0,0,0.45992380942756705,0.540076190572433
0,1,0.5099300488303086,0.49006995116969143
1,1,0.7280228496697171,0.2719771503302829
0,1,0.8798913906520278,0.12010860934797218
1,1,0.5981314004559345,0.4018685995440655
0,1,0.5927680416381631,0.4072319583618369
1,1,0.5597949909471179,0.44020500905288207
0,1,0.5239100580051664,0.47608994199483357
1,1,0.9017120799559032,0.09828792004409681
1,1,0.580583640117896,0.419416359882104
1,1,0.8870298965906925,0.11297010340930747
1,1,0.8869861559183434,0.1130138440816566
1,0,0.48220858169465397,0.517791418305346
1,1,0.9276587754958179,0.07234122450418212
1,0,0.33627223025226327,0.6637277697477367
1,1,0.9070301568149487,0.0929698431850513
1,1,0.8936298081238296,0.10637019187617036
1,1,0.9073476074982877,0.09265239250171231
1,1,0.8891265886177265,0.11087341138227347
1,1,0.9196919858282794,0.08030801417172062
1,1,0.9094308317730835,0.09056916822691652
1,0,0.313426804026453,0.686573195973547
1,1,0.6272177612506088,0.3727822387493912
1,1,0.9058983459332195,0.0941016540667805
1,1,0.899307281535893,0.10069271846410699
1,1,0.5996094671090295,0.4003905328909705
1,1,0.5389264309746356,0.46107356902536445
1,1,0.8953168854354473,0.1046831145645527
0,0,0.31192673210816274,0.6880732678918373
1,0,0.49748189518181557,0.5025181048181844
1,1,0.9149329846439157,0.0850670153560843
0,1,0.9156914339251095,0.08430856607489046
0,1,0.5507831397845565,0.4492168602154435
0,1,0.6611497851825497,0.33885021481745026
0,1,0.5211812362913849,0.4788187637086151
1,1,0.8841635198423387,0.11583648015766135
0,1,0.5129055834263949,0.4870944165736051
1,0,0.47055579986020263,0.5294442001397974
1,0,0.3491326187042524,0.6508673812957476
0,0,0.47054215129656035,0.5294578487034396
0,1,0.6212659814152622,0.37873401858473776
0,0,0.40368380413308264,0.5963161958669174
1,1,0.6860030324667803,0.3139969675332197
1,1,0.8556436974362527,0.14435630256374732
1,1,0.9205361602333617,0.07946383976663829
1,1,0.7662349659652783,0.2337650340347217
1,1,0.9001479598668799,0.0998520401331201
1,1,0.9080672711049492,0.09193272889505077
1,1,0.7201030996754045,0.27989690032459547
1,1,0.5140365839927593,0.4859634160072407
1,1,0.8097219265298806,0.19027807347011938
0,1,0.9063274083537688,0.0936725916462312
1,1,0.9017211195344035,0.09827888046559652
1,1,0.8851751206830312,0.11482487931696883
1,0,0.4696175757132334,0.5303824242867665
1,0,0.45446792446588935,0.5455320755341106
0,0,0.3640234040990218,0.6359765959009782
1,1,0.5310980026237979,0.4689019973762021
0,0,0.4659143875768221,0.5340856124231779
1,1,0.8866473433672928,0.11335265663270722
0,1,0.591608598968724,0.408391401031276
1,1,0.7760255769721455,0.22397442302785453
1,1,0.9137253970313497,0.0862746029686503
1,1,0.9414807131608559,0.05851928683914409
1,1,0.8884775637246085,0.11152243627539149
1,1,0.901518941877675,0.098481058122325
1,1,0.5960389000219648,0.4039610999780352
0,1,0.6924064760170406,0.30759352398295936
1,1,0.8786498206239849,0.12135017937601511
1,1,0.5597147235277363,0.4402852764722637
0,0,0.3794011020507142,0.6205988979492858
1,1,0.8911511444331347,0.1088488555668653
0,0,0.3625315576282164,0.6374684423717836
1,1,0.9104859630880581,0.08951403691194193
0,1,0.8772171964587145,0.12278280354128546
0,0,0.39145327109513267,0.6085467289048674
1,1,0.8891869749124452,0.11081302508755475
1,1,0.91371916870776,0.08628083129223996
1,1,0.7225456611096862,0.2774543388903138
0,1,0.9068889800105109,0.09311101998948912
0,1,0.6268458919944723,0.37315410800552773
1,1,0.7354692980008254,0.2645307019991746
0,0,0.27223932031777204,0.727760679682228
1,1,0.5653849692433837,0.43461503075661634
1,1,0.5364932009992217,0.4635067990007783
1,1,0.8746267369365328,0.1253732630634672
1,1,0.9434646397497043,0.05653536025029571
1,1,0.7678420177357771,0.2321579822642229
1,1,0.8874909234576841,0.1125090765423159
1,1,0.5252072197739935,0.47479278022600646
1,0,0.40285014596095486,0.5971498540390452
1,1,0.5603426873495271,0.4396573126504729
1,1,0.5733772562347568,0.42662274376524323
0,0,0.45232894483300246,0.5476710551669975
1,1,0.7000048271870357,0.2999951728129643
1,1,0.8584200361381202,0.14157996386187977
1,1,0.9189963371461359,0.08100366285386407
1,1,0.903873330249096,0.096126669750904
1,1,0.9213454143608841,0.07865458563911587
1,1,0.9067992338945935,0.09320076610540651
1,1,0.8681271748201732,0.1318728251798268
1,0,0.311177523385831,0.6888224766141691
1,1,0.5718729379949983,0.4281270620050017
1,1,0.8959102833365648,0.10408971666343525
1,1,0.6647796543734732,0.3352203456265268
1,1,0.5769724362214748,0.42302756377852524
1,1,0.8924925676985896,0.10750743230141036
1,1,0.8799106953116923,0.1200893046883077
0,1,0.510216859417205,0.48978314058279504
1,1,0.907042339990652,0.09295766000934802
0,1,0.5637132206990734,0.43628677930092663
1,1,0.8974935351818865,0.10250646481811354
0,1,0.9148837439968451,0.08511625600315487
1,1,0.8988850263941717,0.10111497360582833
1,1,0.872860408757583,0.12713959124241703
1,0,0.31171276910359563,0.6882872308964043
1,1,0.8987580378207274,0.10124196217927262
1,1,0.9046618036061215,0.09533819639387853
1,1,0.8724411015200877,0.1275588984799123
1,1,0.8626311065635679,0.1373688934364321
1,1,0.8941906505775453,0.10580934942245468
1,1,0.9121265100620991,0.0878734899379009
1,1,0.9007975665263055,0.0992024334736945
1,1,0.7098182480156355,0.29018175198436447
1,1,0.921394323121584,0.07860567687841602
1,1,0.8996323971028609,0.10036760289713909
0,0,0.4011670653654575,0.5988329346345425
1,1,0.8769401997334078,0.12305980026659225
1,1,0.8862838015083181,0.11371619849168191
0,1,0.5610383941411786,0.4389616058588214
1,1,0.9434098939422394,0.0565901060577606
1,1,0.84310983411137,0.15689016588863003
1,1,0.8571059582996404,0.14289404170035958
0,1,0.7579776763809211,0.24202232361907894
1,1,0.735585641444551,0.26441435855544904
0,1,0.5837729556233155,0.41622704437668445
1,1,0.9181334506178306,0.08186654938216942
1,1,0.6506892726880654,0.3493107273119346
1,0,0.4717865759214926,0.5282134240785075
1,1,0.9134283102354934,0.08657168976450658
1,0,0.449248319837503,0.550751680162497
1,1,0.9025065587953125,0.0974934412046875
1,1,0.9036343666385923,0.09636563336140769
0,1,0.611399671435923,0.388600328564077
0,1,0.8817108848000849,0.11828911519991514
0,1,0.5280079509604274,0.4719920490395726
1,1,0.7388796308632253,0.2611203691367747
1,1,0.8969055336231228,0.10309446637687725
1,0,0.45415375969268845,0.5458462403073115
1,1,0.6396249330486125,0.36037506695138755
0,1,0.6517144600099235,0.3482855399900765
0,1,0.5560215201711425,0.4439784798288575
1,0,0.406375195476596,0.593624804523404
1,1,0.8969404880365831,0.1030595119634169
1,0,0.4342797885639367,0.5657202114360633
0,1,0.5814567695859851,0.41854323041401487
1,1,0.8812005295129749,0.1187994704870251
1,1,0.8770663330778914,0.12293366692210861
1,1,0.5716625370750641,0.4283374629249359
1,1,0.9209496043842496,0.07905039561575045
0,0,0.40026213271892624,0.5997378672810738
1,1,0.5120597990814302,0.4879402009185698
1,1,0.9219153500163196,0.07808464998368037
1,1,0.9486205670602008,0.051379432939799186
1,1,0.6269536067140181,0.3730463932859819
1,1,0.6083694965347669,0.3916305034652331
1,1,0.6272465602693543,0.3727534397306457
1,1,0.8650212182265093,0.13497878177349065
0,0,0.44707640030374046,0.5529235996962596
1,1,0.7062747201564422,0.2937252798435578
0,0,0.43348750384144735,0.5665124961585526
1,1,0.7477952869663735,0.25220471303362646
1,1,0.8680351358482203,0.13196486415177966
1,1,0.8725029360784778,0.12749706392152216
1,1,0.9064358806312359,0.09356411936876408
1,0,0.38271608893019987,0.6172839110698001
1,1,0.9144104880340058,0.08558951196599418
0,1,0.5210390248506982,0.4789609751493018
0,1,0.5166258412547982,0.48337415874520184
1,1,0.9069906021007517,0.09300939789924834
1,1,0.6202833243691103,0.37971667563088973
1,0,0.4107438433340832,0.5892561566659168
1,0,0.4136720247193239,0.586327975280676
1,1,0.8939106560282654,0.10608934397173464
1,1,0.9136700777240151,0.0863299222759849
1,1,0.6302525536231279,0.36974744637687207
1,0,0.43611142318324114,0.5638885768167589
1,1,0.5813889901793605,0.4186110098206395
1,1,0.8965326357649509,0.1034673642350491
1,1,0.598799320082894,0.40120067991710595
1,1,0.6336347883110308,0.3663652116889692
0,1,0.5054381867309582,0.4945618132690418
1,1,0.8910899746882234,0.10891002531177663
1,1,0.8640244638034805,0.13597553619651948
0,1,0.7940877876497257,0.20591221235027435
1,1,0.54282543610206,0.45717456389794
1,0,0.47590076796503616,0.5240992320349638
0,1,0.9416613244888484,0.05833867551115157
1,1,0.8929378133222942,0.10706218667770584
0,1,0.5393718135882314,0.4606281864117686
1,1,0.8928064499790044,0.10719355002099562
1,1,0.8928923334651669,0.10710766653483306
0,1,0.6401263869654444,0.35987361303455556
1,1,0.7425814452398669,0.2574185547601331
1,1,0.9188630338871399,0.08113696611286014
1,1,0.8852643944686438,0.1147356055313562
1,1,0.6632862766981057,0.3367137233018943
1,1,0.8922538466430826,0.1077461533569174
1,1,0.9135747645623424,0.08642523543765757
0,0,0.4588851107299088,0.5411148892700912
1,1,0.9005409749905998,0.09945902500940018
1,1,0.6525851422249833,0.3474148577750167
0,1,0.8561451468256575,0.14385485317434255
1,1,0.9090877452102656,0.09091225478973441
1,1,0.618119095055866,0.38188090494413396
1,1,0.5641921660270953,0.4358078339729047
1,1,0.89956833176882,0.10043166823118
0,1,0.630631732673326,0.36936826732667405
0,1,0.6350837731091683,0.3649162268908317
1,1,0.922202997667827,0.07779700233217302
1,1,0.8935477488573693,0.10645225114263068
0,0,0.49316488085372184,0.5068351191462781
1,1,0.899915717477977,0.10008428252202295
0,1,0.9051097797150732,0.09489022028492677
1,1,0.9028002948418394,0.09719970515816057
1,1,0.9224851184555016,0.07751488154449837
1,1,0.9099947842757656,0.09000521572423437
1,1,0.8541838344488878,0.1458161655511122
1,1,0.6232477449881096,0.37675225501189036
0,1,0.700204125155365,0.299795874844635
0,1,0.8870328336922504,0.11296716630774961
1,1,0.9125883253317901,0.08741167466820987
0,1,0.5895539244411317,0.41044607555886825
1,1,0.6292114486238783,0.37078855137612166
1,1,0.899143862580841,0.100856137419159
1,1,0.5499735877348042,0.4500264122651958
0,1,0.5229834583237838,0.4770165416762162
1,1,0.9040289015831025,0.09597109841689755
1,1,0.5135235727261817,0.48647642727381835
1,1,0.9013896423590457,0.09861035764095427
1,1,0.929991027451857,0.07000897254814298
1,1,0.8742415888175975,0.1257584111824025
0,1,0.577934791894778,0.42206520810522197
1,1,0.6369897551540643,0.3630102448459357
0,0,0.4421347864892396,0.5578652135107605
1,1,0.6406942610851902,0.35930573891480977
1,1,0.8986270372330902,0.10137296276690977
1,1,0.8439446523354983,0.1560553476645017
1,1,0.9015175146931168,0.0984824853068832
1,1,0.8892414579497859,0.11075854205021407
1,1,0.9217454732083057,0.07825452679169431
1,0,0.4874426299033217,0.5125573700966783
1,1,0.8578220578240955,0.14217794217590451
1,1,0.6386441914085661,0.3613558085914339
1,1,0.8872446154073804,0.11275538459261958
1,1,0.6717631925750964,0.3282368074249036
1,1,0.8846684095918945,0.11533159040810548
0,0,0.49465095483523547,0.5053490451647645
1,1,0.8914894490704957,0.10851055092950435
0,1,0.5700067467235208,0.4299932532764792
1,1,0.9255635405833241,0.07443645941667587
1,1,0.8545295247077468,0.1454704752922532
1,1,0.8946064594264606,0.10539354057353945
1,1,0.8679508196107254,0.1320491803892746
1,1,0.8952827721438243,0.10471722785617565
0,1,0.6051229763983452,0.3948770236016548
1,1,0.9055972371034775,0.0944027628965225
1,1,0.808370338603257,0.19162966139674298
1,1,0.5374019284864437,0.46259807151355625
1,1,0.653360753114743,0.34663924688525705
1,1,0.8737086272280583,0.1262913727719417
1,1,0.8536301643071311,0.14636983569286888
1,1,0.7483240613196674,0.25167593868033256
0,0,0.4504952232895895,0.5495047767104104
0,0,0.49224955288161615,0.5077504471183838
0,0,0.34130937110754217,0.6586906288924579
1,1,0.6383781553024943,0.3616218446975057
0,1,0.9064850177585632,0.09351498224143684
1,1,0.9011660736312614,0.09883392636873856
1,1,0.5254713582975701,0.4745286417024299
1,1,0.6709246520653306,0.3290753479346694
1,1,0.906203826299931,0.09379617370006899
1,1,0.9271738510968148,0.07282614890318517
1,1,0.8848628490064391,0.11513715099356092
1,1,0.884805942252396,0.11519405774760405
1,1,0.916760020555714,0.08323997944428596
0,1,0.6402057955186695,0.3597942044813305
1,1,0.9012032004574934,0.09879679954250664
0,1,0.5521616796783753,0.44783832032162474
1,1,0.8620457006056896,0.13795429939431036
0,0,0.41708212741011663,0.5829178725898834
0,1,0.6524523752099892,0.3475476247900108
0,1,0.6292888887108683,0.3707111112891317
1,1,0.5441112284064668,0.45588877159353325
1,1,0.5625696102922064,0.4374303897077936
1,1,0.6803851679864257,0.3196148320135743
1,1,0.8827420925130893,0.11725790748691067
1,1,0.8976422996156211,0.10235770038437886
0,1,0.6792086100509337,0.3207913899490663
1,1,0.5189188692488454,0.48108113075115455
1,0,0.37440284731399065,0.6255971526860094
0,1,0.6736780668097293,0.3263219331902707
1,1,0.9049880845485404,0.0950119154514596
1,1,0.933530484949853,0.06646951505014698
1,1,0.8647043175081001,0.13529568249189994
1,1,0.5473171782849764,0.4526828217150236
1,1,0.8480091285681649,0.1519908714318351
1,1,0.6427920501425451,0.35720794985745485
1,1,0.6597598149123445,0.3402401850876555
1,1,0.5838995299269365,0.4161004700730635
0,1,0.5702226287115705,0.4297773712884295
1,1,0.910672556808186,0.08932744319181396
0,0,0.4637418388233566,0.5362581611766434
0,1,0.9027283774898355,0.09727162251016452
0,1,0.5002965132873609,0.4997034867126391
0,1,0.8952269197382411,0.10477308026175891
0,1,0.9080878553450307,0.09191214465496933
1,1,0.8793925654480004,0.12060743455199963
1,1,0.7798485631651209,0.22015143683487914
1,1,0.8978168965498505,0.10218310345014947
1,1,0.6236992944611116,0.3763007055388884
0,1,0.897691926185813,0.10230807381418705
1,1,0.9059057905666974,0.0940942094333026
0,0,0.47118182633723216,0.5288181736627678
1,1,0.5797368242508166,0.42026317574918337
1,1,0.6916024507691716,0.3083975492308284
1,1,0.5171967358330937,0.48280326416690633
0,1,0.6046206220402057,0.3953793779597943
0,0,0.49085347333620827,0.5091465266637918
1,1,0.8896332542620042,0.11036674573799576
1,1,0.6257309992218144,0.3742690007781856
1,0,0.3493854242650383,0.6506145757349617
1,1,0.8957354528252409,0.10426454717475908
0,1,0.6028930730075668,0.3971069269924332
1,1,0.5347141074541133,0.4652858925458867
1,1,0.9133875420599387,0.08661245794006134
1,1,0.5151363304000709,0.4848636695999291
1,1,0.8728829281042398,0.12711707189576016
1,1,0.8549045470838421,0.14509545291615789
1,1,0.5710444737659478,0.4289555262340522
1,1,0.8756033668041169,0.12439663319588312
1,1,0.716511967953046,0.28348803204695405
1,1,0.7352766928017725,0.26472330719822745
1,1,0.6191368795251573,0.3808631204748427
1,1,0.8732817264467235,0.12671827355327647
0,1,0.6684477040400911,0.33155229595990887
1,1,0.874297630844555,0.12570236915544497
1,1,0.91135207432678,0.08864792567322
1,1,0.8907767179716828,0.10922328202831721
0,1,0.5404224952527547,0.45957750474724535
1,1,0.9106080051617279,0.08939199483827209
1,1,0.8866446375153452,0.11335536248465483
1,1,0.9011547799662644,0.09884522003373564
1,1,0.8888176744975536,0.11118232550244644
1,1,0.9061586309482754,0.09384136905172458
1,1,0.9072523972057278,0.09274760279427219
1,1,0.5020986830153019,0.4979013169846981
0,1,0.6227817716955822,0.37721822830441776
1,0,0.47342660215849075,0.5265733978415092
1,1,0.9169244302931354,0.08307556970686458
1,1,0.9005916077455373,0.09940839225446274
1,1,0.6778694005522601,0.3221305994477399
0,0,0.47061295630072675,0.5293870436992733
1,1,0.8149125476507063,0.1850874523492937
1,1,0.7937142174059824,0.20628578259401764
1,1,0.9003833239104817,0.0996166760895183
0,1,0.5696483493627997,0.43035165063720027
1,1,0.8917551180761241,0.10824488192387594
1,1,0.9003627243779484,0.0996372756220516
0,0,0.33326618307655187,0.6667338169234481
1,1,0.9089386770396596,0.09106132296034042
1,1,0.9200970849760196,0.07990291502398039
1,1,0.7196551383827705,0.2803448616172295
0,1,0.5541661600069814,0.4458338399930186
1,1,0.6773039175143403,0.32269608248565973
0,1,0.701614697678504,0.29838530232149596
1,1,0.8902491386065727,0.10975086139342727
1,1,0.9476691638939962,0.05233083610600375
1,1,0.8958707138329158,0.10412928616708417
0,0,0.38513575254353816,0.6148642474564618
1,1,0.9187787329679047,0.08122126703209531
0,0,0.34650394553268377,0.6534960544673163
1,1,0.9065638144706334,0.09343618552936661
0,1,0.5111629929076958,0.48883700709230415
1,1,0.9134197172221743,0.0865802827778257
0,0,0.47584647774595423,0.5241535222540458
1,1,0.9401765623994535,0.059823437600546536
1,1,0.9211620769079383,0.07883792309206172
0,0,0.47334215702577,0.52665784297423
0,0,0.37682616842003264,0.6231738315799673
1,1,0.6609558529426237,0.3390441470573763
0,1,0.8500376747945624,0.14996232520543762
1,1,0.5284640642097206,0.4715359357902794
0,1,0.8981630310805341,0.10183696891946592
0,1,0.9020721690022722,0.09792783099772784
0,1,0.8840311379960867,0.11596886200391332
1,1,0.9053316624147338,0.09466833758526616
0,0,0.3845593767335049,0.6154406232664951
1,1,0.8927165606740421,0.10728343932595785
0,1,0.5445630003887013,0.4554369996112987
1,1,0.6266693579530377,0.3733306420469623
1,1,0.506294686814339,0.493705313185661
1,1,0.8873766639253999,0.11262333607460007
1,1,0.8996040708828621,0.1003959291171379
1,1,0.8944419119087312,0.10555808809126876
0,1,0.9302828402546932,0.06971715974530679
0,0,0.41310897908281646,0.5868910209171836
0,0,0.4127856037947651,0.587214396205235
0,1,0.5341961806256945,0.4658038193743055
1,1,0.6785769753455323,0.3214230246544677
0,1,0.5175429234001679,0.48245707659983206
0,0,0.4874426364050911,0.5125573635949089
1,0,0.49098260908998365,0.5090173909100164
1,1,0.8912363377651029,0.10876366223489708
0,1,0.8909773861467235,0.1090226138532765
0,1,0.591448850806553,0.40855114919344704
1,1,0.7268937471032967,0.2731062528967033
0,1,0.5394448615302024,0.46055513846979756
0,0,0.4035489611891283,0.5964510388108717
0,0,0.43277158615585076,0.5672284138441492
1,1,0.8807316359971888,0.11926836400281116
0,1,0.8870839213096489,0.11291607869035114
1,1,0.8189869428775998,0.18101305712240023
1,1,0.897357772265939,0.10264222773406095
1,1,0.9142751651763913,0.08572483482360871
1,1,0.894958107986722,0.10504189201327796
0,1,0.7495745796546666,0.25042542034533344
1,1,0.7718815689652418,0.22811843103475815
0,1,0.6047367799480826,0.3952632200519174
1,1,0.6130379743474248,0.3869620256525752
1,0,0.47759231586105616,0.5224076841389438
1,1,0.8680896421050975,0.13191035789490246
0,1,0.6300800152822237,0.3699199847177763
0,1,0.9012372327283259,0.0987627672716741
1,1,0.6589742069806993,0.3410257930193007
1,1,0.8925980856141076,0.10740191438589242
1,1,0.8784247634557238,0.12157523654427616
1,1,0.5255230835746365,0.4744769164253635
1,1,0.9116894369530552,0.08831056304694485
1,1,0.8682145633126183,0.13178543668738174
1,1,0.6691330953290779,0.33086690467092206
1,1,0.9351133333829977,0.06488666661700226
1,1,0.9179217550736699,0.08207824492633009
0,1,0.5467682006861592,0.45323179931384083
1,1,0.8932188485646493,0.10678115143535072
1,1,0.8899674257604102,0.11003257423958979
1,1,0.8406603526243507,0.15933964737564932
1,1,0.8889857834192042,0.1110142165807958
1,1,0.8683921905469696,0.1316078094530304
1,1,0.90463083061858,0.09536916938142004
1,1,0.9155445470588915,0.08445545294110846
0,0,0.46018692588064386,0.5398130741193561
1,0,0.4492368472631258,0.5507631527368742
0,1,0.6062329852439318,0.39376701475606823
0,1,0.6965711600171984,0.30342883998280157
1,1,0.8911753670241432,0.10882463297585676
1,1,0.9051434585842139,0.09485654141578614
0,0,0.47594523633108843,0.5240547636689116
1,1,0.716004781140305,0.28399521885969503
1,1,0.9028286797193678,0.09717132028063225
1,0,0.4993542700890018,0.5006457299109982
1,1,0.7190133660322569,0.28098663396774315
1,1,0.6230117712133155,0.3769882287866845
0,0,0.42287372861924327,0.5771262713807568
1,1,0.5781330019797041,0.4218669980202959
0,0,0.3795943076001638,0.6204056923998362
1,1,0.7823036196058595,0.21769638039414052
1,1,0.8174720794145028,0.18252792058549716
0,1,0.5436207275589032,0.4563792724410968
1,1,0.9097993054711354,0.09020069452886459
1,1,0.9180782398161103,0.08192176018388975
1,1,0.6927739618476878,0.3072260381523122
1,1,0.9107897780415602,0.08921022195843975
0,1,0.8910338340477546,0.1089661659522454
1,1,0.9536505318976327,0.046349468102367286
1,1,0.5162493585007433,0.48375064149925673
0,0,0.46552065830034584,0.5344793416996542
1,1,0.8802025766802616,0.11979742331973842
1,1,0.8406531518510271,0.15934684814897293
1,0,0.42905290972856336,0.5709470902714366
1,1,0.8924887248000344,0.10751127519996562
1,1,0.9074661661666231,0.09253383383337688
1,1,0.9135309012661551,0.0864690987338449
1,1,0.517887910466327,0.482112089533673
1,1,0.9067492000291776,0.09325079997082242
1,1,0.5090347617011719,0.4909652382988281
1,1,0.7311392148783871,0.26886078512161293
1,1,0.9175240349179352,0.08247596508206478
0,0,0.4973564233785079,0.5026435766214921
0,1,0.5959279208966377,0.4040720791033623
1,1,0.9099097219188512,0.09009027808114878
0,1,0.7054945306706926,0.29450546932930743
1,1,0.9114519790148683,0.0885480209851317
1,1,0.6249269124530801,0.3750730875469199
1,1,0.542433935886797,0.457566064113203
1,1,0.8733469993184214,0.1266530006815786
1,1,0.89289039755101,0.10710960244899004
0,1,0.5299305349689016,0.47006946503109837
1,1,0.9177790883067921,0.08222091169320789
1,1,0.910228368875811,0.08977163112418896
1,1,0.8989000845096803,0.10109991549031971
1,1,0.8803490429124211,0.11965095708757889
1,1,0.7685588752943507,0.23144112470564926
1,1,0.9178249654988129,0.08217503450118713
1,1,0.538302714782381,0.461697285217619
1,1,0.8335597910604007,0.16644020893959932
0,1,0.6263757317039211,0.37362426829607887
1,1,0.8858522186857428,0.11414778131425718
1,1,0.8694225553139625,0.1305774446860375
1,0,0.4669125949148199,0.5330874050851802
1,1,0.5849517840130503,0.41504821598694974
1,0,0.4383138929352961,0.5616861070647039
1,1,0.9188152215097077,0.08118477849029226
1,1,0.8346704923046712,0.16532950769532884
1,1,0.9033811009909228,0.09661889900907716
1,1,0.8630336154614497,0.13696638453855026
1,1,0.7226394009750402,0.2773605990249598
1,1,0.5459401408070461,0.4540598591929539
1,1,0.8214755781778165,0.17852442182218353
0,0,0.357684519886645,0.642315480113355
1,1,0.7836171385497708,0.21638286145022922
1,0,0.4284329689893974,0.5715670310106026
1,1,0.6816400910711577,0.31835990892884225
1,1,0.9020181750180953,0.09798182498190466
1,1,0.8962427733786628,0.10375722662133724
1,1,0.9101809362343058,0.08981906376569415
1,1,0.9032646527718688,0.09673534722813115
1,1,0.897810263227635,0.10218973677236498
0,0,0.41439500867336965,0.5856049913266304
1,1,0.9414748335845887,0.05852516641541128
0,0,0.45042655490431505,0.549573445095685
1,1,0.9255227125016006,0.07447728749839944
1,1,0.9070839201922204,0.0929160798077796
1,1,0.5022249940071011,0.4977750059928989
1,1,0.6487246025537973,0.35127539744620273
0,1,0.6276939893861497,0.37230601061385027
1,1,0.8974612442357586,0.10253875576424143
1,1,0.8192504854484499,0.18074951455155008
1,1,0.8862956891218771,0.11370431087812294
0,0,0.3735345132931266,0.6264654867068734
0,1,0.5489195070710949,0.45108049292890506
1,1,0.6580049990421608,0.3419950009578392
1,1,0.9040611507800025,0.09593884921999751
1,1,0.9145576515038956,0.08544234849610444
0,1,0.8179089024925593,0.18209109750744068
0,1,0.8103634960516898,0.18963650394831022
1,1,0.5705731177827179,0.4294268822172821
1,1,0.889494771689097,0.11050522831090304
0,0,0.2886346314431373,0.7113653685568627
1,1,0.8656102667686011,0.1343897332313989
1,1,0.903274841598721,0.09672515840127904
1,1,0.8770299073077626,0.12297009269223735
1,1,0.9108370679026251,0.08916293209737491
1,1,0.6448912328371118,0.3551087671628882
1,1,0.8337971121064963,0.16620288789350368
1,0,0.2694341722459508,0.7305658277540492
0,1,0.8747044837466456,0.12529551625335444
0,1,0.9101744872515429,0.08982551274845707
1,1,0.8998634345201358,0.10013656547986416
1,1,0.912483084539735,0.08751691546026497
1,1,0.8920064379478457,0.10799356205215427
0,0,0.43077182162103006,0.5692281783789699
1,1,0.9150417651782287,0.08495823482177134
1,1,0.9217285432761242,0.07827145672387581
1,1,0.8853503602229403,0.11464963977705966
0,1,0.5617962901456469,0.4382037098543531
1,1,0.9087993127674263,0.09120068723257369
1,1,0.74223768760014,0.25776231239986
1,0,0.4088134771063463,0.5911865228936537
1,1,0.9046480572487554,0.09535194275124459
1,1,0.9138049766484689,0.08619502335153106
1,1,0.9129339269507156,0.08706607304928438
1,1,0.8952098734839047,0.10479012651609532
0,0,0.4079567449421284,0.5920432550578716
0,0,0.3776094324636808,0.6223905675363193
0,1,0.5583307930516083,0.44166920694839173
1,1,0.9023063963021546,0.09769360369784541
1,1,0.8619284888275354,0.13807151117246463
1,1,0.9350427835240628,0.06495721647593722
1,1,0.9021957952759494,0.0978042047240506
1,1,0.7966907717211116,0.20330922827888842
1,1,0.8944709934542618,0.10552900654573816
0,0,0.3516207116290312,0.6483792883709688
1,1,0.8737309484875249,0.12626905151247514
1,1,0.9206596077643789,0.07934039223562106
1,1,0.9221987594380282,0.0778012405619718
1,1,0.8714079219527866,0.1285920780472134
0,1,0.8984548111234067,0.10154518887659325
1,1,0.6067175674985869,0.39328243250141315
1,1,0.8844568746857154,0.11554312531428457
0,1,0.5207470817111964,0.47925291828880356
0,1,0.6022083984246482,0.39779160157535176
1,1,0.8971181701851664,0.10288182981483363
1,1,0.608411388616306,0.39158861138369405
1,1,0.8996979001681258,0.10030209983187421
1,1,0.8708823101539394,0.12911768984606065
1,1,0.6315933188793342,0.36840668112066577
1,1,0.9013743683104827,0.09862563168951732
1,1,0.909109977354979,0.090890022645021
0,1,0.6225721145468677,0.37742788545313233
1,1,0.8800416758144542,0.11995832418554575
1,1,0.5668383636129507,0.4331616363870493
0,1,0.8882677136324238,0.11173228636757615
1,1,0.8882932939713174,0.1117067060286826
1,1,0.9014999857030439,0.0985000142969561
1,1,0.9005757125546814,0.09942428744531862
1,1,0.8953560504526311,0.10464394954736889
1,1,0.902594069173056,0.09740593082694404
1,1,0.8883539918381899,0.11164600816181014
0,1,0.848153021903814,0.15184697809618597
1,1,0.623674920507316,0.376325079492684
1,1,0.8410892518893035,0.1589107481106965
0,0,0.3847249330286108,0.6152750669713891
1,1,0.534286884344941,0.465713115655059
1,1,0.7022128014611616,0.2977871985388384
1,1,0.695726553114315,0.30427344688568503
0,1,0.8935864368110963,0.10641356318890371
0,1,0.6330964310484972,0.3669035689515028
0,0,0.4024143274689439,0.5975856725310561
1,1,0.8922311247295307,0.1077688752704693
0,1,0.6910366649552275,0.30896333504477247
1,1,0.8977190523930939,0.10228094760690609
1,1,0.7926717873204397,0.20732821267956025
0,1,0.8674263724680015,0.13257362753199853
0,1,0.7929761463956029,0.20702385360439712
1,0,0.40456579055350506,0.5954342094464949
0,1,0.5428384877642604,0.45716151223573964
0,0,0.4814946006452604,0.5185053993547396
1,1,0.9342230679666984,0.0657769320333016
0,0,0.4178805013152241,0.582119498684776
1,1,0.6919157500913213,0.30808424990867866
1,1,0.6588918951914433,0.3411081048085567
1,1,0.8897701928901323,0.11022980710986774
1,0,0.34662081079616774,0.6533791892038323
1,1,0.8189925822929199,0.18100741770708006
1,1,0.7831666212477364,0.2168333787522636
1,1,0.5025065857826262,0.4974934142173738
1,1,0.8910603641441521,0.10893963585584787
1,1,0.5590613533742095,0.4409386466257905
1,1,0.8742706412339596,0.1257293587660404
1,1,0.8721003825881973,0.12789961741180267
1,1,0.8741261463250921,0.1258738536749079
0,1,0.5663444228022639,0.43365557719773606
1,1,0.9141401750482276,0.08585982495177236
1,1,0.8845398668695568,0.11546013313044323
0,1,0.7029989325368419,0.29700106746315813
0,1,0.8989506635249181,0.10104933647508185
0,1,0.6906635142517088,0.3093364857482912
1,1,0.911484682849021,0.08851531715097904
0,0,0.4994884250859206,0.5005115749140794
1,1,0.8394745499490567,0.16052545005094332
1,1,0.8963731909238981,0.10362680907610189
1,0,0.3942720547019336,0.6057279452980664
1,1,0.782902813397818,0.21709718660218202
1,1,0.630452680536854,0.369547319463146
1,1,0.5629730096292712,0.4370269903707288
1,1,0.8776908419554481,0.12230915804455189
0,1,0.6854903212559388,0.3145096787440612
1,1,0.6599453096765294,0.3400546903234706
1,1,0.6344068335022057,0.3655931664977943
1,1,0.9057831064972008,0.09421689350279916
1,1,0.9063470137287615,0.09365298627123853
1,0,0.49419295425743415,0.5058070457425659
1,1,0.9136326302013613,0.08636736979863868
1,1,0.9620057062002758,0.03799429379972419
1,1,0.8300515534469752,0.16994844655302477
0,1,0.8709243905034326,0.12907560949656738
1,1,0.5423267755541279,0.4576732244458721
0,0,0.33459346315570193,0.6654065368442981
1,1,0.6601783368364298,0.3398216631635702
1,1,0.5414238451792325,0.4585761548207675
1,1,0.930143556529869,0.06985644347013098
1,1,0.8987219744829915,0.10127802551700849
1,1,0.6182899473338025,0.3817100526661975
0,1,0.8524761562319078,0.14752384376809224
0,1,0.7751665362576372,0.2248334637423628
0,1,0.6078507704594451,0.39214922954055487
1,1,0.909468315705376,0.09053168429462399
0,0,0.4843780425555368,0.5156219574444632
1,1,0.9282056920944288,0.07179430790557118
1,1,0.9251064953572186,0.07489350464278144
1,0,0.3384846253150731,0.6615153746849269
0,1,0.7254620159592695,0.2745379840407305
0,1,0.7462980110573039,0.25370198894269613
0,0,0.3781058777321252,0.6218941222678749
1,1,0.8943541404739342,0.10564585952606576
0,1,0.5462762542792405,0.45372374572075946
1,1,0.6670544719466336,0.3329455280533664
1,1,0.5736326555185275,0.4263673444814725
1,1,0.8975274025609106,0.10247259743908943
1,1,0.9034103524515951,0.09658964754840493
1,1,0.5424595196212746,0.4575404803787254
1,1,0.8913393140222465,0.10866068597775347
0,0,0.4343228349241941,0.5656771650758059
1,1,0.698704576768742,0.301295423231258
1,1,0.8815673337611335,0.1184326662388665
1,0,0.40689517582583906,0.593104824174161
1,1,0.8943208061869437,0.10567919381305635
0,0,0.32034453344354535,0.6796554665564547
1,1,0.8434130382065737,0.15658696179342635
1,1,0.8920543192445296,0.1079456807554704
0,0,0.3873350812240922,0.6126649187759078
1,1,0.8911158869271891,0.10888411307281087
1,1,0.8980502040546717,0.10194979594532827
0,1,0.5366242008483646,0.4633757991516354
1,0,0.4235057339587168,0.5764942660412832
0,1,0.8022185827733543,0.19778141722664566
1,1,0.9154172473074291,0.08458275269257087
1,1,0.9040680490585778,0.09593195094142215
0,1,0.885214954912527,0.114785045087473
1,1,0.684353035801773,0.315646964198227
1,1,0.8721424146538883,0.1278575853461117
1,1,0.9124065239702344,0.08759347602976564
1,1,0.9088669914377754,0.09113300856222462
0,1,0.8709701553034144,0.12902984469658563
0,1,0.7250635080013381,0.2749364919986619
0,0,0.4116539583461797,0.5883460416538203
1,1,0.9067607621844128,0.09323923781558718
1,1,0.8854767129930207,0.11452328700697934
1,1,0.7577533095917935,0.24224669040820646
1,1,0.8977277584641266,0.10227224153587344
1,1,0.8860153702666117,0.1139846297333883
1,1,0.8995551774632798,0.10044482253672016
1,1,0.8704036175408254,0.1295963824591746
1,1,0.8178355879262573,0.18216441207374268
0,1,0.6059686592179042,0.3940313407820958
1,1,0.8970750177980513,0.10292498220194868
1,1,0.8968222180111658,0.1031777819888342
1,1,0.7934159609901263,0.20658403900987365
1,1,0.9046693148802141,0.09533068511978593
1,1,0.8999112132472856,0.10008878675271438
1,1,0.9160441737814407,0.08395582621855935
1,1,0.8508450035213444,0.1491549964786556
1,1,0.6907973716355568,0.30920262836444323
1,1,0.8765809715772368,0.1234190284227632
0,1,0.7775747824001848,0.22242521759981515
1,1,0.8917083795264491,0.1082916204735509
1,1,0.9282802514394191,0.07171974856058094
0,1,0.8876956035070453,0.11230439649295465
1,1,0.9098123689774321,0.09018763102256788
1,1,0.9013551071021687,0.0986448928978313
1,0,0.4852288101285489,0.5147711898714511
1,1,0.9011937733915403,0.09880622660845972
1,1,0.563720787401467,0.436279212598533
1,1,0.6501815991461458,0.3498184008538542
1,1,0.9273489273862898,0.07265107261371018
1,1,0.9017484530163477,0.09825154698365235
1,1,0.7230572473719534,0.2769427526280466
1,0,0.3628377245984505,0.6371622754015496
1,1,0.8738463922562777,0.1261536077437223
1,1,0.9343246529823906,0.06567534701760935
1,1,0.9027882159660251,0.0972117840339749
0,1,0.8898865233299356,0.11011347667006444
1,1,0.9083365078673833,0.09166349213261671
1,1,0.9080975279245777,0.09190247207542235
0,1,0.9099713119118988,0.09002868808810116
0,1,0.6761932043438817,0.32380679565611825
1,1,0.8889176955547382,0.11108230444526179
1,1,0.905803006334272,0.09419699366572798
0,1,0.8849312275038814,0.11506877249611858
0,0,0.3819332034964714,0.6180667965035286
1,1,0.7372832857089696,0.2627167142910304
1,1,0.8948990231805164,0.1051009768194836
1,1,0.6679660954592376,0.3320339045407624
1,1,0.9131466409155466,0.08685335908445335
0,1,0.5759805031410106,0.42401949685898943
1,1,0.6011768063627225,0.3988231936372775
1,1,0.5868121700894927,0.4131878299105073
1,1,0.88642636638627,0.11357363361372996
1,1,0.5991159934393007,0.40088400656069934
1,1,0.8947146355514313,0.10528536444856873
1,1,0.8869352363176897,0.11306476368231033
1,1,0.8979678090727735,0.10203219092722648
1,1,0.9101285522298401,0.08987144777015987
1,1,0.8801987412802329,0.1198012587197671
0,1,0.9301943083146132,0.06980569168538675
1,0,0.48993543862092953,0.5100645613790704
1,1,0.8727956121945603,0.12720438780543974
0,1,0.786638252088839,0.21336174791116103
0,1,0.9005313041092337,0.09946869589076635
1,1,0.7198299481172535,0.28017005188274646
1,1,0.910600247454267,0.08939975254573296
1,1,0.8892110830423399,0.11078891695766013
1,1,0.8763478985347867,0.12365210146521333
1,1,0.8974148411747236,0.10258515882527641
0,1,0.8532699151518521,0.14673008484814787
1,1,0.9178339213138911,0.08216607868610892
1,1,0.6825009186435929,0.31749908135640714
1,1,0.9023344571900933,0.09766554280990669
1,1,0.9165842619294434,0.08341573807055658
1,1,0.890049776719644,0.10995022328035597
1,1,0.6952375245807382,0.3047624754192618
1,1,0.5539524190624513,0.4460475809375487
1,1,0.6111710092542741,0.38882899074572586
1,0,0.4367778716556256,0.5632221283443744
0,1,0.5576835884390027,0.4423164115609973
1,1,0.8708675645174009,0.12913243548259912
0,1,0.8745809133412118,0.1254190866587882
1,0,0.471880221180284,0.5281197788197161
1,1,0.6822879651165968,0.31771203488340316
1,1,0.9047907168895598,0.09520928311044019
1,0,0.42512599050156236,0.5748740094984377
1,1,0.9090561191755332,0.0909438808244668
1,1,0.8975932311809534,0.10240676881904665
1,1,0.5841368452818304,0.4158631547181696
0,0,0.4431980623255865,0.5568019376744135
1,1,0.9022396152820432,0.09776038471795678
1,1,0.9499272405554241,0.0500727594445759
1,0,0.34594231211261856,0.6540576878873814
1,0,0.447012786018311,0.5529872139816889
1,1,0.8487854433394498,0.15121455666055017
0,0,0.4473736279008836,0.5526263720991165
1,1,0.8994940448152862,0.10050595518471384
0,1,0.6236932890285994,0.37630671097140056
0,1,0.6883874870252296,0.31161251297477044
1,1,0.8764287796860359,0.12357122031396406
1,1,0.8872684759567864,0.11273152404321363
1,1,0.9001012639198915,0.09989873608010846
1,0,0.2825571076937733,0.7174428923062267
0,1,0.9090405080245189,0.09095949197548114
1,0,0.352120163401311,0.647879836598689
1,0,0.39174683403614297,0.608253165963857
1,1,0.8999576542122797,0.10004234578772031
1,1,0.8481842023041365,0.1518157976958635
1,1,0.8961528307723927,0.10384716922760728
1,1,0.9168487320135869,0.08315126798641315
1,1,0.8040549843776568,0.19594501562234323
1,1,0.8920042301728043,0.10799576982719572
0,1,0.8505767825213294,0.1494232174786706
0,1,0.9152614429588006,0.08473855704119937
1,1,0.9191212711547473,0.08087872884525271
1,1,0.8896634905916099,0.11033650940839013
1,1,0.9088720167498598,0.09112798325014015
0,1,0.9053316443811225,0.09466835561887754
1,0,0.4972163274982877,0.5027836725017123
0,1,0.9073019101155176,0.09269808988448236
1,1,0.6715938635672003,0.3284061364327997
1,1,0.9060667002351903,0.09393329976480969
1,1,0.8919830222899051,0.10801697771009489
1,1,0.6702767000286436,0.3297232999713564
1,1,0.8419366436467469,0.15806335635325308
1,1,0.8826992501475901,0.1173007498524099
1,1,0.8428824916839256,0.1571175083160744
1,1,0.8479617049594522,0.15203829504054778
0,1,0.8017221181160818,0.19827788188391815
1,1,0.7442778272519427,0.2557221727480573
1,1,0.9132710053087489,0.08672899469125106
1,0,0.4265935313400893,0.5734064686599107
1,1,0.5881886759823264,0.4118113240176736
1,1,0.5081137812985509,0.4918862187014491
1,0,0.4967830224461496,0.5032169775538504
0,1,0.5745746409557013,0.4254253590442987
1,1,0.8668050428468858,0.13319495715311425
1,1,0.8743311640291527,0.12566883597084733
1,1,0.73632966802844,0.26367033197156
1,1,0.9067633699206815,0.09323663007931848
0,1,0.5507798793085346,0.44922012069146544
1,1,0.8885778941350854,0.11142210586491463
0,1,0.8866849238750133,0.1133150761249867
1,1,0.9088224629110263,0.09117753708897369
0,1,0.5189321737693119,0.4810678262306881
1,1,0.8990579719812231,0.10094202801877694
1,1,0.9279749734218782,0.07202502657812182
0,0,0.39292907395462867,0.6070709260453713
0,1,0.7586199632887213,0.24138003671127872
1,1,0.638818445136223,0.361181554863777
0,0,0.35241147060803,0.64758852939197
1,1,0.8758122879086484,0.1241877120913516
0,1,0.6364838506242468,0.36351614937575316
1,1,0.9415014507676992,0.0584985492323008
1,1,0.9071510548278794,0.09284894517212061
1,0,0.3965524726643537,0.6034475273356463
0,1,0.8917375193076601,0.1082624806923399
1,1,0.8972463978671473,0.10275360213285267
1,1,0.9008963513240502,0.09910364867594978
1,1,0.9133831183303522,0.08661688166964776
1,0,0.43925730798962553,0.5607426920103744
0,1,0.748651495330947,0.251348504669053
1,1,0.8957452042173419,0.10425479578265806
0,1,0.5830497088475765,0.41695029115242355
0,1,0.5111560290118032,0.48884397098819676
0,1,0.5294052141840101,0.4705947858159899
0,1,0.9456748940280215,0.05432510597197848
0,1,0.875491025439777,0.12450897456022303
1,0,0.46071690786876296,0.539283092131237
1,1,0.8981904292865059,0.10180957071349406
0,0,0.40648436213766703,0.593515637862333
1,1,0.7333696891722783,0.2666303108277217
1,1,0.9056412259129442,0.09435877408705584
1,1,0.5232088390260933,0.4767911609739067
1,1,0.8898481260148499,0.11015187398515014
0,1,0.6229728660144035,0.3770271339855965
1,0,0.41149719024054754,0.5885028097594525
1,1,0.5866172912707007,0.4133827087292993
1,0,0.34310743777921826,0.6568925622207817
1,1,0.938260524737149,0.06173947526285095
1,0,0.46251076371985067,0.5374892362801493
1,1,0.6895425106170084,0.31045748938299156
1,1,0.8547971906113222,0.1452028093886778
1,1,0.5493215947613109,0.4506784052386891
1,1,0.8515755417596814,0.14842445824031858
0,1,0.8692305523941739,0.1307694476058261
0,1,0.8952270112113765,0.10477298878862351
0,0,0.3451746589633196,0.6548253410366804
1,1,0.5313072389020663,0.4686927610979337
1,1,0.9292717733150713,0.07072822668492873
1,1,0.906521165142526,0.09347883485747399
1,1,0.5089994346821798,0.4910005653178202
1,1,0.8942589572539188,0.1057410427460812
1,1,0.8920845106879078,0.10791548931209216
0,1,0.8702039566648613,0.12979604333513872
0,0,0.495773988326659,0.504226011673341
1,1,0.5421964250629016,0.45780357493709845
0,1,0.5495390047550335,0.4504609952449665
1,1,0.9088986007497072,0.09110139925029281
0,0,0.3749755393835515,0.6250244606164486
1,1,0.893476587062462,0.10652341293753798
1,1,0.9115267525776518,0.08847324742234819
1,1,0.9043556353751881,0.09564436462481185
0,1,0.5577964726907502,0.44220352730924983
1,1,0.5179026256116431,0.48209737438835687
1,1,0.9172330129035681,0.08276698709643193
1,1,0.9289151430543011,0.07108485694569888
0,1,0.5621996561944725,0.43780034380552746
1,1,0.9043308039146862,0.09566919608531377
1,1,0.8963860112438705,0.10361398875612948
1,1,0.8921631208009948,0.1078368791990052
1,1,0.9324571616398879,0.0675428383601121
0,0,0.3925967379985703,0.6074032620014297
0,1,0.5138472660336526,0.4861527339663474
1,1,0.5124466499767585,0.4875533500232415
1,1,0.8490117394236514,0.15098826057634862
1,1,0.8776286055445887,0.12237139445541134
1,1,0.8992104836631046,0.10078951633689537
1,1,0.899802806043646,0.10019719395635396
1,0,0.4036889837554276,0.5963110162445724
1,1,0.9024488055115852,0.09755119448841476
1,1,0.9007234174563254,0.09927658254367455
1,1,0.9017227292723907,0.09827727072760928
0,1,0.5867542048813327,0.4132457951186673
1,1,0.8685342902958085,0.13146570970419147
0,0,0.4877056266918334,0.5122943733081666
0,1,0.5678639891740788,0.43213601082592124
1,1,0.8985540341270615,0.10144596587293853
1,1,0.8413277126612293,0.1586722873387707
1,1,0.9329012473391936,0.06709875266080645
1,1,0.8095054122408104,0.1904945877591896
1,1,0.8858766008264346,0.1141233991735654
0,0,0.4552810576353089,0.5447189423646911
0,0,0.4810895269572999,0.5189104730427001
0,1,0.6251474815978368,0.37485251840216316
1,0,0.473596691856208,0.526403308143792
1,0,0.34635104780965364,0.6536489521903464
1,1,0.9328437335300686,0.06715626646993145
1,1,0.6853761852885696,0.3146238147114304
1,1,0.8809589330902955,0.11904106690970451
1,1,0.8908552595314324,0.10914474046856759
0,1,0.7318344958338984,0.26816550416610163
0,1,0.5046246989396342,0.49537530106036576
1,1,0.8888921828820565,0.11110781711794349
0,1,0.9136520308859212,0.08634796911407883
0,0,0.48207249450134115,0.5179275054986588
1,1,0.8763261911089899,0.1236738088910101
1,1,0.5778616323253328,0.42213836767466717
1,1,0.9028559098436949,0.0971440901563051
1,1,0.876395851750535,0.12360414824946497
1,1,0.8939603291273174,0.10603967087268262
1,1,0.7074580487670763,0.2925419512329237
1,1,0.9081853660167858,0.09181463398321421
1,0,0.3602510011829081,0.6397489988170919
1,1,0.8781239274284649,0.1218760725715351
1,1,0.6665876073073564,0.33341239269264356
0,1,0.9251273534463262,0.07487264655367376
1,1,0.8820792328574967,0.11792076714250332
1,1,0.8548660306205483,0.14513396937945167
1,1,0.8617344669697844,0.1382655330302156
1,1,0.9113701856005324,0.0886298143994676
1,1,0.6740835093502613,0.3259164906497387
1,1,0.8915330684193808,0.10846693158061915
1,1,0.6792019328955544,0.3207980671044456
1,1,0.5198112780723055,0.48018872192769446
1,1,0.6198527440514198,0.38014725594858023
1,1,0.553216548150523,0.446783451849477
1,1,0.8920455596339639,0.10795444036603608
1,1,0.8799514532853342,0.1200485467146658
1,1,0.9411099765484826,0.05889002345151739
1,0,0.4153687364936408,0.5846312635063592
1,1,0.8592598139266996,0.1407401860733004
1,1,0.6718411505620938,0.3281588494379062
1,1,0.8078632775876593,0.1921367224123407
1,0,0.49645987490384264,0.5035401250961573
1,1,0.8859251261354515,0.11407487386454851
1,1,0.6865320495383641,0.3134679504616359
1,0,0.49907777022248007,0.50092222977752
0,1,0.5829964169227232,0.4170035830772768
1,1,0.9041419651151524,0.09585803488484756
1,1,0.7074113916853886,0.2925886083146114
1,0,0.4601786675174041,0.5398213324825959
1,1,0.5706793010973746,0.42932069890262536
1,1,0.8733472000777439,0.1266527999222561
1,1,0.850509335143286,0.14949066485671403
0,1,0.5131404430013858,0.48685955699861416
0,1,0.5267051915764203,0.47329480842357974
0,1,0.6507393430110976,0.3492606569889024
0,0,0.46509863585266165,0.5349013641473384
1,1,0.8792871110296954,0.12071288897030463
1,1,0.9241700761123617,0.07582992388763832
1,1,0.8845216875289257,0.11547831247107432
1,1,0.8770926063870046,0.12290739361299541
1,1,0.8990337618159334,0.10096623818406658
1,1,0.9213233031131782,0.07867669688682177
1,1,0.9176589071309187,0.08234109286908131
1,1,0.667900598064535,0.33209940193546506
1,1,0.9262032425487069,0.0737967574512931
0,1,0.8431059937257875,0.15689400627421246
0,0,0.49808357731060543,0.5019164226893946
1,1,0.5517233739246677,0.44827662607533225
0,0,0.3838920164600715,0.6161079835399286
0,1,0.892152708051517,0.10784729194848297
1,1,0.884180115067701,0.115819884932299
0,1,0.5228644198108352,0.4771355801891648
1,1,0.8662596971501911,0.13374030284980887
1,1,0.8812158362178314,0.1187841637821686
1,0,0.3522584994156214,0.6477415005843786
1,1,0.8869661788506082,0.11303382114939176
1,1,0.9298814287942859,0.07011857120571408
1,1,0.8924852879900438,0.10751471200995621
0,1,0.6433668320936853,0.3566331679063147
1,1,0.9073105346698594,0.09268946533014055
1,1,0.6526687622118268,0.3473312377881732
1,1,0.762993257575927,0.23700674242407305
1,0,0.39488500018198774,0.6051149998180123
0,1,0.5653813063369345,0.4346186936630655
0,0,0.371042911200505,0.6289570887994951
0,1,0.6041328204690194,0.3958671795309806
1,1,0.867895900782027,0.13210409921797295
0,1,0.5920575509411549,0.40794244905884514
1,1,0.8934766935005517,0.1065233064994483
0,1,0.8102045263257867,0.18979547367421334
0,1,0.5821966546309052,0.4178033453690948
1,0,0.42989785694072197,0.5701021430592781
1,1,0.8931360075649699,0.10686399243503009
1,1,0.8942304807848088,0.10576951921519118
1,1,0.5871816009863021,0.4128183990136979
1,1,0.6645864778529174,0.33541352214708264
0,1,0.5493576283470935,0.45064237165290655
0,1,0.568858297248365,0.431141702751635
1,1,0.6947111964927478,0.3052888035072522
1,1,0.8762975811895656,0.12370241881043442
1,1,0.8483317848260471,0.1516682151739529
0,1,0.6892219112233146,0.31077808877668545
0,0,0.43281835893279136,0.5671816410672086
0,0,0.3870305649740459,0.612969435025954
1,0,0.4310342928791871,0.568965707120813
1,1,0.9064365114925405,0.09356348850745955
0,1,0.8965895342899889,0.10341046571001111
1,1,0.8931290483885701,0.1068709516114299
0,1,0.5584302225576475,0.4415697774423525
1,1,0.5671377711418611,0.43286222885813885
1,1,0.5041176033410353,0.4958823966589647
1,1,0.9067764312050081,0.09322356879499194
0,1,0.910887279929019,0.08911272007098103
1,1,0.7762032958203775,0.2237967041796225
1,1,0.5224506281630472,0.4775493718369528
1,0,0.3093479549331447,0.6906520450668553
1,1,0.9034588596544556,0.0965411403455444
1,1,0.8843701436967334,0.11562985630326661
1,1,0.8595439892504861,0.14045601074951386
0,1,0.6893570483515099,0.3106429516484901
1,1,0.5923540644413243,0.4076459355586757
1,1,0.904975774640597,0.09502422535940303
1,1,0.9096491509793592,0.09035084902064083
1,1,0.9100863406704792,0.08991365932952078
1,1,0.8632994305234352,0.13670056947656484
0,1,0.5075339066415443,0.4924660933584557
1,1,0.8342766858151922,0.1657233141848078
0,1,0.9271216959472285,0.07287830405277151
1,1,0.5339569417971196,0.4660430582028804
1,0,0.44789351932244964,0.5521064806775504
0,0,0.4593262288894189,0.5406737711105811
1,1,0.9099440921514764,0.09005590784852358
1,1,0.9070155504285876,0.09298444957141239
1,1,0.8793179995872792,0.12068200041272081
1,1,0.8838151882636488,0.1161848117363512
1,1,0.8744900975706117,0.1255099024293883
1,1,0.9174482206399975,0.08255177936000246
1,1,0.9060538651114792,0.09394613488852077
1,1,0.894931699302764,0.10506830069723605
1,1,0.6830568374665227,0.3169431625334773
1,1,0.8857984622475858,0.11420153775241415
1,1,0.9022440228829061,0.09775597711709394
1,1,0.5888386133804429,0.41116138661955715
1,1,0.6212755870610069,0.37872441293899306
1,1,0.9185862438486566,0.08141375615134339
1,1,0.5753850331087497,0.42461496689125033
0,1,0.57635243983789,0.42364756016211
1,1,0.548689338732241,0.451310661267759
0,1,0.7257081926588862,0.2742918073411138
1,1,0.7131538464264766,0.2868461535735234
1,1,0.89224373953708,0.10775626046291997
1,1,0.9496485633565438,0.050351436643456204
1,0,0.4801051524198764,0.5198948475801236
1,1,0.8861118632361142,0.11388813676388576
1,1,0.9080292378566007,0.09197076214339928
1,1,0.9167629866074832,0.08323701339251677
1,1,0.9053294138582572,0.09467058614174284
1,1,0.888613711171474,0.11138628882852597
1,1,0.8908086924861336,0.10919130751386641
0,0,0.41131903930658803,0.588680960693412
0,0,0.44459403817846366,0.5554059618215363
0,0,0.42301029912729754,0.5769897008727025
1,1,0.5178312395562631,0.4821687604437369
1,1,0.5733745037578023,0.4266254962421977
1,1,0.9085278626008244,0.09147213739917559
1,1,0.8850647959292378,0.11493520407076219
1,1,0.8890532315655856,0.11094676843441442
1,1,0.8633958506042436,0.13660414939575638
1,1,0.9096059695628809,0.09039403043711913
1,1,0.6963132783986359,0.3036867216013641
1,1,0.6663154336691358,0.3336845663308642
1,1,0.9396892235913753,0.0603107764086247
1,1,0.8227405091701073,0.17725949082989267
1,0,0.4005318786092635,0.5994681213907365
0,1,0.9027984073566996,0.09720159264330042
1,1,0.8722567049635581,0.12774329503644188
1,1,0.9020577970229842,0.09794220297701584
0,1,0.5241494902415024,0.47585050975849763
1,1,0.9220521239452557,0.07794787605474429
1,1,0.9066094961509715,0.09339050384902847
1,1,0.8965222977666951,0.10347770223330488
0,0,0.47804726727757035,0.5219527327224296
0,1,0.5469580109422257,0.45304198905777426
1,1,0.571260261523072,0.42873973847692803
1,1,0.9317874169377466,0.06821258306225342
1,1,0.8996909418901554,0.10030905810984458
1,1,0.9268174670099983,0.07318253299000166
1,1,0.5303442629051957,0.46965573709480435
1,1,0.8980635519197548,0.10193644808024516
1,1,0.9108120068975087,0.08918799310249126
1,1,0.7130923303091921,0.28690766969080794
0,1,0.5840505578450426,0.41594944215495744
1,1,0.9104978161147641,0.0895021838852359
1,1,0.59509612068994,0.40490387931006
1,0,0.4545985462701375,0.5454014537298625
1,1,0.8993487441105481,0.1006512558894519
1,1,0.8911989971003057,0.1088010028996943
0,1,0.5693475059212406,0.4306524940787594
1,1,0.6909973421703421,0.30900265782965786
0,1,0.5854805582373352,0.41451944176266475
0,1,0.5958527051179981,0.40414729488200185
1,1,0.5155830296947382,0.48441697030526176
1,1,0.5177622972186936,0.4822377027813064
1,1,0.8981417511502516,0.10185824884974837
1,1,0.877002442161783,0.12299755783821698
0,0,0.4629034661813855,0.5370965338186144
1,1,0.5853601249510776,0.4146398750489224
0,1,0.75725296792815,0.24274703207185
0,1,0.9117599087074811,0.08824009129251886
1,1,0.9023917041897688,0.09760829581023123
0,1,0.5790177980564566,0.4209822019435434
1,1,0.9058809519037532,0.09411904809624683
0,1,0.6201741813796521,0.3798258186203479
1,1,0.9005592185553726,0.09944078144462742
1,1,0.6013746083873363,0.39862539161266375
1,0,0.44529195683473083,0.5547080431652691
1,1,0.9051082754795465,0.09489172452045347
1,1,0.8976757269741517,0.10232427302584834
0,1,0.6347384657918362,0.36526153420816376
1,1,0.90149874943413,0.09850125056587
1,1,0.8631146506164837,0.13688534938351626
0,1,0.8801429851308905,0.11985701486910949
1,0,0.42991169908264676,0.5700883009173532
1,1,0.5537666895616127,0.4462333104383873
1,1,0.8996937382118647,0.10030626178813529
1,1,0.901193067849734,0.09880693215026604
1,1,0.6133307743372804,0.38666922566271955
0,1,0.6469538755332838,0.35304612446671624
1,0,0.4989185204346581,0.5010814795653419
0,1,0.5071110863945876,0.4928889136054124
1,1,0.7006078858168369,0.29939211418316314
1,0,0.3626592537416954,0.6373407462583046
1,1,0.8755989251908133,0.12440107480918672
1,1,0.9105540334688481,0.08944596653115189
1,1,0.6497442545075816,0.35025574549241845
0,1,0.8985138119998151,0.10148618800018494
1,1,0.5457448638540066,0.45425513614599344
1,1,0.9074726352314917,0.09252736476850831
1,1,0.822120139778228,0.17787986022177205
1,0,0.4327525911348422,0.5672474088651578
1,1,0.9021803420124723,0.09781965798752768
1,1,0.5600508356772506,0.43994916432274944
1,1,0.8709921402703963,0.1290078597296037
1,1,0.8917312440268618,0.10826875597313823
1,1,0.7011179538340063,0.2988820461659937
1,1,0.549894896249122,0.450105103750878
1,1,0.9014514605916216,0.09854853940837838
0,1,0.5094021133194222,0.4905978866805778
1,1,0.9074847808735086,0.09251521912649141
0,1,0.5029556282120576,0.49704437178794236
1,1,0.9435082156695263,0.05649178433047375
1,1,0.81206873283771,0.18793126716229003
0,1,0.8733394380087172,0.12666056199128284
1,1,0.5257751956011588,0.4742248043988412
0,1,0.5195948944402775,0.4804051055597225
1,1,0.9174781617159171,0.08252183828408288
1,1,0.5190161950680268,0.48098380493197324
1,1,0.7225163123947188,0.2774836876052812
1,1,0.5925030699461763,0.4074969300538237
1,1,0.9229473578639384,0.07705264213606156
1,1,0.8669584523536438,0.13304154764635623
1,1,0.8825837601824791,0.11741623981752092
1,1,0.8968990420770295,0.10310095792297047
1,1,0.6298635507871959,0.3701364492128041
0,1,0.9151859382704646,0.08481406172953543
0,0,0.46179907263001685,0.5382009273699832
1,1,0.9007577628530087,0.09924223714699132
1,1,0.5700539819752729,0.4299460180247271
1,1,0.5068095597014944,0.49319044029850556
1,1,0.6205869622226315,0.37941303777736846
0,0,0.4374704892579669,0.5625295107420332
1,1,0.8379999333834973,0.16200006661650268
1,1,0.8950624477995203,0.10493755220047973
1,1,0.6598351252920762,0.3401648747079238
1,1,0.7105803751526499,0.28941962484735007
1,1,0.8771795019086891,0.1228204980913109
1,1,0.7894098553544937,0.2105901446455063
1,1,0.9156912044896293,0.08430879551037074
0,1,0.6506098998881131,0.34939010011188687
1,1,0.7414737122060416,0.25852628779395836
1,1,0.9045970500693462,0.09540294993065379
1,1,0.6908371509472256,0.30916284905277436
1,1,0.8703564168311906,0.12964358316880942
1,1,0.8993880215655602,0.10061197843443981
1,0,0.4964663603140551,0.5035336396859449
1,1,0.5056540875013424,0.49434591249865756
1,1,0.9045371507008504,0.09546284929914961
0,1,0.7878638596943868,0.21213614030561323
0,0,0.4494621681876523,0.5505378318123477
1,1,0.8614975561857728,0.13850244381422716
1,1,0.9046441799158662,0.09535582008413379
1,1,0.5180418935740314,0.4819581064259686
0,1,0.5856825601230873,0.4143174398769127
1,1,0.897545998620683,0.10245400137931704
1,1,0.8979694289692088,0.10203057103079116
1,1,0.576638466174477,0.423361533825523
0,1,0.645771627941316,0.35422837205868396
1,1,0.8910547260175742,0.10894527398242582
1,1,0.8999646066933162,0.10003539330668376
0,1,0.5892143787420765,0.4107856212579235
1,1,0.8872249779042707,0.11277502209572932
1,1,0.8827514205256412,0.11724857947435885
1,1,0.5481400644395046,0.4518599355604954
1,1,0.6334186354961256,0.36658136450387435
1,1,0.642567185204963,0.35743281479503697
1,1,0.5362794334521462,0.46372056654785376
1,1,0.8084804052937141,0.19151959470628588
1,1,0.5348735710617408,0.4651264289382592
0,0,0.39207905774644836,0.6079209422535516
0,1,0.7135194540846858,0.28648054591531424
1,1,0.6079774717873426,0.3920225282126574
1,1,0.9036783265552101,0.09632167344478992
1,1,0.5347373284715894,0.4652626715284106
1,1,0.8994114823211824,0.1005885176788176
0,1,0.5359048261335342,0.4640951738664658
0,1,0.526818881715224,0.47318111828477605
1,1,0.8972310722026539,0.10276892779734614
1,1,0.8713559669557013,0.12864403304429872
1,1,0.6977402659764731,0.3022597340235269
1,1,0.9047497559365755,0.09525024406342453
1,1,0.903790097476922,0.09620990252307804
1,1,0.9481239478434427,0.05187605215655733
1,1,0.7979448163554022,0.20205518364459785
1,1,0.8815305527837983,0.11846944721620167
1,1,0.5577827861989764,0.44221721380102363
1,1,0.9037877393130324,0.09621226068696764
1,0,0.47087939889253344,0.5291206011074665
1,1,0.9136566772007446,0.08634332279925538
1,1,0.6113690216987859,0.38863097830121407
1,1,0.9029632960785039,0.0970367039214961
1,1,0.8751712782841392,0.12482872171586079
1,0,0.40824268362890753,0.5917573163710925
1,1,0.8982670465378421,0.10173295346215794
1,0,0.3963577508360336,0.6036422491639664
1,1,0.9257857737446108,0.0742142262553892
1,1,0.5621415883027507,0.43785841169724926
1,1,0.5513516970288076,0.4486483029711924
1,1,0.600683629472703,0.39931637052729696
1,1,0.8977580286626854,0.10224197133731461
1,0,0.41549092508922275,0.5845090749107773
1,1,0.5506086466741434,0.44939135332585656
1,1,0.8833141921050528,0.1166858078949472
1,1,0.5466448593876817,0.4533551406123183
1,0,0.41591031930209266,0.5840896806979073
1,1,0.7422516374756039,0.25774836252439615
1,1,0.9071690286891858,0.09283097131081419
0,1,0.7886097613473734,0.21139023865262663
0,0,0.4161323995096364,0.5838676004903636
1,1,0.8284751754184114,0.17152482458158858
1,0,0.293705536978465,0.706294463021535
1,1,0.8964654643660811,0.1035345356339189
1,1,0.5904292853416673,0.4095707146583327
1,1,0.5712015528937395,0.42879844710626047
1,1,0.911524240490725,0.088475759509275
0,0,0.259196651217429,0.7408033487825709
1,1,0.5689293753798115,0.4310706246201885
1,1,0.8892531067299124,0.11074689327008758
1,1,0.8460855959199401,0.15391440408005985
1,1,0.8930840797088904,0.10691592029110963
0,1,0.5561999969333801,0.44380000306661993
1,1,0.9072303537481821,0.09276964625181794
0,1,0.8935704665604504,0.10642953343954964
0,1,0.5711577765858323,0.42884222341416767
0,1,0.603127086714914,0.396872913285086
1,1,0.6391464447798286,0.3608535552201714
1,0,0.44291297502872257,0.5570870249712774
1,1,0.9009793753359633,0.09902062466403672
1,1,0.923959510862285,0.076040489137715
1,1,0.7051003415405412,0.29489965845945876
1,1,0.8761841005883959,0.12381589941160409
1,1,0.9026139941002012,0.09738600589979884
1,1,0.8468826722994006,0.15311732770059938
1,1,0.586914991220769,0.41308500877923104
1,1,0.8252288449986565,0.17477115500134355
1,1,0.9039260557415029,0.09607394425849713
1,0,0.47396947980598525,0.5260305201940148
0,1,0.570316869520307,0.429683130479693
0,1,0.5088773450845457,0.49112265491545426
1,1,0.901521962172211,0.09847803782778897
0,1,0.5346924038385931,0.46530759616140693
1,1,0.9235504034349674,0.07644959656503258
1,1,0.9075347151742219,0.0924652848257781
1,1,0.5980104487226647,0.40198955127733527
1,1,0.6933505902838469,0.30664940971615307
0,0,0.3791711677584652,0.6208288322415347
1,1,0.6224644930343316,0.3775355069656684
1,1,0.8967222947369681,0.10327770526303193
1,1,0.8921268402858856,0.10787315971411437
1,1,0.5843152646060613,0.4156847353939387
1,1,0.8993943143126871,0.10060568568731287
0,1,0.8066134763413021,0.1933865236586979
1,1,0.8971486547255341,0.10285134527446593
1,1,0.6688347019320334,0.3311652980679666
0,1,0.6292236552619433,0.37077634473805665
1,1,0.5514788263584435,0.4485211736415565
1,1,0.9042963845194003,0.09570361548059969
0,0,0.4967816442674322,0.5032183557325678
0,1,0.5839580535612413,0.4160419464387587
1,1,0.901398114829947,0.09860188517005297
1,1,0.9438903406372133,0.05610965936278667
1,1,0.6226242429680091,0.3773757570319909
0,0,0.35805416083906627,0.6419458391609337
1,1,0.6857849965435973,0.31421500345640274
1,1,0.8990971536032284,0.1009028463967716
0,1,0.5118810890842371,0.48811891091576287
0,1,0.5281696064067511,0.47183039359324885
1,1,0.5480660417922816,0.4519339582077184
1,1,0.85391714254298,0.14608285745702
0,0,0.4355878860902076,0.5644121139097924
1,1,0.5283946826271535,0.4716053173728465
1,1,0.9041290863788989,0.09587091362110112
0,1,0.7702480876690655,0.2297519123309345
1,1,0.8073326359939771,0.1926673640060229
1,1,0.8858824967967843,0.11411750320321568
1,1,0.5749018912576395,0.42509810874236054
0,0,0.46059736996060724,0.5394026300393928
1,1,0.9095345953561977,0.09046540464380226
1,1,0.9207673155700609,0.07923268442993914
1,1,0.9027953668661312,0.09720463313386885
1,1,0.9279390784864521,0.07206092151354793
1,1,0.8904769366433815,0.10952306335661854
1,0,0.38959850710732224,0.6104014928926778
1,1,0.6028668338373429,0.39713316616265715
1,1,0.9089682366069084,0.0910317633930916
0,1,0.6004387135681142,0.3995612864318858
1,1,0.9267489286138499,0.07325107138615006
1,1,0.8888221950429941,0.11117780495700591
0,1,0.5136800213621713,0.4863199786378287
0,1,0.5184763060118346,0.4815236939881654
1,1,0.6470913851770611,0.3529086148229389
1,1,0.9038678524239782,0.09613214757602184
1,0,0.4844508441413416,0.5155491558586585
0,1,0.7145721807413122,0.28542781925868776
0,0,0.3489407863844859,0.6510592136155141
0,0,0.4077448334362768,0.5922551665637232
0,1,0.5477221408918914,0.4522778591081086
0,0,0.41637804290936786,0.5836219570906321
1,1,0.9160115044692181,0.08398849553078191
0,1,0.5717782064754776,0.4282217935245224
0,1,0.8848950417140152,0.11510495828598477
1,1,0.7710253479026143,0.22897465209738566
0,0,0.2866126783062,0.7133873216938
0,0,0.4713058107736527,0.5286941892263473
1,1,0.8912914729140422,0.1087085270859578
1,1,0.5106302311530685,0.4893697688469315
0,1,0.6129092844849805,0.3870907155150195
1,1,0.5976740349922232,0.40232596500777684
1,1,0.719646838538952,0.28035316146104805
1,1,0.9026172280175638,0.09738277198243617
1,1,0.9107619840521022,0.08923801594789782
1,1,0.9249710085425134,0.07502899145748665
0,1,0.9049212503038889,0.09507874969611108
0,1,0.5119612094521829,0.48803879054781707
1,1,0.9294563497920689,0.07054365020793107
0,1,0.5424258910369776,0.4575741089630224
1,1,0.9089514281398586,0.09104857186014137
1,1,0.8979511885164386,0.10204881148356137
1,1,0.9040096739648837,0.09599032603511626
1,1,0.9004910172109396,0.0995089827890604
1,1,0.8940387493010815,0.10596125069891849
1,0,0.4963652101490707,0.5036347898509292
1,1,0.8857013146924767,0.1142986853075233
1,1,0.5744131801320546,0.42558681986794544
0,0,0.48463421493362485,0.5153657850663751
0,1,0.8936843395834111,0.10631566041658891
1,1,0.8934009285287848,0.10659907147121517
1,1,0.7978624791551014,0.20213752084489855
0,0,0.4686568002664966,0.5313431997335034
1,1,0.8384895968945928,0.1615104031054072
0,1,0.9149033365491874,0.08509666345081257
1,1,0.8831047492281443,0.1168952507718557
1,1,0.6530704161661095,0.3469295838338905
1,1,0.8891340913092131,0.11086590869078694
1,0,0.4458364018774374,0.5541635981225626
1,1,0.5625578527702302,0.4374421472297698
1,1,0.9068456468709164,0.0931543531290836
1,0,0.38229703262326387,0.6177029673767361
1,1,0.8930585759030997,0.10694142409690033
1,1,0.8808051353932205,0.11919486460677953
1,1,0.892801460650578,0.10719853934942203
0,1,0.7178854222908775,0.2821145777091225
1,1,0.8978850347300689,0.10211496526993113
1,1,0.7249791621668662,0.2750208378331338
1,1,0.5853231074861229,0.41467689251387707
0,0,0.42578913276187347,0.5742108672381265
0,1,0.6256165020889445,0.3743834979110555
1,1,0.9042049675292496,0.09579503247075039
1,1,0.6108790114370146,0.3891209885629854
1,0,0.3746939459548003,0.6253060540451997
1,1,0.9350730688657308,0.06492693113426917
1,1,0.8831901001311877,0.1168098998688123
1,1,0.911823271041806,0.08817672895819395
1,1,0.8964878789683964,0.10351212103160357
1,1,0.914216398945895,0.08578360105410499
1,1,0.8892128542182538,0.1107871457817462
1,1,0.6284929679638405,0.37150703203615953
1,1,0.6310916493233873,0.36890835067661265
1,1,0.9010040864743853,0.09899591352561465
1,1,0.9063980986658134,0.09360190133418655
0,0,0.4588120126762468,0.5411879873237532
1,1,0.9130210865309776,0.08697891346902242
1,1,0.7390191840491261,0.26098081595087386
1,1,0.8959436951017147,0.10405630489828532
1,1,0.648169115417664,0.351830884582336
1,1,0.9060190094503245,0.09398099054967546
1,1,0.6164237964386668,0.38357620356133315
0,1,0.5450541474361734,0.4549458525638266
0,1,0.5105572304701417,0.4894427695298583
1,1,0.8673319007247339,0.13266809927526613
1,1,0.8897444255282638,0.11025557447173617
1,1,0.8956769063192561,0.10432309368074388
1,1,0.5797220040959894,0.4202779959040106
0,1,0.9176302659970036,0.08236973400299641
1,0,0.29392908519596217,0.7060709148040378
1,1,0.666211038657534,0.33378896134246605
0,1,0.5582995223932332,0.4417004776067668
1,1,0.7453531915407242,0.2546468084592758
1,1,0.9448039966721401,0.0551960033278599
1,1,0.8954969136570428,0.10450308634295724
0,1,0.9140633194336967,0.08593668056630333
1,1,0.9063482221601665,0.09365177783983347
1,1,0.7534299555494034,0.2465700444505966
0,0,0.47626904338412385,0.5237309566158761
0,1,0.6624959982758302,0.33750400172416983
1,1,0.9265548910178709,0.07344510898212908
1,1,0.8815711098743487,0.11842889012565128
1,1,0.8902627413190233,0.10973725868097672
1,1,0.9142912006520071,0.08570879934799291
1,0,0.3968122025558399,0.6031877974441602
1,1,0.6821615617772246,0.31783843822277535
1,1,0.6498662168613849,0.3501337831386151
1,1,0.5262199406587379,0.4737800593412621
1,1,0.9163970801287525,0.08360291987124746
0,1,0.7479087244975098,0.2520912755024902
1,1,0.9341034403353391,0.0658965596646609
1,1,0.5650623715458456,0.4349376284541544
1,1,0.5364217017413119,0.4635782982586881
1,1,0.5643172527947672,0.4356827472052328
0,1,0.8848397507030408,0.11516024929695923
1,1,0.92961108025125,0.07038891974874995
1,1,0.9050637517102382,0.09493624828976177
0,1,0.5243071440108851,0.4756928559891149
1,1,0.7695696429518707,0.2304303570481293
0,1,0.906861070721122,0.09313892927887801
1,1,0.6640448604162325,0.33595513958376755
1,1,0.7717516645466358,0.2282483354533642
0,1,0.6983255714162918,0.3016744285837082
1,0,0.4707432349578912,0.5292567650421087
0,1,0.5019312306129694,0.4980687693870306
1,1,0.8553468559946461,0.1446531440053539
1,0,0.4680647227718233,0.5319352772281767
1,1,0.8690599862874592,0.13094001371254083
1,0,0.3817610373795912,0.6182389626204088
0,1,0.5967089035151908,0.4032910964848092
1,1,0.8817479144652178,0.11825208553478217
1,1,0.6280067919937954,0.3719932080062046
1,0,0.475792892288525,0.5242071077114749
1,0,0.48538885806478177,0.5146111419352182
1,0,0.48520203796730527,0.5147979620326948
0,1,0.5962958899640929,0.4037041100359071
0,1,0.9128722900264079,0.0871277099735921
1,1,0.9185639047617096,0.08143609523829043
1,1,0.8266421390592832,0.1733578609407168
1,1,0.9212305866943484,0.07876941330565157
0,0,0.2980059034653001,0.7019940965346999
1,1,0.9355917810219774,0.06440821897802262
1,1,0.9322251591076508,0.0677748408923492
1,1,0.8961653329925586,0.10383466700744137
1,1,0.874296541321805,0.125703458678195
0,0,0.38514327680974414,0.6148567231902559
1,1,0.5677268605573206,0.4322731394426794
0,1,0.6291446341871199,0.37085536581288014
0,1,0.5246436589109809,0.47535634108901914
1,1,0.6196652575711776,0.38033474242882237
1,1,0.8810280369435284,0.11897196305647162
1,1,0.7529902823388057,0.24700971766119428
0,0,0.41265047474677746,0.5873495252532226
1,1,0.7543107576028828,0.2456892423971172
1,1,0.848246563801059,0.151753436198941
1,1,0.917463817467875,0.08253618253212502
1,1,0.9318392844333432,0.06816071556665682
1,1,0.8905062991933215,0.10949370080667853
0,1,0.5667106410365785,0.43328935896342147
1,1,0.8736214118992728,0.12637858810072722
1,1,0.5615727416660495,0.43842725833395046
1,1,0.747486168492244,0.25251383150775597
1,0,0.43119870708162056,0.5688012929183794
1,0,0.4366967390156721,0.5633032609843279
0,1,0.6064446583845952,0.39355534161540484
1,1,0.9064531719042239,0.09354682809577608
1,1,0.885355268714771,0.114644731285229
1,1,0.8957879786296137,0.10421202137038632
0,1,0.5764435722613854,0.42355642773861457
1,1,0.8455684421514224,0.15443155784857765
1,1,0.8551294039104499,0.1448705960895501
1,1,0.9051134714165965,0.09488652858340352
1,1,0.9088330337015956,0.09116696629840437
1,0,0.3403670486003466,0.6596329513996534
0,1,0.8951948269954001,0.1048051730045999
1,1,0.8885968149222173,0.11140318507778268
1,1,0.8638850925307223,0.13611490746927768
1,1,0.864005939634967,0.13599406036503303
1,0,0.33734133853590825,0.6626586614640917
1,1,0.9163304139198277,0.08366958608017228
1,1,0.8970094219743571,0.10299057802564293
1,1,0.9077298486623994,0.09227015133760064
0,0,0.32541276361483723,0.6745872363851628
1,1,0.9063921206510231,0.09360787934897685
0,1,0.6478461584472978,0.35215384155270224
1,1,0.9131232193068268,0.08687678069317317
1,1,0.9079854164569289,0.09201458354307113
1,1,0.9028400405458284,0.09715995945417155
0,0,0.4851581605917975,0.5148418394082025
1,1,0.921347601704006,0.07865239829599402
1,1,0.7347535489126166,0.26524645108738343
1,0,0.286441686974839,0.713558313025161
1,1,0.888729688998066,0.11127031100193396
0,1,0.8705167142216769,0.12948328577832313
1,1,0.9106917373468243,0.08930826265317571
1,1,0.8774601734257987,0.12253982657420126
1,1,0.8721807576888544,0.1278192423111456
0,1,0.540175510700596,0.459824489299404
0,0,0.3425194302610383,0.6574805697389616
1,1,0.8777609800325533,0.12223901996744668
0,1,0.5302804198954973,0.46971958010450265
1,1,0.9143679428551823,0.0856320571448177
0,0,0.4796284021135121,0.5203715978864879
0,0,0.4692560338606422,0.5307439661393578
0,0,0.30765274478760235,0.6923472552123977
0,1,0.6207015040761259,0.3792984959238741
0,0,0.4139584905218752,0.5860415094781248
1,1,0.7235088981966079,0.2764911018033921
0,1,0.9313574541674168,0.06864254583258322
1,1,0.5100095480951752,0.4899904519048248
1,1,0.6264097417756745,0.37359025822432546
1,1,0.8877713018713801,0.11222869812861991
1,1,0.8108539569997159,0.18914604300028415
1,1,0.8582191909176066,0.14178080908239343
1,1,0.52580181435075,0.47419818564925
1,1,0.8871758832111666,0.11282411678883342
0,0,0.42599425761716014,0.5740057423828399
1,1,0.5936319550473176,0.4063680449526824
1,0,0.49681632275568766,0.5031836772443123
0,0,0.4495165193738748,0.5504834806261252
1,0,0.4799886941124376,0.5200113058875624
1,1,0.8961957100938712,0.10380428990612878
1,1,0.6790860046065265,0.32091399539347354
1,1,0.8966046863122211,0.10339531368777888
1,1,0.9026042306985038,0.09739576930149618
0,0,0.4761898169005546,0.5238101830994454
1,1,0.8876432881272769,0.11235671187272311
0,1,0.8537186321443766,0.1462813678556234
1,1,0.824442262566704,0.17555773743329595
0,0,0.4876596672377241,0.512340332762276
1,1,0.8946633261629364,0.10533667383706358
1,1,0.8973942555520319,0.1026057444479681
1,1,0.8989123316244146,0.10108766837558536
1,0,0.45701595540578477,0.5429840445942152
1,0,0.4933567369629503,0.5066432630370497
0,0,0.4532255722790352,0.5467744277209647
1,1,0.8862045486402526,0.11379545135974745
0,1,0.8858251927650607,0.11417480723493934
1,1,0.680647492799381,0.31935250720061903
0,0,0.46935257236855743,0.5306474276314426
0,1,0.5420147045053689,0.4579852954946311
0,0,0.3931681784239154,0.6068318215760846
1,1,0.6835404161952776,0.3164595838047224
0,1,0.9023344292136227,0.09766557078637728
1,0,0.4006226645165041,0.5993773354834959
1,1,0.9001259338566622,0.09987406614333783
1,1,0.9351279726767453,0.0648720273232547
0,1,0.8193515445212854,0.18064845547871455
1,1,0.6005021542193888,0.3994978457806112
1,1,0.9065302292440994,0.09346977075590057
1,1,0.8907797135531794,0.10922028644682058
1,0,0.49338274488428363,0.5066172551157164
1,1,0.8790760126703601,0.12092398732963994
1,1,0.8994686979263421,0.1005313020736579
1,1,0.8835820236973736,0.1164179763026264
1,1,0.8585033002945175,0.1414966997054825
0,0,0.4910776373926323,0.5089223626073677
0,0,0.3738775873336177,0.6261224126663822
1,1,0.8771098375334452,0.12289016246655482
1,1,0.8892679001397822,0.11073209986021781
1,1,0.91596969633012,0.08403030366987996
0,0,0.48316675444653007,0.5168332455534699
1,1,0.573812071733035,0.42618792826696505
1,1,0.8795139463462035,0.1204860536537965
0,1,0.6145521192670467,0.38544788073295333
1,1,0.804072211811118,0.195927788188882
1,1,0.9111488188711022,0.08885118112889778
1,1,0.8940288437028119,0.10597115629718812
0,1,0.7127605002641773,0.28723949973582275
1,1,0.7862824966271657,0.21371750337283435
0,0,0.4590342926446974,0.5409657073553026
1,1,0.8871479146253338,0.11285208537466618
1,1,0.9021360427216376,0.09786395727836239
1,1,0.6210472850779886,0.37895271492201144
1,0,0.4044318002302726,0.5955681997697274
0,0,0.48493121115953997,0.51506878884046
1,1,0.9483459209761249,0.05165407902387509
0,1,0.89624767608388,0.10375232391611999
1,1,0.857304858586164,0.142695141413836
1,1,0.8919303825602448,0.10806961743975518
0,1,0.8993255756723963,0.10067442432760365
1,1,0.8245453451035324,0.1754546548964676
1,0,0.40376539362711983,0.5962346063728802
1,1,0.8701467697060192,0.12985323029398077
1,1,0.9274159816886016,0.07258401831139838
1,1,0.8962643891907295,0.10373561080927052
0,0,0.4078363295501996,0.5921636704498003
1,1,0.538786537407954,0.461213462592046
1,1,0.6540444874609764,0.34595551253902357
1,1,0.8699345726457169,0.13006542735428306
0,1,0.6506786107066995,0.3493213892933005
1,1,0.8987045130346584,0.10129548696534163
1,1,0.8620644275413939,0.1379355724586061
1,0,0.4715419191318922,0.5284580808681079
1,1,0.905346096324594,0.09465390367540605
1,1,0.8809757289344069,0.1190242710655931
1,1,0.7202392678298168,0.27976073217018316
1,1,0.9128731844762775,0.08712681552372248
1,1,0.5482553581979286,0.4517446418020714
1,1,0.9447696475288623,0.05523035247113772
1,1,0.94822770642813,0.051772293571869965
0,1,0.6355059760864238,0.3644940239135762
0,0,0.4763648596412659,0.523635140358734
0,1,0.5619549168082324,0.4380450831917676
1,1,0.9173101384447389,0.08268986155526115
1,1,0.9313866003496892,0.06861339965031077
0,1,0.6922293421271821,0.3077706578728179
1,1,0.6099119629058606,0.3900880370941394
1,1,0.9021234018168619,0.0978765981831381
1,1,0.8904719283874591,0.10952807161254086
0,0,0.48037358045763995,0.5196264195423601
0,1,0.6813784114028921,0.3186215885971079
1,1,0.9118667966816489,0.08813320331835106
1,1,0.8487642387020116,0.15123576129798844
1,1,0.8798456633261879,0.12015433667381215
